v -195.621 -55.8343 -45.9811 0 0 0
v -195.621 -55.8343 -45.9811 0 0 0
v -195.621 -55.8343 -45.9811 0 0 0
v -195.621 -55.8343 -45.9811 0 0 0
v -195.621 -55.8343 -45.9811 0 0 0
v -195.621 -56.1343 -40.9811 0 0 0
v -195.621 -55.8343 -45.9811 0 0 0
v -190.621 -55.6843 -45.9811 0 0 0
v -195.621 -56.1343 -40.9811 0 0 0
v -195.621 -56.1343 -40.9811 0 0 0
v -190.621 -55.6843 -45.9811 0 0 0
v -190.621 -55.8343 -40.9811 0 0 0
v -190.621 -55.6843 -45.9811 0 0 0
v -185.621 -55.5343 -45.9811 0 0 0
v -190.621 -55.8343 -40.9811 0 0 0
v -190.621 -55.8343 -40.9811 0 0 0
v -185.621 -55.5343 -45.9811 0 0 0
v -185.621 -55.4342 -40.9811 0 0 0
v -185.621 -55.5343 -45.9811 0 0 0
v -180.621 -55.3344 -45.9811 0 0 0
v -185.621 -55.4342 -40.9811 0 0 0
v -185.621 -55.4342 -40.9811 0 0 0
v -180.621 -55.3344 -45.9811 0 0 0
v -180.621 -55.4342 -40.9811 0 0 0
v -180.621 -55.3344 -45.9811 0 0 0
v -175.621 -55.1843 -45.9811 0 0 0
v -180.621 -55.4342 -40.9811 0 0 0
v -180.621 -55.4342 -40.9811 0 0 0
v -175.621 -55.1843 -45.9811 0 0 0
v -175.621 -55.1342 -40.9811 0 0 0
v -175.621 -55.1843 -45.9811 0 0 0
v -170.621 -54.2342 -45.9811 0 0 0
v -175.621 -55.1342 -40.9811 0 0 0
v -175.621 -55.1342 -40.9811 0 0 0
v -170.621 -54.2342 -45.9811 0 0 0
v -170.621 -55.0341 -40.9811 0 0 0
v -170.621 -54.2342 -45.9811 0 0 0
v -165.621 -53.3343 -45.9811 0 0 0
v -170.621 -55.0341 -40.9811 0 0 0
v -170.621 -55.0341 -40.9811 0 0 0
v -165.621 -53.3343 -45.9811 0 0 0
v -170.621 -54.2342 -45.9811 0 0 0
v -165.621 -53.3343 -45.9811 0 0 0
v -165.621 -53.3343 -45.9811 0 0 0
v -170.621 -54.2342 -45.9811 0 0 0
v -170.621 -54.2342 -45.9811 0 0 0
v -165.621 -53.3343 -45.9811 0 0 0
v -160.621 -51.6842 -40.9811 0 0 0
v -165.621 -53.3343 -45.9811 0 0 0
v -165.621 -53.3343 -45.9811 0 0 0
v -160.621 -51.6842 -40.9811 0 0 0
v -160.621 -51.6842 -40.9811 0 0 0
v -165.621 -53.3343 -45.9811 0 0 0
v -155.621 -49.6343 -40.9811 0 0 0
v -165.621 -53.3343 -45.9811 0 0 0
v -150.621 -48.9343 -45.9811 0 0 0
v -155.621 -49.6343 -40.9811 0 0 0
v -155.621 -49.6343 -40.9811 0 0 0
v -150.621 -48.9343 -45.9811 0 0 0
v -150.621 -48.6343 -40.9811 0 0 0
v -150.621 -48.9343 -45.9811 0 0 0
v -145.621 -46.1343 -45.9811 0 0 0
v -150.621 -48.6343 -40.9811 0 0 0
v -150.621 -48.6343 -40.9811 0 0 0
v -145.621 -46.1343 -45.9811 0 0 0
v -145.621 -46.2342 -40.9811 0 0 0
v -145.621 -46.1343 -45.9811 0 0 0
v -140.621 -44.4341 -45.9811 0 0 0
v -145.621 -46.2342 -40.9811 0 0 0
v -145.621 -46.2342 -40.9811 0 0 0
v -140.621 -44.4341 -45.9811 0 0 0
v -140.621 -44.0344 -40.9811 0 0 0
v -140.621 -44.4341 -45.9811 0 0 0
v -140.621 -44.4341 -45.9811 0 0 0
v -140.621 -44.0344 -40.9811 0 0 0
v -140.621 -44.0344 -40.9811 0 0 0
v -140.621 -44.4341 -45.9811 0 0 0
v -135.621 -43.4343 -40.9811 0 0 0
v -140.621 -44.4341 -45.9811 0 0 0
v -140.621 -44.4341 -45.9811 0 0 0
v -135.621 -43.4343 -40.9811 0 0 0
v -135.621 -43.4343 -40.9811 0 0 0
v -140.621 -44.4341 -45.9811 0 0 0
v -130.621 -43.1344 -40.9811 0 0 0
v -140.621 -44.4341 -45.9811 0 0 0
v -140.621 -44.4341 -45.9811 0 0 0
v -130.621 -43.1344 -40.9811 0 0 0
v -130.621 -43.1344 -40.9811 0 0 0
v -140.621 -44.4341 -45.9811 0 0 0
v -125.621 -43.2342 -40.9811 0 0 0
v -140.621 -44.4341 -45.9811 0 0 0
v -140.621 -44.4341 -45.9811 0 0 0
v -125.621 -43.2342 -40.9811 0 0 0
v -125.621 -43.2342 -40.9811 0 0 0
v -140.621 -44.4341 -45.9811 0 0 0
v -120.621 -42.0342 -40.9811 0 0 0
v -140.621 -44.4341 -45.9811 0 0 0
v -140.621 -44.4341 -45.9811 0 0 0
v -120.621 -42.0342 -40.9811 0 0 0
v -120.621 -42.0342 -40.9811 0 0 0
v -140.621 -44.4341 -45.9811 0 0 0
v -115.621 -37.1842 -40.9811 0 0 0
v -140.621 -44.4341 -45.9811 0 0 0
v -140.621 -44.4341 -45.9811 0 0 0
v -115.621 -37.1842 -40.9811 0 0 0
v -115.621 -37.1842 -40.9811 0 0 0
v -140.621 -44.4341 -45.9811 0 0 0
v -110.621 -35.2842 -40.9811 0 0 0
v -140.621 -44.4341 -45.9811 0 0 0
v -140.621 -44.4341 -45.9811 0 0 0
v -110.621 -35.2842 -40.9811 0 0 0
v -110.621 -35.2842 -40.9811 0 0 0
v -140.621 -44.4341 -45.9811 0 0 0
v -105.621 -33.1342 -40.9811 0 0 0
v -140.621 -44.4341 -45.9811 0 0 0
v -140.621 -44.4341 -45.9811 0 0 0
v -105.621 -33.1342 -40.9811 0 0 0
v -105.621 -33.1342 -40.9811 0 0 0
v -140.621 -44.4341 -45.9811 0 0 0
v -100.621 -31.1343 -40.9811 0 0 0
v -140.621 -44.4341 -45.9811 0 0 0
v -140.621 -44.4341 -45.9811 0 0 0
v -100.621 -31.1343 -40.9811 0 0 0
v -100.621 -31.1343 -40.9811 0 0 0
v -140.621 -44.4341 -45.9811 0 0 0
v -95.6212 -29.5342 -40.9811 0 0 0
v -140.621 -44.4341 -45.9811 0 0 0
v -140.621 -44.4341 -45.9811 0 0 0
v -95.6212 -29.5342 -40.9811 0 0 0
v -95.6212 -29.5342 -40.9811 0 0 0
v -140.621 -44.4341 -45.9811 0 0 0
v -140.621 -44.4341 -45.9811 0 0 0
v -140.621 -44.4341 -45.9811 0 0 0
v -140.621 -44.4341 -45.9811 0 0 0
v -140.621 -44.4341 -45.9811 0 0 0
v -140.621 -44.4341 -45.9811 0 0 0
v -140.621 -44.4341 -45.9811 0 0 0
v -140.621 -44.4341 -45.9811 0 0 0
v -140.621 -44.4341 -45.9811 0 0 0
v -140.621 -44.4341 -45.9811 0 0 0
v -140.621 -44.4341 -45.9811 0 0 0
v -140.621 -44.4341 -45.9811 0 0 0
v -140.621 -44.4341 -45.9811 0 0 0
v -140.621 -44.4341 -45.9811 0 0 0
v -140.621 -44.4341 -45.9811 0 0 0
v -140.621 -44.4341 -45.9811 0 0 0
v -140.621 -44.4341 -45.9811 0 0 0
v -140.621 -44.4341 -45.9811 0 0 0
v -140.621 -44.4341 -45.9811 0 0 0
v -140.621 -44.4341 -45.9811 0 0 0
v -140.621 -44.4341 -45.9811 0 0 0
v -140.621 -44.4341 -45.9811 0 0 0
v -140.621 -44.4341 -45.9811 0 0 0
v -140.621 -44.4341 -45.9811 0 0 0
v -140.621 -44.4341 -45.9811 0 0 0
v -140.621 -44.4341 -45.9811 0 0 0
v -140.621 -44.4341 -45.9811 0 0 0
v -140.621 -44.4341 -45.9811 0 0 0
v -140.621 -44.4341 -45.9811 0 0 0
v -140.621 -44.4341 -45.9811 0 0 0
v -140.621 -44.4341 -45.9811 0 0 0
v -140.621 -44.4341 -45.9811 0 0 0
v -140.621 -44.4341 -45.9811 0 0 0
v -140.621 -44.4341 -45.9811 0 0 0
v -140.621 -44.4341 -45.9811 0 0 0
v -140.621 -44.4341 -45.9811 0 0 0
v -140.621 -44.4341 -45.9811 0 0 0
v -140.621 -44.4341 -45.9811 0 0 0
v -140.621 -44.4341 -45.9811 0 0 0
v -140.621 -44.4341 -45.9811 0 0 0
v -140.621 -44.4341 -45.9811 0 0 0
v -140.621 -44.4341 -45.9811 0 0 0
v -140.621 -44.4341 -45.9811 0 0 0
v -140.621 -44.4341 -45.9811 0 0 0
v -140.621 -44.4341 -45.9811 0 0 0
v -140.621 -44.4341 -45.9811 0 0 0
v -140.621 -44.4341 -45.9811 0 0 0
v -140.621 -44.4341 -45.9811 0 0 0
v -140.621 -44.4341 -45.9811 0 0 0
v -140.621 -44.4341 -45.9811 0 0 0
v -140.621 -44.4341 -45.9811 0 0 0
v -140.621 -44.4341 -45.9811 0 0 0
v -140.621 -44.4341 -45.9811 0 0 0
v -140.621 -44.4341 -45.9811 0 0 0
v -140.621 -44.4341 -45.9811 0 0 0
v -140.621 -44.4341 -45.9811 0 0 0
v -140.621 -44.4341 -45.9811 0 0 0
v -140.621 -44.4341 -45.9811 0 0 0
v -140.621 -44.4341 -45.9811 0 0 0
v -140.621 -44.4341 -45.9811 0 0 0
v -140.621 -44.4341 -45.9811 0 0 0
v -140.621 -44.4341 -45.9811 0 0 0
v -140.621 -44.4341 -45.9811 0 0 0
v -140.621 -44.4341 -45.9811 0 0 0
v -140.621 -44.4341 -45.9811 0 0 0
v -140.621 -44.4341 -45.9811 0 0 0
v -140.621 -44.4341 -45.9811 0 0 0
v -140.621 -44.4341 -45.9811 0 0 0
v -140.621 -44.4341 -45.9811 0 0 0
v -140.621 -44.4341 -45.9811 0 0 0
v -140.621 -44.4341 -45.9811 0 0 0
v -140.621 -44.4341 -45.9811 0 0 0
v -140.621 -44.4341 -45.9811 0 0 0
v -140.621 -44.4341 -45.9811 0 0 0
v -140.621 -44.4341 -45.9811 0 0 0
v -140.621 -44.4341 -45.9811 0 0 0
v -140.621 -44.4341 -45.9811 0 0 0
v -140.621 -44.4341 -45.9811 0 0 0
v -140.621 -44.4341 -45.9811 0 0 0
v -140.621 -44.4341 -45.9811 0 0 0
v -140.621 -44.4341 -45.9811 0 0 0
v -140.621 -44.4341 -45.9811 0 0 0
v -140.621 -44.4341 -45.9811 0 0 0
v -140.621 -44.4341 -45.9811 0 0 0
v -140.621 -44.4341 -45.9811 0 0 0
v -140.621 -44.4341 -45.9811 0 0 0
v -140.621 -44.4341 -45.9811 0 0 0
v -140.621 -44.4341 -45.9811 0 0 0
v -140.621 -44.4341 -45.9811 0 0 0
v -140.621 -44.4341 -45.9811 0 0 0
v -140.621 -44.4341 -45.9811 0 0 0
v -140.621 -44.4341 -45.9811 0 0 0
v -140.621 -44.4341 -45.9811 0 0 0
v -140.621 -44.4341 -45.9811 0 0 0
v -140.621 -44.4341 -45.9811 0 0 0
v -140.621 -44.4341 -45.9811 0 0 0
v -140.621 -44.4341 -45.9811 0 0 0
v -140.621 -44.4341 -45.9811 0 0 0
v -140.621 -44.4341 -45.9811 0 0 0
v -140.621 -44.4341 -45.9811 0 0 0
v -140.621 -44.4341 -45.9811 0 0 0
v -140.621 -44.4341 -45.9811 0 0 0
v -140.621 -44.4341 -45.9811 0 0 0
v -140.621 -44.4341 -45.9811 0 0 0
v -140.621 -44.4341 -45.9811 0 0 0
v -140.621 -44.4341 -45.9811 0 0 0
v -140.621 -44.4341 -45.9811 0 0 0
v -140.621 -44.4341 -45.9811 0 0 0
v -140.621 -44.4341 -45.9811 0 0 0
v -140.621 -44.4341 -45.9811 0 0 0
v -140.621 -44.4341 -45.9811 0 0 0
v -140.621 -44.4341 -45.9811 0 0 0
v -140.621 -44.4341 -45.9811 0 0 0
v -140.621 -44.4341 -45.9811 0 0 0
v -140.621 -44.4341 -45.9811 0 0 0
v -140.621 -44.4341 -45.9811 0 0 0
v -140.621 -44.4341 -45.9811 0 0 0
v -140.621 -44.4341 -45.9811 0 0 0
v -140.621 -44.4341 -45.9811 0 0 0
v -140.621 -44.4341 -45.9811 0 0 0
v -140.621 -44.4341 -45.9811 0 0 0
v -140.621 -44.4341 -45.9811 0 0 0
v -140.621 -44.4341 -45.9811 0 0 0
v -140.621 -44.4341 -45.9811 0 0 0
v -140.621 -44.4341 -45.9811 0 0 0
v -140.621 -44.4341 -45.9811 0 0 0
v -140.621 -44.4341 -45.9811 0 0 0
v -140.621 -44.4341 -45.9811 0 0 0
v -140.621 -44.4341 -45.9811 0 0 0
v -140.621 -44.4341 -45.9811 0 0 0
v -140.621 -44.4341 -45.9811 0 0 0
v -140.621 -44.4341 -45.9811 0 0 0
v -140.621 -44.4341 -45.9811 0 0 0
v -140.621 -44.4341 -45.9811 0 0 0
v -140.621 -44.4341 -45.9811 0 0 0
v -140.621 -44.4341 -45.9811 0 0 0
v -140.621 -44.4341 -45.9811 0 0 0
v -140.621 -44.4341 -45.9811 0 0 0
v -140.621 -44.4341 -45.9811 0 0 0
v -140.621 -44.4341 -45.9811 0 0 0
v -140.621 -44.4341 -45.9811 0 0 0
v -140.621 -44.4341 -45.9811 0 0 0
v -140.621 -44.4341 -45.9811 0 0 0
v -140.621 -44.4341 -45.9811 0 0 0
v -140.621 -44.4341 -45.9811 0 0 0
v -140.621 -44.4341 -45.9811 0 0 0
v -140.621 -44.4341 -45.9811 0 0 0
v -140.621 -44.4341 -45.9811 0 0 0
v -140.621 -44.4341 -45.9811 0 0 0
v -140.621 -44.4341 -45.9811 0 0 0
v -140.621 -44.4341 -45.9811 0 0 0
v -140.621 -44.4341 -45.9811 0 0 0
v -140.621 -44.4341 -45.9811 0 0 0
v -140.621 -44.4341 -45.9811 0 0 0
v -140.621 -44.4341 -45.9811 0 0 0
v -140.621 -44.4341 -45.9811 0 0 0
v -140.621 -44.4341 -45.9811 0 0 0
v -140.621 -44.4341 -45.9811 0 0 0
v -140.621 -44.4341 -45.9811 0 0 0
v -140.621 -44.4341 -45.9811 0 0 0
v -140.621 -44.4341 -45.9811 0 0 0
v -140.621 -44.4341 -45.9811 0 0 0
v -140.621 -44.4341 -45.9811 0 0 0
v -140.621 -44.4341 -45.9811 0 0 0
v -140.621 -44.4341 -45.9811 0 0 0
v -140.621 -44.4341 -45.9811 0 0 0
v -140.621 -44.4341 -45.9811 0 0 0
v -140.621 -44.4341 -45.9811 0 0 0
v -140.621 -44.4341 -45.9811 0 0 0
v -140.621 -44.4341 -45.9811 0 0 0
v -140.621 -44.4341 -45.9811 0 0 0
v -140.621 -44.4341 -45.9811 0 0 0
v -140.621 -44.4341 -45.9811 0 0 0
v -140.621 -44.4341 -45.9811 0 0 0
v -140.621 -44.4341 -45.9811 0 0 0
v -140.621 -44.4341 -45.9811 0 0 0
v -140.621 -44.4341 -45.9811 0 0 0
v -140.621 -44.4341 -45.9811 0 0 0
v -140.621 -44.4341 -45.9811 0 0 0
v -140.621 -44.4341 -45.9811 0 0 0
v -140.621 -44.4341 -45.9811 0 0 0
v -140.621 -44.4341 -45.9811 0 0 0
v -140.621 -44.4341 -45.9811 0 0 0
v -140.621 -44.4341 -45.9811 0 0 0
v -140.621 -44.4341 -45.9811 0 0 0
v -140.621 -44.4341 -45.9811 0 0 0
v -140.621 -44.4341 -45.9811 0 0 0
v -140.621 -44.4341 -45.9811 0 0 0
v -140.621 -44.4341 -45.9811 0 0 0
v -140.621 -44.4341 -45.9811 0 0 0
v -140.621 -44.4341 -45.9811 0 0 0
v -140.621 -44.4341 -45.9811 0 0 0
v -140.621 -44.4341 -45.9811 0 0 0
v -140.621 -44.4341 -45.9811 0 0 0
v -140.621 -44.4341 -45.9811 0 0 0
v -140.621 -44.4341 -45.9811 0 0 0
v -140.621 -44.4341 -45.9811 0 0 0
v -140.621 -44.4341 -45.9811 0 0 0
v -140.621 -44.4341 -45.9811 0 0 0
v -140.621 -44.4341 -45.9811 0 0 0
v -140.621 -44.4341 -45.9811 0 0 0
v -140.621 -44.4341 -45.9811 0 0 0
v -140.621 -44.4341 -45.9811 0 0 0
v -140.621 -44.4341 -45.9811 0 0 0
v -140.621 -44.4341 -45.9811 0 0 0
v -140.621 -44.4341 -45.9811 0 0 0
v -140.621 -44.4341 -45.9811 0 0 0
v -140.621 -44.4341 -45.9811 0 0 0
v -140.621 -44.4341 -45.9811 0 0 0
v -140.621 -44.4341 -45.9811 0 0 0
v -140.621 -44.4341 -45.9811 0 0 0
v -140.621 -44.4341 -45.9811 0 0 0
v -140.621 -44.4341 -45.9811 0 0 0
v -140.621 -44.4341 -45.9811 0 0 0
v -140.621 -44.4341 -45.9811 0 0 0
v -140.621 -44.4341 -45.9811 0 0 0
v -140.621 -44.4341 -45.9811 0 0 0
v -140.621 -44.4341 -45.9811 0 0 0
v -140.621 -44.4341 -45.9811 0 0 0
v -140.621 -44.4341 -45.9811 0 0 0
v -140.621 -44.4341 -45.9811 0 0 0
v -140.621 -44.4341 -45.9811 0 0 0
v -140.621 -44.4341 -45.9811 0 0 0
v -140.621 -44.4341 -45.9811 0 0 0
v -140.621 -44.4341 -45.9811 0 0 0
v -140.621 -44.4341 -45.9811 0 0 0
v -140.621 -44.4341 -45.9811 0 0 0
v -140.621 -44.4341 -45.9811 0 0 0
v -140.621 -44.4341 -45.9811 0 0 0
v -140.621 -44.4341 -45.9811 0 0 0
v -140.621 -44.4341 -45.9811 0 0 0
v -140.621 -44.4341 -45.9811 0 0 0
v -140.621 -44.4341 -45.9811 0 0 0
v -140.621 -44.4341 -45.9811 0 0 0
v -140.621 -44.4341 -45.9811 0 0 0
v -140.621 -44.4341 -45.9811 0 0 0
v -140.621 -44.4341 -45.9811 0 0 0
v -140.621 -44.4341 -45.9811 0 0 0
v -140.621 -44.4341 -45.9811 0 0 0
v -140.621 -44.4341 -45.9811 0 0 0
v -140.621 -44.4341 -45.9811 0 0 0
v -140.621 -44.4341 -45.9811 0 0 0
v -140.621 -44.4341 -45.9811 0 0 0
v -140.621 -44.4341 -45.9811 0 0 0
v -140.621 -44.4341 -45.9811 0 0 0
v -140.621 -44.4341 -45.9811 0 0 0
v -140.621 -44.4341 -45.9811 0 0 0
v -140.621 -44.4341 -45.9811 0 0 0
v -140.621 -44.4341 -45.9811 0 0 0
v -140.621 -44.4341 -45.9811 0 0 0
v -140.621 -44.4341 -45.9811 0 0 0
v -140.621 -44.4341 -45.9811 0 0 0
v -140.621 -44.4341 -45.9811 0 0 0
v -140.621 -44.4341 -45.9811 0 0 0
v -140.621 -44.4341 -45.9811 0 0 0
v -140.621 -44.4341 -45.9811 0 0 0
v -140.621 -44.4341 -45.9811 0 0 0
v -140.621 -44.4341 -45.9811 0 0 0
v -140.621 -44.4341 -45.9811 0 0 0
v -140.621 -44.4341 -45.9811 0 0 0
v -140.621 -44.4341 -45.9811 0 0 0
v -140.621 -44.4341 -45.9811 0 0 0
v -140.621 -44.4341 -45.9811 0 0 0
v -140.621 -44.4341 -45.9811 0 0 0
v -140.621 -44.4341 -45.9811 0 0 0
v -140.621 -44.4341 -45.9811 0 0 0
v -140.621 -44.4341 -45.9811 0 0 0
v -140.621 -44.4341 -45.9811 0 0 0
v -140.621 -44.4341 -45.9811 0 0 0
v -140.621 -44.4341 -45.9811 0 0 0
v -140.621 -44.4341 -45.9811 0 0 0
v -140.621 -44.4341 -45.9811 0 0 0
v -140.621 -44.4341 -45.9811 0 0 0
v -140.621 -44.4341 -45.9811 0 0 0
v -140.621 -44.4341 -45.9811 0 0 0
v -140.621 -44.4341 -45.9811 0 0 0
v -140.621 -44.4341 -45.9811 0 0 0
v -140.621 -44.4341 -45.9811 0 0 0
v -140.621 -44.4341 -45.9811 0 0 0
v -140.621 -44.4341 -45.9811 0 0 0
v -140.621 -44.4341 -45.9811 0 0 0
v -140.621 -44.4341 -45.9811 0 0 0
v -140.621 -44.4341 -45.9811 0 0 0
v -140.621 -44.4341 -45.9811 0 0 0
v -140.621 -44.4341 -45.9811 0 0 0
v -140.621 -44.4341 -45.9811 0 0 0
v -140.621 -44.4341 -45.9811 0 0 0
v -140.621 -44.4341 -45.9811 0 0 0
v -140.621 -44.4341 -45.9811 0 0 0
v -140.621 -44.4341 -45.9811 0 0 0
v -140.621 -44.4341 -45.9811 0 0 0
v -140.621 -44.4341 -45.9811 0 0 0
v -140.621 -44.4341 -45.9811 0 0 0
v -140.621 -44.4341 -45.9811 0 0 0
v -140.621 -44.4341 -45.9811 0 0 0
v -140.621 -44.4341 -45.9811 0 0 0
v -140.621 -44.4341 -45.9811 0 0 0
v -140.621 -44.4341 -45.9811 0 0 0
v -140.621 -44.4341 -45.9811 0 0 0
v -140.621 -44.4341 -45.9811 0 0 0
v -140.621 -44.4341 -45.9811 0 0 0
v -140.621 -44.4341 -45.9811 0 0 0
v -140.621 -44.4341 -45.9811 0 0 0
v -140.621 -44.4341 -45.9811 0 0 0
v -140.621 -44.4341 -45.9811 0 0 0
v -140.621 -44.4341 -45.9811 0 0 0
v -140.621 -44.4341 -45.9811 0 0 0
v -140.621 -44.4341 -45.9811 0 0 0
v -140.621 -44.4341 -45.9811 0 0 0
v -140.621 -44.4341 -45.9811 0 0 0
v -140.621 -44.4341 -45.9811 0 0 0
v -140.621 -44.4341 -45.9811 0 0 0
v -140.621 -44.4341 -45.9811 0 0 0
v -140.621 -44.4341 -45.9811 0 0 0
v -140.621 -44.4341 -45.9811 0 0 0
v -140.621 -44.4341 -45.9811 0 0 0
v -140.621 -44.4341 -45.9811 0 0 0
v -140.621 -44.4341 -45.9811 0 0 0
v -140.621 -44.4341 -45.9811 0 0 0
v -140.621 -44.4341 -45.9811 0 0 0
v -140.621 -44.4341 -45.9811 0 0 0
v -140.621 -44.4341 -45.9811 0 0 0
v -140.621 -44.4341 -45.9811 0 0 0
v -140.621 -44.4341 -45.9811 0 0 0
v -140.621 -44.4341 -45.9811 0 0 0
v -140.621 -44.4341 -45.9811 0 0 0
v -140.621 -44.4341 -45.9811 0 0 0
v -140.621 -44.4341 -45.9811 0 0 0
v -140.621 -44.4341 -45.9811 0 0 0
v -140.621 -44.4341 -45.9811 0 0 0
v -140.621 -44.4341 -45.9811 0 0 0
v -140.621 -44.4341 -45.9811 0 0 0
v -140.621 -44.4341 -45.9811 0 0 0
v -140.621 -44.4341 -45.9811 0 0 0
v -140.621 -44.4341 -45.9811 0 0 0
v -140.621 -44.4341 -45.9811 0 0 0
v -140.621 -44.4341 -45.9811 0 0 0
v -140.621 -44.4341 -45.9811 0 0 0
v -140.621 -44.4341 -45.9811 0 0 0
v -140.621 -44.4341 -45.9811 0 0 0
v -140.621 -44.4341 -45.9811 0 0 0
v -140.621 -44.4341 -45.9811 0 0 0
v -140.621 -44.4341 -45.9811 0 0 0
v -140.621 -44.4341 -45.9811 0 0 0
v -140.621 -44.4341 -45.9811 0 0 0
v -140.621 -44.4341 -45.9811 0 0 0
v -140.621 -44.4341 -45.9811 0 0 0
v -140.621 -44.4341 -45.9811 0 0 0
v -140.621 -44.4341 -45.9811 0 0 0
v -140.621 -44.4341 -45.9811 0 0 0
v -140.621 -44.4341 -45.9811 0 0 0
v -140.621 -44.4341 -45.9811 0 0 0
v -140.621 -44.4341 -45.9811 0 0 0
v -140.621 -44.4341 -45.9811 0 0 0
v -140.621 -44.4341 -45.9811 0 0 0
v -140.621 -44.4341 -45.9811 0 0 0
v -140.621 -44.4341 -45.9811 0 0 0
v -140.621 -44.4341 -45.9811 0 0 0
v -140.621 -44.4341 -45.9811 0 0 0
v -140.621 -44.4341 -45.9811 0 0 0
v -140.621 -44.4341 -45.9811 0 0 0
v -140.621 -44.4341 -45.9811 0 0 0
v -140.621 -44.4341 -45.9811 0 0 0
v -140.621 -44.4341 -45.9811 0 0 0
v -140.621 -44.4341 -45.9811 0 0 0
v -140.621 -44.4341 -45.9811 0 0 0
v -140.621 -44.4341 -45.9811 0 0 0
v -140.621 -44.4341 -45.9811 0 0 0
v -195.621 -55.8343 -45.9811 0 0 0
v -195.621 -56.1343 -40.9811 0 0 0
v -195.621 -55.8343 -45.9811 0 0 0
v -195.621 -55.8343 -45.9811 0 0 0
v -195.621 -56.1343 -40.9811 0 0 0
v -195.621 -55.7343 -35.9811 0 0 0
v -195.621 -56.1343 -40.9811 0 0 0
v -190.621 -55.8343 -40.9811 0 0 0
v -195.621 -55.7343 -35.9811 0 0 0
v -195.621 -55.7343 -35.9811 0 0 0
v -190.621 -55.8343 -40.9811 0 0 0
v -190.621 -55.5343 -35.9811 0 0 0
v -190.621 -55.8343 -40.9811 0 0 0
v -185.621 -55.4342 -40.9811 0 0 0
v -190.621 -55.5343 -35.9811 0 0 0
v -190.621 -55.5343 -35.9811 0 0 0
v -185.621 -55.4342 -40.9811 0 0 0
v -185.621 -55.3344 -35.9811 0 0 0
v -185.621 -55.4342 -40.9811 0 0 0
v -180.621 -55.4342 -40.9811 0 0 0
v -185.621 -55.3344 -35.9811 0 0 0
v -185.621 -55.3344 -35.9811 0 0 0
v -180.621 -55.4342 -40.9811 0 0 0
v -180.621 -55.2343 -35.9811 0 0 0
v -180.621 -55.4342 -40.9811 0 0 0
v -175.621 -55.1342 -40.9811 0 0 0
v -180.621 -55.2343 -35.9811 0 0 0
v -180.621 -55.2343 -35.9811 0 0 0
v -175.621 -55.1342 -40.9811 0 0 0
v -175.621 -55.0341 -35.9811 0 0 0
v -175.621 -55.1342 -40.9811 0 0 0
v -170.621 -55.0341 -40.9811 0 0 0
v -175.621 -55.0341 -35.9811 0 0 0
v -175.621 -55.0341 -35.9811 0 0 0
v -170.621 -55.0341 -40.9811 0 0 0
v -170.621 -54.7842 -35.9811 0 0 0
v -170.621 -55.0341 -40.9811 0 0 0
v -170.621 -54.2342 -45.9811 0 0 0
v -170.621 -54.7842 -35.9811 0 0 0
v -170.621 -54.7842 -35.9811 0 0 0
v -170.621 -54.2342 -45.9811 0 0 0
v -165.621 -53.8343 -35.9811 0 0 0
v -170.621 -54.2342 -45.9811 0 0 0
v -160.621 -51.6842 -40.9811 0 0 0
v -165.621 -53.8343 -35.9811 0 0 0
v -165.621 -53.8343 -35.9811 0 0 0
v -160.621 -51.6842 -40.9811 0 0 0
v -160.621 -53.1342 -35.9811 0 0 0
v -160.621 -51.6842 -40.9811 0 0 0
v -155.621 -49.6343 -40.9811 0 0 0
v -160.621 -53.1342 -35.9811 0 0 0
v -160.621 -53.1342 -35.9811 0 0 0
v -155.621 -49.6343 -40.9811 0 0 0
v -155.621 -51.2344 -35.9811 0 0 0
v -155.621 -49.6343 -40.9811 0 0 0
v -150.621 -48.6343 -40.9811 0 0 0
v -155.621 -51.2344 -35.9811 0 0 0
v -155.621 -51.2344 -35.9811 0 0 0
v -150.621 -48.6343 -40.9811 0 0 0
v -150.621 -49.1842 -35.9811 0 0 0
v -150.621 -48.6343 -40.9811 0 0 0
v -145.621 -46.2342 -40.9811 0 0 0
v -150.621 -49.1842 -35.9811 0 0 0
v -150.621 -49.1842 -35.9811 0 0 0
v -145.621 -46.2342 -40.9811 0 0 0
v -145.621 -46.5344 -35.9811 0 0 0
v -145.621 -46.2342 -40.9811 0 0 0
v -140.621 -44.0344 -40.9811 0 0 0
v -145.621 -46.5344 -35.9811 0 0 0
v -145.621 -46.5344 -35.9811 0 0 0
v -140.621 -44.0344 -40.9811 0 0 0
v -140.621 -45.5343 -35.9811 0 0 0
v -140.621 -44.0344 -40.9811 0 0 0
v -135.621 -43.4343 -40.9811 0 0 0
v -140.621 -45.5343 -35.9811 0 0 0
v -140.621 -45.5343 -35.9811 0 0 0
v -135.621 -43.4343 -40.9811 0 0 0
v -135.621 -44.6343 -35.9811 0 0 0
v -135.621 -43.4343 -40.9811 0 0 0
v -130.621 -43.1344 -40.9811 0 0 0
v -135.621 -44.6343 -35.9811 0 0 0
v -135.621 -44.6343 -35.9811 0 0 0
v -130.621 -43.1344 -40.9811 0 0 0
v -130.621 -42.8841 -35.9811 0 0 0
v -130.621 -43.1344 -40.9811 0 0 0
v -125.621 -43.2342 -40.9811 0 0 0
v -130.621 -42.8841 -35.9811 0 0 0
v -130.621 -42.8841 -35.9811 0 0 0
v -125.621 -43.2342 -40.9811 0 0 0
v -125.621 -40.4342 -35.9811 0 0 0
v -125.621 -43.2342 -40.9811 0 0 0
v -120.621 -42.0342 -40.9811 0 0 0
v -125.621 -40.4342 -35.9811 0 0 0
v -125.621 -40.4342 -35.9811 0 0 0
v -120.621 -42.0342 -40.9811 0 0 0
v -120.621 -38.3843 -35.9811 0 0 0
v -120.621 -42.0342 -40.9811 0 0 0
v -115.621 -37.1842 -40.9811 0 0 0
v -120.621 -38.3843 -35.9811 0 0 0
v -120.621 -38.3843 -35.9811 0 0 0
v -115.621 -37.1842 -40.9811 0 0 0
v -115.621 -34.5342 -35.9811 0 0 0
v -115.621 -37.1842 -40.9811 0 0 0
v -110.621 -35.2842 -40.9811 0 0 0
v -115.621 -34.5342 -35.9811 0 0 0
v -115.621 -34.5342 -35.9811 0 0 0
v -110.621 -35.2842 -40.9811 0 0 0
v -110.621 -31.5344 -35.9811 0 0 0
v -110.621 -35.2842 -40.9811 0 0 0
v -105.621 -33.1342 -40.9811 0 0 0
v -110.621 -31.5344 -35.9811 0 0 0
v -110.621 -31.5344 -35.9811 0 0 0
v -105.621 -33.1342 -40.9811 0 0 0
v -105.621 -32.4844 -35.9811 0 0 0
v -105.621 -33.1342 -40.9811 0 0 0
v -100.621 -31.1343 -40.9811 0 0 0
v -105.621 -32.4844 -35.9811 0 0 0
v -105.621 -32.4844 -35.9811 0 0 0
v -100.621 -31.1343 -40.9811 0 0 0
v -100.621 -29.9343 -35.9811 0 0 0
v -100.621 -31.1343 -40.9811 0 0 0
v -95.6212 -29.5342 -40.9811 0 0 0
v -100.621 -29.9343 -35.9811 0 0 0
v -100.621 -29.9343 -35.9811 0 0 0
v -95.6212 -29.5342 -40.9811 0 0 0
v -95.6212 -28.3343 -35.9811 0 0 0
v -95.6212 -29.5342 -40.9811 0 0 0
v -140.621 -44.4341 -45.9811 0 0 0
v -95.6212 -28.3343 -35.9811 0 0 0
v -95.6212 -28.3343 -35.9811 0 0 0
v -140.621 -44.4341 -45.9811 0 0 0
v -90.6212 -27.6093 -35.9811 0 0 0
v -140.621 -44.4341 -45.9811 0 0 0
v -140.621 -44.4341 -45.9811 0 0 0
v -90.6212 -27.6093 -35.9811 0 0 0
v -90.6212 -27.6093 -35.9811 0 0 0
v -140.621 -44.4341 -45.9811 0 0 0
v -85.6212 -25.5343 -35.9811 0 0 0
v -140.621 -44.4341 -45.9811 0 0 0
v -140.621 -44.4341 -45.9811 0 0 0
v -85.6212 -25.5343 -35.9811 0 0 0
v -85.6212 -25.5343 -35.9811 0 0 0
v -140.621 -44.4341 -45.9811 0 0 0
v -80.6212 -23.9843 -35.9811 0 0 0
v -140.621 -44.4341 -45.9811 0 0 0
v -140.621 -44.4341 -45.9811 0 0 0
v -80.6212 -23.9843 -35.9811 0 0 0
v -80.6212 -23.9843 -35.9811 0 0 0
v -140.621 -44.4341 -45.9811 0 0 0
v -75.6212 -23.2342 -35.9811 0 0 0
v -140.621 -44.4341 -45.9811 0 0 0
v -140.621 -44.4341 -45.9811 0 0 0
v -75.6212 -23.2342 -35.9811 0 0 0
v -75.6212 -23.2342 -35.9811 0 0 0
v -140.621 -44.4341 -45.9811 0 0 0
v -70.6212 -21.6843 -35.9811 0 0 0
v -140.621 -44.4341 -45.9811 0 0 0
v -140.621 -44.4341 -45.9811 0 0 0
v -70.6212 -21.6843 -35.9811 0 0 0
v -70.6212 -21.6843 -35.9811 0 0 0
v -140.621 -44.4341 -45.9811 0 0 0
v -65.6212 -20.2343 -35.9811 0 0 0
v -140.621 -44.4341 -45.9811 0 0 0
v -140.621 -44.4341 -45.9811 0 0 0
v -65.6212 -20.2343 -35.9811 0 0 0
v -65.6212 -20.2343 -35.9811 0 0 0
v -140.621 -44.4341 -45.9811 0 0 0
v -60.6212 -19.4341 -35.9811 0 0 0
v -140.621 -44.4341 -45.9811 0 0 0
v -140.621 -44.4341 -45.9811 0 0 0
v -60.6212 -19.4341 -35.9811 0 0 0
v -60.6212 -19.4341 -35.9811 0 0 0
v -140.621 -44.4341 -45.9811 0 0 0
v -140.621 -44.4341 -45.9811 0 0 0
v -140.621 -44.4341 -45.9811 0 0 0
v -140.621 -44.4341 -45.9811 0 0 0
v -140.621 -44.4341 -45.9811 0 0 0
v -140.621 -44.4341 -45.9811 0 0 0
v -140.621 -44.4341 -45.9811 0 0 0
v -140.621 -44.4341 -45.9811 0 0 0
v -140.621 -44.4341 -45.9811 0 0 0
v -140.621 -44.4341 -45.9811 0 0 0
v -140.621 -44.4341 -45.9811 0 0 0
v -140.621 -44.4341 -45.9811 0 0 0
v -140.621 -44.4341 -45.9811 0 0 0
v -140.621 -44.4341 -45.9811 0 0 0
v -140.621 -44.4341 -45.9811 0 0 0
v -140.621 -44.4341 -45.9811 0 0 0
v -140.621 -44.4341 -45.9811 0 0 0
v -140.621 -44.4341 -45.9811 0 0 0
v -140.621 -44.4341 -45.9811 0 0 0
v -40.6212 -18.2342 -35.9811 0 0 0
v -140.621 -44.4341 -45.9811 0 0 0
v -140.621 -44.4341 -45.9811 0 0 0
v -40.6212 -18.2342 -35.9811 0 0 0
v -40.6212 -18.2342 -35.9811 0 0 0
v -140.621 -44.4341 -45.9811 0 0 0
v -35.6212 -18.4843 -35.9811 0 0 0
v -140.621 -44.4341 -45.9811 0 0 0
v -140.621 -44.4341 -45.9811 0 0 0
v -35.6212 -18.4843 -35.9811 0 0 0
v -35.6212 -18.4843 -35.9811 0 0 0
v -140.621 -44.4341 -45.9811 0 0 0
v -30.6212 -17.7343 -35.9811 0 0 0
v -140.621 -44.4341 -45.9811 0 0 0
v -140.621 -44.4341 -45.9811 0 0 0
v -30.6212 -17.7343 -35.9811 0 0 0
v -30.6212 -17.7343 -35.9811 0 0 0
v -140.621 -44.4341 -45.9811 0 0 0
v -25.6212 -17.9342 -35.9811 0 0 0
v -140.621 -44.4341 -45.9811 0 0 0
v -140.621 -44.4341 -45.9811 0 0 0
v -25.6212 -17.9342 -35.9811 0 0 0
v -25.6212 -17.9342 -35.9811 0 0 0
v -140.621 -44.4341 -45.9811 0 0 0
v -140.621 -44.4341 -45.9811 0 0 0
v -140.621 -44.4341 -45.9811 0 0 0
v -140.621 -44.4341 -45.9811 0 0 0
v -140.621 -44.4341 -45.9811 0 0 0
v -140.621 -44.4341 -45.9811 0 0 0
v -140.621 -44.4341 -45.9811 0 0 0
v -140.621 -44.4341 -45.9811 0 0 0
v -140.621 -44.4341 -45.9811 0 0 0
v -140.621 -44.4341 -45.9811 0 0 0
v -140.621 -44.4341 -45.9811 0 0 0
v -140.621 -44.4341 -45.9811 0 0 0
v -140.621 -44.4341 -45.9811 0 0 0
v -140.621 -44.4341 -45.9811 0 0 0
v -140.621 -44.4341 -45.9811 0 0 0
v -140.621 -44.4341 -45.9811 0 0 0
v -140.621 -44.4341 -45.9811 0 0 0
v -140.621 -44.4341 -45.9811 0 0 0
v -140.621 -44.4341 -45.9811 0 0 0
v -140.621 -44.4341 -45.9811 0 0 0
v -140.621 -44.4341 -45.9811 0 0 0
v -140.621 -44.4341 -45.9811 0 0 0
v -140.621 -44.4341 -45.9811 0 0 0
v -140.621 -44.4341 -45.9811 0 0 0
v -140.621 -44.4341 -45.9811 0 0 0
v -140.621 -44.4341 -45.9811 0 0 0
v -140.621 -44.4341 -45.9811 0 0 0
v -140.621 -44.4341 -45.9811 0 0 0
v -140.621 -44.4341 -45.9811 0 0 0
v -140.621 -44.4341 -45.9811 0 0 0
v -140.621 -44.4341 -45.9811 0 0 0
v -140.621 -44.4341 -45.9811 0 0 0
v -140.621 -44.4341 -45.9811 0 0 0
v -140.621 -44.4341 -45.9811 0 0 0
v -140.621 -44.4341 -45.9811 0 0 0
v -140.621 -44.4341 -45.9811 0 0 0
v -140.621 -44.4341 -45.9811 0 0 0
v -140.621 -44.4341 -45.9811 0 0 0
v -140.621 -44.4341 -45.9811 0 0 0
v -140.621 -44.4341 -45.9811 0 0 0
v -140.621 -44.4341 -45.9811 0 0 0
v -140.621 -44.4341 -45.9811 0 0 0
v -140.621 -44.4341 -45.9811 0 0 0
v -140.621 -44.4341 -45.9811 0 0 0
v -140.621 -44.4341 -45.9811 0 0 0
v -140.621 -44.4341 -45.9811 0 0 0
v -140.621 -44.4341 -45.9811 0 0 0
v -140.621 -44.4341 -45.9811 0 0 0
v -140.621 -44.4341 -45.9811 0 0 0
v -140.621 -44.4341 -45.9811 0 0 0
v -140.621 -44.4341 -45.9811 0 0 0
v -140.621 -44.4341 -45.9811 0 0 0
v -140.621 -44.4341 -45.9811 0 0 0
v -140.621 -44.4341 -45.9811 0 0 0
v -140.621 -44.4341 -45.9811 0 0 0
v -140.621 -44.4341 -45.9811 0 0 0
v -140.621 -44.4341 -45.9811 0 0 0
v -140.621 -44.4341 -45.9811 0 0 0
v -140.621 -44.4341 -45.9811 0 0 0
v -140.621 -44.4341 -45.9811 0 0 0
v -140.621 -44.4341 -45.9811 0 0 0
v -140.621 -44.4341 -45.9811 0 0 0
v -140.621 -44.4341 -45.9811 0 0 0
v -140.621 -44.4341 -45.9811 0 0 0
v -140.621 -44.4341 -45.9811 0 0 0
v -140.621 -44.4341 -45.9811 0 0 0
v -140.621 -44.4341 -45.9811 0 0 0
v -140.621 -44.4341 -45.9811 0 0 0
v -140.621 -44.4341 -45.9811 0 0 0
v -140.621 -44.4341 -45.9811 0 0 0
v -140.621 -44.4341 -45.9811 0 0 0
v -140.621 -44.4341 -45.9811 0 0 0
v -140.621 -44.4341 -45.9811 0 0 0
v -140.621 -44.4341 -45.9811 0 0 0
v -140.621 -44.4341 -45.9811 0 0 0
v -140.621 -44.4341 -45.9811 0 0 0
v -140.621 -44.4341 -45.9811 0 0 0
v -140.621 -44.4341 -45.9811 0 0 0
v -140.621 -44.4341 -45.9811 0 0 0
v -140.621 -44.4341 -45.9811 0 0 0
v -140.621 -44.4341 -45.9811 0 0 0
v -140.621 -44.4341 -45.9811 0 0 0
v -140.621 -44.4341 -45.9811 0 0 0
v -140.621 -44.4341 -45.9811 0 0 0
v -140.621 -44.4341 -45.9811 0 0 0
v -140.621 -44.4341 -45.9811 0 0 0
v -140.621 -44.4341 -45.9811 0 0 0
v -140.621 -44.4341 -45.9811 0 0 0
v -140.621 -44.4341 -45.9811 0 0 0
v -140.621 -44.4341 -45.9811 0 0 0
v -140.621 -44.4341 -45.9811 0 0 0
v -140.621 -44.4341 -45.9811 0 0 0
v -140.621 -44.4341 -45.9811 0 0 0
v -140.621 -44.4341 -45.9811 0 0 0
v -140.621 -44.4341 -45.9811 0 0 0
v -140.621 -44.4341 -45.9811 0 0 0
v -140.621 -44.4341 -45.9811 0 0 0
v -140.621 -44.4341 -45.9811 0 0 0
v -140.621 -44.4341 -45.9811 0 0 0
v -140.621 -44.4341 -45.9811 0 0 0
v -140.621 -44.4341 -45.9811 0 0 0
v -140.621 -44.4341 -45.9811 0 0 0
v -140.621 -44.4341 -45.9811 0 0 0
v -140.621 -44.4341 -45.9811 0 0 0
v -140.621 -44.4341 -45.9811 0 0 0
v -140.621 -44.4341 -45.9811 0 0 0
v -140.621 -44.4341 -45.9811 0 0 0
v -140.621 -44.4341 -45.9811 0 0 0
v -140.621 -44.4341 -45.9811 0 0 0
v -140.621 -44.4341 -45.9811 0 0 0
v -140.621 -44.4341 -45.9811 0 0 0
v -140.621 -44.4341 -45.9811 0 0 0
v -140.621 -44.4341 -45.9811 0 0 0
v -140.621 -44.4341 -45.9811 0 0 0
v -140.621 -44.4341 -45.9811 0 0 0
v -140.621 -44.4341 -45.9811 0 0 0
v -140.621 -44.4341 -45.9811 0 0 0
v -140.621 -44.4341 -45.9811 0 0 0
v -140.621 -44.4341 -45.9811 0 0 0
v -140.621 -44.4341 -45.9811 0 0 0
v -140.621 -44.4341 -45.9811 0 0 0
v -140.621 -44.4341 -45.9811 0 0 0
v -140.621 -44.4341 -45.9811 0 0 0
v -140.621 -44.4341 -45.9811 0 0 0
v -140.621 -44.4341 -45.9811 0 0 0
v -140.621 -44.4341 -45.9811 0 0 0
v -140.621 -44.4341 -45.9811 0 0 0
v -140.621 -44.4341 -45.9811 0 0 0
v -140.621 -44.4341 -45.9811 0 0 0
v -140.621 -44.4341 -45.9811 0 0 0
v -140.621 -44.4341 -45.9811 0 0 0
v -140.621 -44.4341 -45.9811 0 0 0
v -140.621 -44.4341 -45.9811 0 0 0
v -140.621 -44.4341 -45.9811 0 0 0
v -140.621 -44.4341 -45.9811 0 0 0
v -140.621 -44.4341 -45.9811 0 0 0
v -140.621 -44.4341 -45.9811 0 0 0
v -140.621 -44.4341 -45.9811 0 0 0
v -140.621 -44.4341 -45.9811 0 0 0
v -140.621 -44.4341 -45.9811 0 0 0
v -140.621 -44.4341 -45.9811 0 0 0
v -140.621 -44.4341 -45.9811 0 0 0
v -140.621 -44.4341 -45.9811 0 0 0
v -140.621 -44.4341 -45.9811 0 0 0
v -140.621 -44.4341 -45.9811 0 0 0
v -140.621 -44.4341 -45.9811 0 0 0
v -140.621 -44.4341 -45.9811 0 0 0
v -140.621 -44.4341 -45.9811 0 0 0
v -140.621 -44.4341 -45.9811 0 0 0
v -140.621 -44.4341 -45.9811 0 0 0
v -140.621 -44.4341 -45.9811 0 0 0
v -140.621 -44.4341 -45.9811 0 0 0
v -140.621 -44.4341 -45.9811 0 0 0
v -140.621 -44.4341 -45.9811 0 0 0
v -140.621 -44.4341 -45.9811 0 0 0
v -140.621 -44.4341 -45.9811 0 0 0
v -140.621 -44.4341 -45.9811 0 0 0
v -140.621 -44.4341 -45.9811 0 0 0
v -140.621 -44.4341 -45.9811 0 0 0
v -140.621 -44.4341 -45.9811 0 0 0
v -140.621 -44.4341 -45.9811 0 0 0
v -140.621 -44.4341 -45.9811 0 0 0
v -140.621 -44.4341 -45.9811 0 0 0
v -140.621 -44.4341 -45.9811 0 0 0
v -140.621 -44.4341 -45.9811 0 0 0
v -140.621 -44.4341 -45.9811 0 0 0
v -140.621 -44.4341 -45.9811 0 0 0
v -140.621 -44.4341 -45.9811 0 0 0
v -140.621 -44.4341 -45.9811 0 0 0
v -140.621 -44.4341 -45.9811 0 0 0
v -140.621 -44.4341 -45.9811 0 0 0
v -140.621 -44.4341 -45.9811 0 0 0
v -140.621 -44.4341 -45.9811 0 0 0
v -140.621 -44.4341 -45.9811 0 0 0
v -140.621 -44.4341 -45.9811 0 0 0
v -140.621 -44.4341 -45.9811 0 0 0
v -140.621 -44.4341 -45.9811 0 0 0
v -140.621 -44.4341 -45.9811 0 0 0
v -140.621 -44.4341 -45.9811 0 0 0
v -140.621 -44.4341 -45.9811 0 0 0
v -140.621 -44.4341 -45.9811 0 0 0
v -140.621 -44.4341 -45.9811 0 0 0
v -140.621 -44.4341 -45.9811 0 0 0
v -140.621 -44.4341 -45.9811 0 0 0
v -140.621 -44.4341 -45.9811 0 0 0
v -140.621 -44.4341 -45.9811 0 0 0
v -140.621 -44.4341 -45.9811 0 0 0
v -140.621 -44.4341 -45.9811 0 0 0
v -140.621 -44.4341 -45.9811 0 0 0
v -140.621 -44.4341 -45.9811 0 0 0
v -140.621 -44.4341 -45.9811 0 0 0
v -140.621 -44.4341 -45.9811 0 0 0
v -140.621 -44.4341 -45.9811 0 0 0
v -140.621 -44.4341 -45.9811 0 0 0
v -140.621 -44.4341 -45.9811 0 0 0
v -140.621 -44.4341 -45.9811 0 0 0
v -140.621 -44.4341 -45.9811 0 0 0
v -140.621 -44.4341 -45.9811 0 0 0
v -140.621 -44.4341 -45.9811 0 0 0
v -140.621 -44.4341 -45.9811 0 0 0
v -140.621 -44.4341 -45.9811 0 0 0
v -140.621 -44.4341 -45.9811 0 0 0
v -140.621 -44.4341 -45.9811 0 0 0
v -140.621 -44.4341 -45.9811 0 0 0
v -140.621 -44.4341 -45.9811 0 0 0
v -140.621 -44.4341 -45.9811 0 0 0
v -140.621 -44.4341 -45.9811 0 0 0
v -140.621 -44.4341 -45.9811 0 0 0
v -140.621 -44.4341 -45.9811 0 0 0
v -140.621 -44.4341 -45.9811 0 0 0
v -140.621 -44.4341 -45.9811 0 0 0
v -140.621 -44.4341 -45.9811 0 0 0
v -140.621 -44.4341 -45.9811 0 0 0
v -140.621 -44.4341 -45.9811 0 0 0
v -140.621 -44.4341 -45.9811 0 0 0
v -140.621 -44.4341 -45.9811 0 0 0
v -140.621 -44.4341 -45.9811 0 0 0
v -140.621 -44.4341 -45.9811 0 0 0
v -140.621 -44.4341 -45.9811 0 0 0
v -140.621 -44.4341 -45.9811 0 0 0
v -140.621 -44.4341 -45.9811 0 0 0
v -140.621 -44.4341 -45.9811 0 0 0
v -140.621 -44.4341 -45.9811 0 0 0
v -140.621 -44.4341 -45.9811 0 0 0
v -140.621 -44.4341 -45.9811 0 0 0
v -140.621 -44.4341 -45.9811 0 0 0
v -140.621 -44.4341 -45.9811 0 0 0
v -140.621 -44.4341 -45.9811 0 0 0
v -140.621 -44.4341 -45.9811 0 0 0
v -140.621 -44.4341 -45.9811 0 0 0
v -140.621 -44.4341 -45.9811 0 0 0
v -140.621 -44.4341 -45.9811 0 0 0
v -140.621 -44.4341 -45.9811 0 0 0
v -140.621 -44.4341 -45.9811 0 0 0
v -140.621 -44.4341 -45.9811 0 0 0
v -140.621 -44.4341 -45.9811 0 0 0
v -140.621 -44.4341 -45.9811 0 0 0
v -140.621 -44.4341 -45.9811 0 0 0
v -140.621 -44.4341 -45.9811 0 0 0
v -140.621 -44.4341 -45.9811 0 0 0
v -140.621 -44.4341 -45.9811 0 0 0
v -140.621 -44.4341 -45.9811 0 0 0
v -140.621 -44.4341 -45.9811 0 0 0
v -140.621 -44.4341 -45.9811 0 0 0
v -140.621 -44.4341 -45.9811 0 0 0
v -140.621 -44.4341 -45.9811 0 0 0
v -140.621 -44.4341 -45.9811 0 0 0
v -140.621 -44.4341 -45.9811 0 0 0
v -140.621 -44.4341 -45.9811 0 0 0
v -140.621 -44.4341 -45.9811 0 0 0
v -140.621 -44.4341 -45.9811 0 0 0
v -140.621 -44.4341 -45.9811 0 0 0
v -140.621 -44.4341 -45.9811 0 0 0
v -140.621 -44.4341 -45.9811 0 0 0
v -140.621 -44.4341 -45.9811 0 0 0
v -140.621 -44.4341 -45.9811 0 0 0
v -140.621 -44.4341 -45.9811 0 0 0
v -140.621 -44.4341 -45.9811 0 0 0
v -140.621 -44.4341 -45.9811 0 0 0
v -140.621 -44.4341 -45.9811 0 0 0
v -140.621 -44.4341 -45.9811 0 0 0
v -140.621 -44.4341 -45.9811 0 0 0
v -140.621 -44.4341 -45.9811 0 0 0
v -140.621 -44.4341 -45.9811 0 0 0
v -140.621 -44.4341 -45.9811 0 0 0
v -140.621 -44.4341 -45.9811 0 0 0
v -140.621 -44.4341 -45.9811 0 0 0
v -140.621 -44.4341 -45.9811 0 0 0
v -140.621 -44.4341 -45.9811 0 0 0
v -140.621 -44.4341 -45.9811 0 0 0
v -140.621 -44.4341 -45.9811 0 0 0
v -140.621 -44.4341 -45.9811 0 0 0
v -140.621 -44.4341 -45.9811 0 0 0
v -140.621 -44.4341 -45.9811 0 0 0
v -140.621 -44.4341 -45.9811 0 0 0
v -140.621 -44.4341 -45.9811 0 0 0
v -140.621 -44.4341 -45.9811 0 0 0
v -140.621 -44.4341 -45.9811 0 0 0
v -140.621 -44.4341 -45.9811 0 0 0
v -140.621 -44.4341 -45.9811 0 0 0
v -140.621 -44.4341 -45.9811 0 0 0
v -140.621 -44.4341 -45.9811 0 0 0
v -140.621 -44.4341 -45.9811 0 0 0
v -140.621 -44.4341 -45.9811 0 0 0
v -195.621 -55.8343 -45.9811 0 0 0
v -195.621 -55.7343 -35.9811 0 0 0
v -195.621 -55.8343 -45.9811 0 0 0
v -195.621 -55.8343 -45.9811 0 0 0
v -195.621 -55.7343 -35.9811 0 0 0
v -195.621 -55.5343 -30.9811 0 0 0
v -195.621 -55.7343 -35.9811 0 0 0
v -190.621 -55.5343 -35.9811 0 0 0
v -195.621 -55.5343 -30.9811 0 0 0
v -195.621 -55.5343 -30.9811 0 0 0
v -190.621 -55.5343 -35.9811 0 0 0
v -190.621 -55.1843 -30.9811 0 0 0
v -190.621 -55.5343 -35.9811 0 0 0
v -185.621 -55.3344 -35.9811 0 0 0
v -190.621 -55.1843 -30.9811 0 0 0
v -190.621 -55.1843 -30.9811 0 0 0
v -185.621 -55.3344 -35.9811 0 0 0
v -185.621 -54.8342 -30.9811 0 0 0
v -185.621 -55.3344 -35.9811 0 0 0
v -180.621 -55.2343 -35.9811 0 0 0
v -185.621 -54.8342 -30.9811 0 0 0
v -185.621 -54.8342 -30.9811 0 0 0
v -180.621 -55.2343 -35.9811 0 0 0
v -180.621 -54.901 -30.9811 0 0 0
v -180.621 -55.2343 -35.9811 0 0 0
v -175.621 -55.0341 -35.9811 0 0 0
v -180.621 -54.901 -30.9811 0 0 0
v -180.621 -54.901 -30.9811 0 0 0
v -175.621 -55.0341 -35.9811 0 0 0
v -175.621 -54.8342 -30.9811 0 0 0
v -175.621 -55.0341 -35.9811 0 0 0
v -170.621 -54.7842 -35.9811 0 0 0
v -175.621 -54.8342 -30.9811 0 0 0
v -175.621 -54.8342 -30.9811 0 0 0
v -170.621 -54.7842 -35.9811 0 0 0
v -170.621 -54.5841 -30.9811 0 0 0
v -170.621 -54.7842 -35.9811 0 0 0
v -165.621 -53.8343 -35.9811 0 0 0
v -170.621 -54.5841 -30.9811 0 0 0
v -170.621 -54.5841 -30.9811 0 0 0
v -165.621 -53.8343 -35.9811 0 0 0
v -165.621 -54.1341 -30.9811 0 0 0
v -165.621 -53.8343 -35.9811 0 0 0
v -160.621 -53.1342 -35.9811 0 0 0
v -165.621 -54.1341 -30.9811 0 0 0
v -165.621 -54.1341 -30.9811 0 0 0
v -160.621 -53.1342 -35.9811 0 0 0
v -160.621 -52.8843 -30.9811 0 0 0
v -160.621 -53.1342 -35.9811 0 0 0
v -155.621 -51.2344 -35.9811 0 0 0
v -160.621 -52.8843 -30.9811 0 0 0
v -160.621 -52.8843 -30.9811 0 0 0
v -155.621 -51.2344 -35.9811 0 0 0
v -155.621 -51.8842 -30.9811 0 0 0
v -155.621 -51.2344 -35.9811 0 0 0
v -150.621 -49.1842 -35.9811 0 0 0
v -155.621 -51.8842 -30.9811 0 0 0
v -155.621 -51.8842 -30.9811 0 0 0
v -150.621 -49.1842 -35.9811 0 0 0
v -150.621 -50.3344 -30.9811 0 0 0
v -150.621 -49.1842 -35.9811 0 0 0
v -145.621 -46.5344 -35.9811 0 0 0
v -150.621 -50.3344 -30.9811 0 0 0
v -150.621 -50.3344 -30.9811 0 0 0
v -145.621 -46.5344 -35.9811 0 0 0
v -145.621 -48.1344 -30.9811 0 0 0
v -145.621 -46.5344 -35.9811 0 0 0
v -140.621 -45.5343 -35.9811 0 0 0
v -145.621 -48.1344 -30.9811 0 0 0
v -145.621 -48.1344 -30.9811 0 0 0
v -140.621 -45.5343 -35.9811 0 0 0
v -140.621 -45.2343 -30.9811 0 0 0
v -140.621 -45.5343 -35.9811 0 0 0
v -135.621 -44.6343 -35.9811 0 0 0
v -140.621 -45.2343 -30.9811 0 0 0
v -140.621 -45.2343 -30.9811 0 0 0
v -135.621 -44.6343 -35.9811 0 0 0
v -135.621 -42.7844 -30.9811 0 0 0
v -135.621 -44.6343 -35.9811 0 0 0
v -130.621 -42.8841 -35.9811 0 0 0
v -135.621 -42.7844 -30.9811 0 0 0
v -135.621 -42.7844 -30.9811 0 0 0
v -130.621 -42.8841 -35.9811 0 0 0
v -130.621 -42.6843 -30.9811 0 0 0
v -130.621 -42.8841 -35.9811 0 0 0
v -125.621 -40.4342 -35.9811 0 0 0
v -130.621 -42.6843 -30.9811 0 0 0
v -130.621 -42.6843 -30.9811 0 0 0
v -125.621 -40.4342 -35.9811 0 0 0
v -125.621 -41.4343 -30.9811 0 0 0
v -125.621 -40.4342 -35.9811 0 0 0
v -120.621 -38.3843 -35.9811 0 0 0
v -125.621 -41.4343 -30.9811 0 0 0
v -125.621 -41.4343 -30.9811 0 0 0
v -120.621 -38.3843 -35.9811 0 0 0
v -120.621 -39.2843 -30.9811 0 0 0
v -120.621 -38.3843 -35.9811 0 0 0
v -115.621 -34.5342 -35.9811 0 0 0
v -120.621 -39.2843 -30.9811 0 0 0
v -120.621 -39.2843 -30.9811 0 0 0
v -115.621 -34.5342 -35.9811 0 0 0
v -115.621 -34.7341 -30.9811 0 0 0
v -115.621 -34.5342 -35.9811 0 0 0
v -110.621 -31.5344 -35.9811 0 0 0
v -115.621 -34.7341 -30.9811 0 0 0
v -115.621 -34.7341 -30.9811 0 0 0
v -110.621 -31.5344 -35.9811 0 0 0
v -110.621 -31.3342 -30.9811 0 0 0
v -110.621 -31.5344 -35.9811 0 0 0
v -105.621 -32.4844 -35.9811 0 0 0
v -110.621 -31.3342 -30.9811 0 0 0
v -110.621 -31.3342 -30.9811 0 0 0
v -105.621 -32.4844 -35.9811 0 0 0
v -105.621 -28.8342 -30.9811 0 0 0
v -105.621 -32.4844 -35.9811 0 0 0
v -100.621 -29.9343 -35.9811 0 0 0
v -105.621 -28.8342 -30.9811 0 0 0
v -105.621 -28.8342 -30.9811 0 0 0
v -100.621 -29.9343 -35.9811 0 0 0
v -100.621 -26.2344 -30.9811 0 0 0
v -100.621 -29.9343 -35.9811 0 0 0
v -95.6212 -28.3343 -35.9811 0 0 0
v -100.621 -26.2344 -30.9811 0 0 0
v -100.621 -26.2344 -30.9811 0 0 0
v -95.6212 -28.3343 -35.9811 0 0 0
v -95.6212 -25.5343 -30.9811 0 0 0
v -95.6212 -28.3343 -35.9811 0 0 0
v -90.6212 -27.6093 -35.9811 0 0 0
v -95.6212 -25.5343 -30.9811 0 0 0
v -95.6212 -25.5343 -30.9811 0 0 0
v -90.6212 -27.6093 -35.9811 0 0 0
v -90.6212 -23.3842 -30.9811 0 0 0
v -90.6212 -27.6093 -35.9811 0 0 0
v -85.6212 -25.5343 -35.9811 0 0 0
v -90.6212 -23.3842 -30.9811 0 0 0
v -90.6212 -23.3842 -30.9811 0 0 0
v -85.6212 -25.5343 -35.9811 0 0 0
v -85.6212 -21.5344 -30.9811 0 0 0
v -85.6212 -25.5343 -35.9811 0 0 0
v -80.6212 -23.9843 -35.9811 0 0 0
v -85.6212 -21.5344 -30.9811 0 0 0
v -85.6212 -21.5344 -30.9811 0 0 0
v -80.6212 -23.9843 -35.9811 0 0 0
v -80.6212 -20.0341 -30.9811 0 0 0
v -80.6212 -23.9843 -35.9811 0 0 0
v -75.6212 -23.2342 -35.9811 0 0 0
v -80.6212 -20.0341 -30.9811 0 0 0
v -80.6212 -20.0341 -30.9811 0 0 0
v -75.6212 -23.2342 -35.9811 0 0 0
v -75.6212 -21.7342 -30.9811 0 0 0
v -75.6212 -23.2342 -35.9811 0 0 0
v -70.6212 -21.6843 -35.9811 0 0 0
v -75.6212 -21.7342 -30.9811 0 0 0
v -75.6212 -21.7342 -30.9811 0 0 0
v -70.6212 -21.6843 -35.9811 0 0 0
v -70.6212 -20.2343 -30.9811 0 0 0
v -70.6212 -21.6843 -35.9811 0 0 0
v -65.6212 -20.2343 -35.9811 0 0 0
v -70.6212 -20.2343 -30.9811 0 0 0
v -70.6212 -20.2343 -30.9811 0 0 0
v -65.6212 -20.2343 -35.9811 0 0 0
v -65.6212 -19.5342 -30.9811 0 0 0
v -65.6212 -20.2343 -35.9811 0 0 0
v -60.6212 -19.4341 -35.9811 0 0 0
v -65.6212 -19.5342 -30.9811 0 0 0
v -65.6212 -19.5342 -30.9811 0 0 0
v -60.6212 -19.4341 -35.9811 0 0 0
v -60.6212 -18.8675 -30.9811 0 0 0
v -60.6212 -19.4341 -35.9811 0 0 0
v -140.621 -44.4341 -45.9811 0 0 0
v -60.6212 -18.8675 -30.9811 0 0 0
v -60.6212 -18.8675 -30.9811 0 0 0
v -140.621 -44.4341 -45.9811 0 0 0
v -55.6212 -18.4344 -30.9811 0 0 0
v -140.621 -44.4341 -45.9811 0 0 0
v -140.621 -44.4341 -45.9811 0 0 0
v -55.6212 -18.4344 -30.9811 0 0 0
v -55.6212 -18.4344 -30.9811 0 0 0
v -140.621 -44.4341 -45.9811 0 0 0
v -50.6212 -18.2343 -30.9811 0 0 0
v -140.621 -44.4341 -45.9811 0 0 0
v -140.621 -44.4341 -45.9811 0 0 0
v -50.6212 -18.2343 -30.9811 0 0 0
v -50.6212 -18.2343 -30.9811 0 0 0
v -140.621 -44.4341 -45.9811 0 0 0
v -45.6212 -17.8843 -30.9811 0 0 0
v -140.621 -44.4341 -45.9811 0 0 0
v -40.6212 -18.2342 -35.9811 0 0 0
v -45.6212 -17.8843 -30.9811 0 0 0
v -45.6212 -17.8843 -30.9811 0 0 0
v -40.6212 -18.2342 -35.9811 0 0 0
v -40.6212 -17.7343 -30.9811 0 0 0
v -40.6212 -18.2342 -35.9811 0 0 0
v -35.6212 -18.4843 -35.9811 0 0 0
v -40.6212 -17.7343 -30.9811 0 0 0
v -40.6212 -17.7343 -30.9811 0 0 0
v -35.6212 -18.4843 -35.9811 0 0 0
v -35.6212 -17.3342 -30.9811 0 0 0
v -35.6212 -18.4843 -35.9811 0 0 0
v -30.6212 -17.7343 -35.9811 0 0 0
v -35.6212 -17.3342 -30.9811 0 0 0
v -35.6212 -17.3342 -30.9811 0 0 0
v -30.6212 -17.7343 -35.9811 0 0 0
v -30.6212 -17.3843 -30.9811 0 0 0
v -30.6212 -17.7343 -35.9811 0 0 0
v -25.6212 -17.9342 -35.9811 0 0 0
v -30.6212 -17.3843 -30.9811 0 0 0
v -30.6212 -17.3843 -30.9811 0 0 0
v -25.6212 -17.9342 -35.9811 0 0 0
v -25.6212 -17.6342 -30.9811 0 0 0
v -25.6212 -17.9342 -35.9811 0 0 0
v -140.621 -44.4341 -45.9811 0 0 0
v -25.6212 -17.6342 -30.9811 0 0 0
v -25.6212 -17.6342 -30.9811 0 0 0
v -140.621 -44.4341 -45.9811 0 0 0
v -20.6212 -17.3342 -30.9811 0 0 0
v -140.621 -44.4341 -45.9811 0 0 0
v -140.621 -44.4341 -45.9811 0 0 0
v -20.6212 -17.3342 -30.9811 0 0 0
v -20.6212 -17.3342 -30.9811 0 0 0
v -140.621 -44.4341 -45.9811 0 0 0
v -15.6212 -16.8343 -30.9811 0 0 0
v -140.621 -44.4341 -45.9811 0 0 0
v -140.621 -44.4341 -45.9811 0 0 0
v -15.6212 -16.8343 -30.9811 0 0 0
v -15.6212 -16.8343 -30.9811 0 0 0
v -140.621 -44.4341 -45.9811 0 0 0
v -10.6212 -15.5341 -30.9811 0 0 0
v -140.621 -44.4341 -45.9811 0 0 0
v -140.621 -44.4341 -45.9811 0 0 0
v -10.6212 -15.5341 -30.9811 0 0 0
v -10.6212 -15.5341 -30.9811 0 0 0
v -140.621 -44.4341 -45.9811 0 0 0
v -5.62122 -14.2342 -30.9811 0 0 0
v -140.621 -44.4341 -45.9811 0 0 0
v -140.621 -44.4341 -45.9811 0 0 0
v -5.62122 -14.2342 -30.9811 0 0 0
v -5.62122 -14.2342 -30.9811 0 0 0
v -140.621 -44.4341 -45.9811 0 0 0
v -0.621216 -13.1342 -30.9811 0 0 0
v -140.621 -44.4341 -45.9811 0 0 0
v -140.621 -44.4341 -45.9811 0 0 0
v -0.621216 -13.1342 -30.9811 0 0 0
v -0.621216 -13.1342 -30.9811 0 0 0
v -140.621 -44.4341 -45.9811 0 0 0
v 4.37878 -11.8343 -30.9811 0 0 0
v -140.621 -44.4341 -45.9811 0 0 0
v -140.621 -44.4341 -45.9811 0 0 0
v 4.37878 -11.8343 -30.9811 0 0 0
v 4.37878 -11.8343 -30.9811 0 0 0
v -140.621 -44.4341 -45.9811 0 0 0
v -140.621 -44.4341 -45.9811 0 0 0
v -140.621 -44.4341 -45.9811 0 0 0
v -140.621 -44.4341 -45.9811 0 0 0
v -140.621 -44.4341 -45.9811 0 0 0
v -140.621 -44.4341 -45.9811 0 0 0
v -140.621 -44.4341 -45.9811 0 0 0
v -140.621 -44.4341 -45.9811 0 0 0
v -140.621 -44.4341 -45.9811 0 0 0
v -140.621 -44.4341 -45.9811 0 0 0
v -140.621 -44.4341 -45.9811 0 0 0
v -140.621 -44.4341 -45.9811 0 0 0
v -140.621 -44.4341 -45.9811 0 0 0
v -140.621 -44.4341 -45.9811 0 0 0
v -140.621 -44.4341 -45.9811 0 0 0
v -140.621 -44.4341 -45.9811 0 0 0
v -140.621 -44.4341 -45.9811 0 0 0
v -140.621 -44.4341 -45.9811 0 0 0
v -140.621 -44.4341 -45.9811 0 0 0
v -140.621 -44.4341 -45.9811 0 0 0
v -140.621 -44.4341 -45.9811 0 0 0
v -140.621 -44.4341 -45.9811 0 0 0
v -140.621 -44.4341 -45.9811 0 0 0
v -140.621 -44.4341 -45.9811 0 0 0
v -140.621 -44.4341 -45.9811 0 0 0
v -140.621 -44.4341 -45.9811 0 0 0
v -140.621 -44.4341 -45.9811 0 0 0
v -140.621 -44.4341 -45.9811 0 0 0
v -140.621 -44.4341 -45.9811 0 0 0
v -140.621 -44.4341 -45.9811 0 0 0
v -140.621 -44.4341 -45.9811 0 0 0
v -140.621 -44.4341 -45.9811 0 0 0
v -140.621 -44.4341 -45.9811 0 0 0
v -140.621 -44.4341 -45.9811 0 0 0
v -140.621 -44.4341 -45.9811 0 0 0
v -140.621 -44.4341 -45.9811 0 0 0
v -140.621 -44.4341 -45.9811 0 0 0
v 39.3788 -5.2343 -30.9811 0 0 0
v -140.621 -44.4341 -45.9811 0 0 0
v -140.621 -44.4341 -45.9811 0 0 0
v 39.3788 -5.2343 -30.9811 0 0 0
v 39.3788 -5.2343 -30.9811 0 0 0
v -140.621 -44.4341 -45.9811 0 0 0
v -140.621 -44.4341 -45.9811 0 0 0
v -140.621 -44.4341 -45.9811 0 0 0
v -140.621 -44.4341 -45.9811 0 0 0
v -140.621 -44.4341 -45.9811 0 0 0
v -140.621 -44.4341 -45.9811 0 0 0
v -140.621 -44.4341 -45.9811 0 0 0
v -140.621 -44.4341 -45.9811 0 0 0
v -140.621 -44.4341 -45.9811 0 0 0
v -140.621 -44.4341 -45.9811 0 0 0
v -140.621 -44.4341 -45.9811 0 0 0
v -140.621 -44.4341 -45.9811 0 0 0
v -140.621 -44.4341 -45.9811 0 0 0
v -140.621 -44.4341 -45.9811 0 0 0
v -140.621 -44.4341 -45.9811 0 0 0
v -140.621 -44.4341 -45.9811 0 0 0
v -140.621 -44.4341 -45.9811 0 0 0
v -140.621 -44.4341 -45.9811 0 0 0
v -140.621 -44.4341 -45.9811 0 0 0
v -140.621 -44.4341 -45.9811 0 0 0
v -140.621 -44.4341 -45.9811 0 0 0
v -140.621 -44.4341 -45.9811 0 0 0
v -140.621 -44.4341 -45.9811 0 0 0
v -140.621 -44.4341 -45.9811 0 0 0
v -140.621 -44.4341 -45.9811 0 0 0
v -140.621 -44.4341 -45.9811 0 0 0
v -140.621 -44.4341 -45.9811 0 0 0
v -140.621 -44.4341 -45.9811 0 0 0
v -140.621 -44.4341 -45.9811 0 0 0
v -140.621 -44.4341 -45.9811 0 0 0
v -140.621 -44.4341 -45.9811 0 0 0
v -140.621 -44.4341 -45.9811 0 0 0
v -140.621 -44.4341 -45.9811 0 0 0
v -140.621 -44.4341 -45.9811 0 0 0
v -140.621 -44.4341 -45.9811 0 0 0
v -140.621 -44.4341 -45.9811 0 0 0
v -140.621 -44.4341 -45.9811 0 0 0
v -140.621 -44.4341 -45.9811 0 0 0
v -140.621 -44.4341 -45.9811 0 0 0
v -140.621 -44.4341 -45.9811 0 0 0
v -140.621 -44.4341 -45.9811 0 0 0
v -140.621 -44.4341 -45.9811 0 0 0
v -140.621 -44.4341 -45.9811 0 0 0
v -140.621 -44.4341 -45.9811 0 0 0
v -140.621 -44.4341 -45.9811 0 0 0
v -140.621 -44.4341 -45.9811 0 0 0
v -140.621 -44.4341 -45.9811 0 0 0
v -140.621 -44.4341 -45.9811 0 0 0
v -140.621 -44.4341 -45.9811 0 0 0
v -140.621 -44.4341 -45.9811 0 0 0
v -140.621 -44.4341 -45.9811 0 0 0
v -140.621 -44.4341 -45.9811 0 0 0
v -140.621 -44.4341 -45.9811 0 0 0
v -140.621 -44.4341 -45.9811 0 0 0
v -140.621 -44.4341 -45.9811 0 0 0
v -140.621 -44.4341 -45.9811 0 0 0
v -140.621 -44.4341 -45.9811 0 0 0
v -140.621 -44.4341 -45.9811 0 0 0
v -140.621 -44.4341 -45.9811 0 0 0
v -140.621 -44.4341 -45.9811 0 0 0
v -140.621 -44.4341 -45.9811 0 0 0
v -140.621 -44.4341 -45.9811 0 0 0
v -140.621 -44.4341 -45.9811 0 0 0
v -140.621 -44.4341 -45.9811 0 0 0
v -140.621 -44.4341 -45.9811 0 0 0
v -140.621 -44.4341 -45.9811 0 0 0
v -140.621 -44.4341 -45.9811 0 0 0
v -140.621 -44.4341 -45.9811 0 0 0
v -140.621 -44.4341 -45.9811 0 0 0
v -140.621 -44.4341 -45.9811 0 0 0
v -140.621 -44.4341 -45.9811 0 0 0
v -140.621 -44.4341 -45.9811 0 0 0
v -140.621 -44.4341 -45.9811 0 0 0
v -140.621 -44.4341 -45.9811 0 0 0
v -140.621 -44.4341 -45.9811 0 0 0
v -140.621 -44.4341 -45.9811 0 0 0
v -140.621 -44.4341 -45.9811 0 0 0
v -140.621 -44.4341 -45.9811 0 0 0
v -140.621 -44.4341 -45.9811 0 0 0
v -140.621 -44.4341 -45.9811 0 0 0
v -140.621 -44.4341 -45.9811 0 0 0
v -140.621 -44.4341 -45.9811 0 0 0
v -140.621 -44.4341 -45.9811 0 0 0
v -140.621 -44.4341 -45.9811 0 0 0
v -140.621 -44.4341 -45.9811 0 0 0
v -140.621 -44.4341 -45.9811 0 0 0
v -140.621 -44.4341 -45.9811 0 0 0
v -140.621 -44.4341 -45.9811 0 0 0
v -140.621 -44.4341 -45.9811 0 0 0
v -140.621 -44.4341 -45.9811 0 0 0
v -140.621 -44.4341 -45.9811 0 0 0
v -140.621 -44.4341 -45.9811 0 0 0
v -140.621 -44.4341 -45.9811 0 0 0
v -140.621 -44.4341 -45.9811 0 0 0
v -140.621 -44.4341 -45.9811 0 0 0
v -140.621 -44.4341 -45.9811 0 0 0
v -140.621 -44.4341 -45.9811 0 0 0
v -140.621 -44.4341 -45.9811 0 0 0
v -140.621 -44.4341 -45.9811 0 0 0
v -140.621 -44.4341 -45.9811 0 0 0
v -140.621 -44.4341 -45.9811 0 0 0
v -140.621 -44.4341 -45.9811 0 0 0
v -140.621 -44.4341 -45.9811 0 0 0
v -140.621 -44.4341 -45.9811 0 0 0
v -140.621 -44.4341 -45.9811 0 0 0
v -140.621 -44.4341 -45.9811 0 0 0
v -140.621 -44.4341 -45.9811 0 0 0
v -140.621 -44.4341 -45.9811 0 0 0
v -140.621 -44.4341 -45.9811 0 0 0
v -140.621 -44.4341 -45.9811 0 0 0
v -140.621 -44.4341 -45.9811 0 0 0
v -140.621 -44.4341 -45.9811 0 0 0
v -140.621 -44.4341 -45.9811 0 0 0
v -140.621 -44.4341 -45.9811 0 0 0
v -140.621 -44.4341 -45.9811 0 0 0
v -140.621 -44.4341 -45.9811 0 0 0
v -140.621 -44.4341 -45.9811 0 0 0
v -140.621 -44.4341 -45.9811 0 0 0
v -140.621 -44.4341 -45.9811 0 0 0
v -140.621 -44.4341 -45.9811 0 0 0
v -140.621 -44.4341 -45.9811 0 0 0
v -140.621 -44.4341 -45.9811 0 0 0
v -140.621 -44.4341 -45.9811 0 0 0
v -140.621 -44.4341 -45.9811 0 0 0
v -140.621 -44.4341 -45.9811 0 0 0
v -140.621 -44.4341 -45.9811 0 0 0
v -140.621 -44.4341 -45.9811 0 0 0
v -140.621 -44.4341 -45.9811 0 0 0
v -140.621 -44.4341 -45.9811 0 0 0
v -140.621 -44.4341 -45.9811 0 0 0
v -140.621 -44.4341 -45.9811 0 0 0
v -140.621 -44.4341 -45.9811 0 0 0
v -140.621 -44.4341 -45.9811 0 0 0
v -140.621 -44.4341 -45.9811 0 0 0
v -140.621 -44.4341 -45.9811 0 0 0
v -140.621 -44.4341 -45.9811 0 0 0
v -140.621 -44.4341 -45.9811 0 0 0
v -140.621 -44.4341 -45.9811 0 0 0
v -140.621 -44.4341 -45.9811 0 0 0
v -140.621 -44.4341 -45.9811 0 0 0
v -140.621 -44.4341 -45.9811 0 0 0
v -140.621 -44.4341 -45.9811 0 0 0
v -140.621 -44.4341 -45.9811 0 0 0
v -140.621 -44.4341 -45.9811 0 0 0
v -140.621 -44.4341 -45.9811 0 0 0
v -140.621 -44.4341 -45.9811 0 0 0
v -140.621 -44.4341 -45.9811 0 0 0
v -140.621 -44.4341 -45.9811 0 0 0
v -140.621 -44.4341 -45.9811 0 0 0
v -140.621 -44.4341 -45.9811 0 0 0
v -140.621 -44.4341 -45.9811 0 0 0
v -140.621 -44.4341 -45.9811 0 0 0
v -140.621 -44.4341 -45.9811 0 0 0
v -140.621 -44.4341 -45.9811 0 0 0
v -140.621 -44.4341 -45.9811 0 0 0
v -140.621 -44.4341 -45.9811 0 0 0
v -140.621 -44.4341 -45.9811 0 0 0
v -140.621 -44.4341 -45.9811 0 0 0
v -140.621 -44.4341 -45.9811 0 0 0
v -140.621 -44.4341 -45.9811 0 0 0
v -140.621 -44.4341 -45.9811 0 0 0
v -140.621 -44.4341 -45.9811 0 0 0
v -140.621 -44.4341 -45.9811 0 0 0
v -140.621 -44.4341 -45.9811 0 0 0
v -140.621 -44.4341 -45.9811 0 0 0
v -140.621 -44.4341 -45.9811 0 0 0
v -140.621 -44.4341 -45.9811 0 0 0
v -140.621 -44.4341 -45.9811 0 0 0
v -140.621 -44.4341 -45.9811 0 0 0
v -140.621 -44.4341 -45.9811 0 0 0
v -140.621 -44.4341 -45.9811 0 0 0
v -140.621 -44.4341 -45.9811 0 0 0
v -140.621 -44.4341 -45.9811 0 0 0
v -140.621 -44.4341 -45.9811 0 0 0
v -140.621 -44.4341 -45.9811 0 0 0
v -140.621 -44.4341 -45.9811 0 0 0
v -140.621 -44.4341 -45.9811 0 0 0
v -140.621 -44.4341 -45.9811 0 0 0
v -140.621 -44.4341 -45.9811 0 0 0
v -140.621 -44.4341 -45.9811 0 0 0
v -140.621 -44.4341 -45.9811 0 0 0
v -140.621 -44.4341 -45.9811 0 0 0
v -140.621 -44.4341 -45.9811 0 0 0
v -140.621 -44.4341 -45.9811 0 0 0
v -140.621 -44.4341 -45.9811 0 0 0
v -140.621 -44.4341 -45.9811 0 0 0
v -140.621 -44.4341 -45.9811 0 0 0
v -140.621 -44.4341 -45.9811 0 0 0
v -140.621 -44.4341 -45.9811 0 0 0
v -140.621 -44.4341 -45.9811 0 0 0
v -140.621 -44.4341 -45.9811 0 0 0
v -140.621 -44.4341 -45.9811 0 0 0
v -140.621 -44.4341 -45.9811 0 0 0
v -140.621 -44.4341 -45.9811 0 0 0
v -140.621 -44.4341 -45.9811 0 0 0
v -140.621 -44.4341 -45.9811 0 0 0
v -140.621 -44.4341 -45.9811 0 0 0
v -140.621 -44.4341 -45.9811 0 0 0
v -140.621 -44.4341 -45.9811 0 0 0
v -140.621 -44.4341 -45.9811 0 0 0
v -140.621 -44.4341 -45.9811 0 0 0
v -140.621 -44.4341 -45.9811 0 0 0
v -140.621 -44.4341 -45.9811 0 0 0
v -140.621 -44.4341 -45.9811 0 0 0
v -140.621 -44.4341 -45.9811 0 0 0
v -140.621 -44.4341 -45.9811 0 0 0
v -195.621 -55.8343 -45.9811 0 0 0
v -195.621 -55.5343 -30.9811 0 0 0
v -195.621 -55.8343 -45.9811 0 0 0
v -195.621 -55.8343 -45.9811 0 0 0
v -195.621 -55.5343 -30.9811 0 0 0
v -195.621 -55.4842 -25.9811 0 0 0
v -195.621 -55.5343 -30.9811 0 0 0
v -190.621 -55.1843 -30.9811 0 0 0
v -195.621 -55.4842 -25.9811 0 0 0
v -195.621 -55.4842 -25.9811 0 0 0
v -190.621 -55.1843 -30.9811 0 0 0
v -190.621 -55.1342 -25.9811 0 0 0
v -190.621 -55.1843 -30.9811 0 0 0
v -185.621 -54.8342 -30.9811 0 0 0
v -190.621 -55.1342 -25.9811 0 0 0
v -190.621 -55.1342 -25.9811 0 0 0
v -185.621 -54.8342 -30.9811 0 0 0
v -185.621 -54.9343 -25.9811 0 0 0
v -185.621 -54.8342 -30.9811 0 0 0
v -180.621 -54.901 -30.9811 0 0 0
v -185.621 -54.9343 -25.9811 0 0 0
v -185.621 -54.9343 -25.9811 0 0 0
v -180.621 -54.901 -30.9811 0 0 0
v -180.621 -54.6842 -25.9811 0 0 0
v -180.621 -54.901 -30.9811 0 0 0
v -175.621 -54.8342 -30.9811 0 0 0
v -180.621 -54.6842 -25.9811 0 0 0
v -180.621 -54.6842 -25.9811 0 0 0
v -175.621 -54.8342 -30.9811 0 0 0
v -175.621 -54.6842 -25.9811 0 0 0
v -175.621 -54.8342 -30.9811 0 0 0
v -170.621 -54.5841 -30.9811 0 0 0
v -175.621 -54.6842 -25.9811 0 0 0
v -175.621 -54.6842 -25.9811 0 0 0
v -170.621 -54.5841 -30.9811 0 0 0
v -170.621 -54.6342 -25.9811 0 0 0
v -170.621 -54.5841 -30.9811 0 0 0
v -165.621 -54.1341 -30.9811 0 0 0
v -170.621 -54.6342 -25.9811 0 0 0
v -170.621 -54.6342 -25.9811 0 0 0
v -165.621 -54.1341 -30.9811 0 0 0
v -165.621 -54.3009 -25.9811 0 0 0
v -165.621 -54.1341 -30.9811 0 0 0
v -160.621 -52.8843 -30.9811 0 0 0
v -165.621 -54.3009 -25.9811 0 0 0
v -165.621 -54.3009 -25.9811 0 0 0
v -160.621 -52.8843 -30.9811 0 0 0
v -160.621 -53.2342 -25.9811 0 0 0
v -160.621 -52.8843 -30.9811 0 0 0
v -155.621 -51.8842 -30.9811 0 0 0
v -160.621 -53.2342 -25.9811 0 0 0
v -160.621 -53.2342 -25.9811 0 0 0
v -155.621 -51.8842 -30.9811 0 0 0
v -155.621 -52.0843 -25.9811 0 0 0
v -155.621 -51.8842 -30.9811 0 0 0
v -150.621 -50.3344 -30.9811 0 0 0
v -155.621 -52.0843 -25.9811 0 0 0
v -155.621 -52.0843 -25.9811 0 0 0
v -150.621 -50.3344 -30.9811 0 0 0
v -150.621 -50.5341 -25.9811 0 0 0
v -150.621 -50.3344 -30.9811 0 0 0
v -145.621 -48.1344 -30.9811 0 0 0
v -150.621 -50.5341 -25.9811 0 0 0
v -150.621 -50.5341 -25.9811 0 0 0
v -145.621 -48.1344 -30.9811 0 0 0
v -145.621 -48.0676 -25.9811 0 0 0
v -145.621 -48.1344 -30.9811 0 0 0
v -140.621 -45.2343 -30.9811 0 0 0
v -145.621 -48.0676 -25.9811 0 0 0
v -145.621 -48.0676 -25.9811 0 0 0
v -140.621 -45.2343 -30.9811 0 0 0
v -140.621 -44.2342 -25.9811 0 0 0
v -140.621 -45.2343 -30.9811 0 0 0
v -135.621 -42.7844 -30.9811 0 0 0
v -140.621 -44.2342 -25.9811 0 0 0
v -140.621 -44.2342 -25.9811 0 0 0
v -135.621 -42.7844 -30.9811 0 0 0
v -135.621 -43.0343 -25.9811 0 0 0
v -135.621 -42.7844 -30.9811 0 0 0
v -130.621 -42.6843 -30.9811 0 0 0
v -135.621 -43.0343 -25.9811 0 0 0
v -135.621 -43.0343 -25.9811 0 0 0
v -130.621 -42.6843 -30.9811 0 0 0
v -130.621 -42.2341 -25.9811 0 0 0
v -130.621 -42.6843 -30.9811 0 0 0
v -125.621 -41.4343 -30.9811 0 0 0
v -130.621 -42.2341 -25.9811 0 0 0
v -130.621 -42.2341 -25.9811 0 0 0
v -125.621 -41.4343 -30.9811 0 0 0
v -125.621 -40.5677 -25.9811 0 0 0
v -125.621 -41.4343 -30.9811 0 0 0
v -120.621 -39.2843 -30.9811 0 0 0
v -125.621 -40.5677 -25.9811 0 0 0
v -125.621 -40.5677 -25.9811 0 0 0
v -120.621 -39.2843 -30.9811 0 0 0
v -120.621 -39.0344 -25.9811 0 0 0
v -120.621 -39.2843 -30.9811 0 0 0
v -115.621 -34.7341 -30.9811 0 0 0
v -120.621 -39.0344 -25.9811 0 0 0
v -120.621 -39.0344 -25.9811 0 0 0
v -115.621 -34.7341 -30.9811 0 0 0
v -115.621 -34.2843 -25.9811 0 0 0
v -115.621 -34.7341 -30.9811 0 0 0
v -110.621 -31.3342 -30.9811 0 0 0
v -115.621 -34.2843 -25.9811 0 0 0
v -115.621 -34.2843 -25.9811 0 0 0
v -110.621 -31.3342 -30.9811 0 0 0
v -110.621 -30.4342 -25.9811 0 0 0
v -110.621 -31.3342 -30.9811 0 0 0
v -105.621 -28.8342 -30.9811 0 0 0
v -110.621 -30.4342 -25.9811 0 0 0
v -110.621 -30.4342 -25.9811 0 0 0
v -105.621 -28.8342 -30.9811 0 0 0
v -105.621 -28.1009 -25.9811 0 0 0
v -105.621 -28.8342 -30.9811 0 0 0
v -100.621 -26.2344 -30.9811 0 0 0
v -105.621 -28.1009 -25.9811 0 0 0
v -105.621 -28.1009 -25.9811 0 0 0
v -100.621 -26.2344 -30.9811 0 0 0
v -100.621 -25.3344 -25.9811 0 0 0
v -100.621 -26.2344 -30.9811 0 0 0
v -95.6212 -25.5343 -30.9811 0 0 0
v -100.621 -25.3344 -25.9811 0 0 0
v -100.621 -25.3344 -25.9811 0 0 0
v -95.6212 -25.5343 -30.9811 0 0 0
v -95.6212 -23.9343 -25.9811 0 0 0
v -95.6212 -25.5343 -30.9811 0 0 0
v -90.6212 -23.3842 -30.9811 0 0 0
v -95.6212 -23.9343 -25.9811 0 0 0
v -95.6212 -23.9343 -25.9811 0 0 0
v -90.6212 -23.3842 -30.9811 0 0 0
v -90.6212 -20.9344 -25.9811 0 0 0
v -90.6212 -23.3842 -30.9811 0 0 0
v -85.6212 -21.5344 -30.9811 0 0 0
v -90.6212 -20.9344 -25.9811 0 0 0
v -90.6212 -20.9344 -25.9811 0 0 0
v -85.6212 -21.5344 -30.9811 0 0 0
v -85.6212 -20.3344 -25.9811 0 0 0
v -85.6212 -21.5344 -30.9811 0 0 0
v -80.6212 -20.0341 -30.9811 0 0 0
v -85.6212 -20.3344 -25.9811 0 0 0
v -85.6212 -20.3344 -25.9811 0 0 0
v -80.6212 -20.0341 -30.9811 0 0 0
v -80.6212 -19.0344 -25.9811 0 0 0
v -80.6212 -20.0341 -30.9811 0 0 0
v -75.6212 -21.7342 -30.9811 0 0 0
v -80.6212 -19.0344 -25.9811 0 0 0
v -80.6212 -19.0344 -25.9811 0 0 0
v -75.6212 -21.7342 -30.9811 0 0 0
v -75.6212 -18.8342 -25.9811 0 0 0
v -75.6212 -21.7342 -30.9811 0 0 0
v -70.6212 -20.2343 -30.9811 0 0 0
v -75.6212 -18.8342 -25.9811 0 0 0
v -75.6212 -18.8342 -25.9811 0 0 0
v -70.6212 -20.2343 -30.9811 0 0 0
v -70.6212 -17.7342 -25.9811 0 0 0
v -70.6212 -20.2343 -30.9811 0 0 0
v -65.6212 -19.5342 -30.9811 0 0 0
v -70.6212 -17.7342 -25.9811 0 0 0
v -70.6212 -17.7342 -25.9811 0 0 0
v -65.6212 -19.5342 -30.9811 0 0 0
v -65.6212 -17.3342 -25.9811 0 0 0
v -65.6212 -19.5342 -30.9811 0 0 0
v -60.6212 -18.8675 -30.9811 0 0 0
v -65.6212 -17.3342 -25.9811 0 0 0
v -65.6212 -17.3342 -25.9811 0 0 0
v -60.6212 -18.8675 -30.9811 0 0 0
v -60.6212 -17.0843 -25.9811 0 0 0
v -60.6212 -18.8675 -30.9811 0 0 0
v -55.6212 -18.4344 -30.9811 0 0 0
v -60.6212 -17.0843 -25.9811 0 0 0
v -60.6212 -17.0843 -25.9811 0 0 0
v -55.6212 -18.4344 -30.9811 0 0 0
v -55.6212 -16.7342 -25.9811 0 0 0
v -55.6212 -18.4344 -30.9811 0 0 0
v -50.6212 -18.2343 -30.9811 0 0 0
v -55.6212 -16.7342 -25.9811 0 0 0
v -55.6212 -16.7342 -25.9811 0 0 0
v -50.6212 -18.2343 -30.9811 0 0 0
v -50.6212 -16.7342 -25.9811 0 0 0
v -50.6212 -18.2343 -30.9811 0 0 0
v -45.6212 -17.8843 -30.9811 0 0 0
v -50.6212 -16.7342 -25.9811 0 0 0
v -50.6212 -16.7342 -25.9811 0 0 0
v -45.6212 -17.8843 -30.9811 0 0 0
v -45.6212 -16.8676 -25.9811 0 0 0
v -45.6212 -17.8843 -30.9811 0 0 0
v -40.6212 -17.7343 -30.9811 0 0 0
v -45.6212 -16.8676 -25.9811 0 0 0
v -45.6212 -16.8676 -25.9811 0 0 0
v -40.6212 -17.7343 -30.9811 0 0 0
v -40.6212 -17.3342 -25.9811 0 0 0
v -40.6212 -17.7343 -30.9811 0 0 0
v -35.6212 -17.3342 -30.9811 0 0 0
v -40.6212 -17.3342 -25.9811 0 0 0
v -40.6212 -17.3342 -25.9811 0 0 0
v -35.6212 -17.3342 -30.9811 0 0 0
v -35.6212 -17.4343 -25.9811 0 0 0
v -35.6212 -17.3342 -30.9811 0 0 0
v -30.6212 -17.3843 -30.9811 0 0 0
v -35.6212 -17.4343 -25.9811 0 0 0
v -35.6212 -17.4343 -25.9811 0 0 0
v -30.6212 -17.3843 -30.9811 0 0 0
v -30.6212 -16.8343 -25.9811 0 0 0
v -30.6212 -17.3843 -30.9811 0 0 0
v -25.6212 -17.6342 -30.9811 0 0 0
v -30.6212 -16.8343 -25.9811 0 0 0
v -30.6212 -16.8343 -25.9811 0 0 0
v -25.6212 -17.6342 -30.9811 0 0 0
v -25.6212 -16.9676 -25.9811 0 0 0
v -25.6212 -17.6342 -30.9811 0 0 0
v -20.6212 -17.3342 -30.9811 0 0 0
v -25.6212 -16.9676 -25.9811 0 0 0
v -25.6212 -16.9676 -25.9811 0 0 0
v -20.6212 -17.3342 -30.9811 0 0 0
v -20.6212 -17.0009 -25.9811 0 0 0
v -20.6212 -17.3342 -30.9811 0 0 0
v -15.6212 -16.8343 -30.9811 0 0 0
v -20.6212 -17.0009 -25.9811 0 0 0
v -20.6212 -17.0009 -25.9811 0 0 0
v -15.6212 -16.8343 -30.9811 0 0 0
v -15.6212 -16.4843 -25.9811 0 0 0
v -15.6212 -16.8343 -30.9811 0 0 0
v -10.6212 -15.5341 -30.9811 0 0 0
v -15.6212 -16.4843 -25.9811 0 0 0
v -15.6212 -16.4843 -25.9811 0 0 0
v -10.6212 -15.5341 -30.9811 0 0 0
v -10.6212 -15.7844 -25.9811 0 0 0
v -10.6212 -15.5341 -30.9811 0 0 0
v -5.62122 -14.2342 -30.9811 0 0 0
v -10.6212 -15.7844 -25.9811 0 0 0
v -10.6212 -15.7844 -25.9811 0 0 0
v -5.62122 -14.2342 -30.9811 0 0 0
v -5.62122 -14.4843 -25.9811 0 0 0
v -5.62122 -14.2342 -30.9811 0 0 0
v -0.621216 -13.1342 -30.9811 0 0 0
v -5.62122 -14.4843 -25.9811 0 0 0
v -5.62122 -14.4843 -25.9811 0 0 0
v -0.621216 -13.1342 -30.9811 0 0 0
v -0.621216 -13.2342 -25.9811 0 0 0
v -0.621216 -13.1342 -30.9811 0 0 0
v 4.37878 -11.8343 -30.9811 0 0 0
v -0.621216 -13.2342 -25.9811 0 0 0
v -0.621216 -13.2342 -25.9811 0 0 0
v 4.37878 -11.8343 -30.9811 0 0 0
v 4.37878 -11.9343 -25.9811 0 0 0
v 4.37878 -11.8343 -30.9811 0 0 0
v -140.621 -44.4341 -45.9811 0 0 0
v 4.37878 -11.9343 -25.9811 0 0 0
v 4.37878 -11.9343 -25.9811 0 0 0
v -140.621 -44.4341 -45.9811 0 0 0
v 9.37878 -10.9344 -25.9811 0 0 0
v -140.621 -44.4341 -45.9811 0 0 0
v -140.621 -44.4341 -45.9811 0 0 0
v 9.37878 -10.9344 -25.9811 0 0 0
v 9.37878 -10.9344 -25.9811 0 0 0
v -140.621 -44.4341 -45.9811 0 0 0
v 14.3788 -9.88427 -25.9811 0 0 0
v -140.621 -44.4341 -45.9811 0 0 0
v -140.621 -44.4341 -45.9811 0 0 0
v 14.3788 -9.88427 -25.9811 0 0 0
v 14.3788 -9.88427 -25.9811 0 0 0
v -140.621 -44.4341 -45.9811 0 0 0
v 19.3788 -8.83416 -25.9811 0 0 0
v -140.621 -44.4341 -45.9811 0 0 0
v -140.621 -44.4341 -45.9811 0 0 0
v 19.3788 -8.83416 -25.9811 0 0 0
v 19.3788 -8.83416 -25.9811 0 0 0
v -140.621 -44.4341 -45.9811 0 0 0
v 24.3788 -8.03429 -25.9811 0 0 0
v -140.621 -44.4341 -45.9811 0 0 0
v -140.621 -44.4341 -45.9811 0 0 0
v 24.3788 -8.03429 -25.9811 0 0 0
v 24.3788 -8.03429 -25.9811 0 0 0
v -140.621 -44.4341 -45.9811 0 0 0
v 29.3788 -6.68435 -25.9811 0 0 0
v -140.621 -44.4341 -45.9811 0 0 0
v -140.621 -44.4341 -45.9811 0 0 0
v 29.3788 -6.68435 -25.9811 0 0 0
v 29.3788 -6.68435 -25.9811 0 0 0
v -140.621 -44.4341 -45.9811 0 0 0
v 34.3788 -5.3344 -25.9811 0 0 0
v -140.621 -44.4341 -45.9811 0 0 0
v 39.3788 -5.2343 -30.9811 0 0 0
v 34.3788 -5.3344 -25.9811 0 0 0
v 34.3788 -5.3344 -25.9811 0 0 0
v 39.3788 -5.2343 -30.9811 0 0 0
v 39.3788 -4.33434 -25.9811 0 0 0
v 39.3788 -5.2343 -30.9811 0 0 0
v -140.621 -44.4341 -45.9811 0 0 0
v 39.3788 -4.33434 -25.9811 0 0 0
v 39.3788 -4.33434 -25.9811 0 0 0
v -140.621 -44.4341 -45.9811 0 0 0
v 44.3788 -3.13439 -25.9811 0 0 0
v -140.621 -44.4341 -45.9811 0 0 0
v -140.621 -44.4341 -45.9811 0 0 0
v 44.3788 -3.13439 -25.9811 0 0 0
v 44.3788 -3.13439 -25.9811 0 0 0
v -140.621 -44.4341 -45.9811 0 0 0
v 49.3788 -2.18423 -25.9811 0 0 0
v -140.621 -44.4341 -45.9811 0 0 0
v -140.621 -44.4341 -45.9811 0 0 0
v 49.3788 -2.18423 -25.9811 0 0 0
v 49.3788 -2.18423 -25.9811 0 0 0
v -140.621 -44.4341 -45.9811 0 0 0
v 54.3788 -1.63415 -25.9811 0 0 0
v -140.621 -44.4341 -45.9811 0 0 0
v -140.621 -44.4341 -45.9811 0 0 0
v 54.3788 -1.63415 -25.9811 0 0 0
v 54.3788 -1.63415 -25.9811 0 0 0
v -140.621 -44.4341 -45.9811 0 0 0
v 59.3788 -1.43426 -25.9811 0 0 0
v -140.621 -44.4341 -45.9811 0 0 0
v -140.621 -44.4341 -45.9811 0 0 0
v 59.3788 -1.43426 -25.9811 0 0 0
v 59.3788 -1.43426 -25.9811 0 0 0
v -140.621 -44.4341 -45.9811 0 0 0
v 64.3788 -0.534292 -25.9811 0 0 0
v -140.621 -44.4341 -45.9811 0 0 0
v -140.621 -44.4341 -45.9811 0 0 0
v 64.3788 -0.534292 -25.9811 0 0 0
v 64.3788 -0.534292 -25.9811 0 0 0
v -140.621 -44.4341 -45.9811 0 0 0
v 69.3788 1.76582 -25.9811 0 0 0
v -140.621 -44.4341 -45.9811 0 0 0
v -140.621 -44.4341 -45.9811 0 0 0
v 69.3788 1.76582 -25.9811 0 0 0
v 69.3788 1.76582 -25.9811 0 0 0
v -140.621 -44.4341 -45.9811 0 0 0
v 74.3788 4.86579 -25.9811 0 0 0
v -140.621 -44.4341 -45.9811 0 0 0
v -140.621 -44.4341 -45.9811 0 0 0
v 74.3788 4.86579 -25.9811 0 0 0
v 74.3788 4.86579 -25.9811 0 0 0
v -140.621 -44.4341 -45.9811 0 0 0
v 79.3788 7.76573 -25.9811 0 0 0
v -140.621 -44.4341 -45.9811 0 0 0
v -140.621 -44.4341 -45.9811 0 0 0
v 79.3788 7.76573 -25.9811 0 0 0
v 79.3788 7.76573 -25.9811 0 0 0
v -140.621 -44.4341 -45.9811 0 0 0
v 84.3788 9.7657 -25.9811 0 0 0
v -140.621 -44.4341 -45.9811 0 0 0
v -140.621 -44.4341 -45.9811 0 0 0
v 84.3788 9.7657 -25.9811 0 0 0
v 84.3788 9.7657 -25.9811 0 0 0
v -140.621 -44.4341 -45.9811 0 0 0
v -140.621 -44.4341 -45.9811 0 0 0
v -140.621 -44.4341 -45.9811 0 0 0
v -140.621 -44.4341 -45.9811 0 0 0
v -140.621 -44.4341 -45.9811 0 0 0
v -140.621 -44.4341 -45.9811 0 0 0
v -140.621 -44.4341 -45.9811 0 0 0
v -140.621 -44.4341 -45.9811 0 0 0
v -140.621 -44.4341 -45.9811 0 0 0
v -140.621 -44.4341 -45.9811 0 0 0
v -140.621 -44.4341 -45.9811 0 0 0
v -140.621 -44.4341 -45.9811 0 0 0
v -140.621 -44.4341 -45.9811 0 0 0
v -140.621 -44.4341 -45.9811 0 0 0
v -140.621 -44.4341 -45.9811 0 0 0
v -140.621 -44.4341 -45.9811 0 0 0
v -140.621 -44.4341 -45.9811 0 0 0
v -140.621 -44.4341 -45.9811 0 0 0
v -140.621 -44.4341 -45.9811 0 0 0
v -140.621 -44.4341 -45.9811 0 0 0
v -140.621 -44.4341 -45.9811 0 0 0
v -140.621 -44.4341 -45.9811 0 0 0
v -140.621 -44.4341 -45.9811 0 0 0
v -140.621 -44.4341 -45.9811 0 0 0
v -140.621 -44.4341 -45.9811 0 0 0
v -140.621 -44.4341 -45.9811 0 0 0
v -140.621 -44.4341 -45.9811 0 0 0
v -140.621 -44.4341 -45.9811 0 0 0
v -140.621 -44.4341 -45.9811 0 0 0
v -140.621 -44.4341 -45.9811 0 0 0
v -140.621 -44.4341 -45.9811 0 0 0
v -140.621 -44.4341 -45.9811 0 0 0
v -140.621 -44.4341 -45.9811 0 0 0
v -140.621 -44.4341 -45.9811 0 0 0
v -140.621 -44.4341 -45.9811 0 0 0
v -140.621 -44.4341 -45.9811 0 0 0
v -140.621 -44.4341 -45.9811 0 0 0
v -140.621 -44.4341 -45.9811 0 0 0
v -140.621 -44.4341 -45.9811 0 0 0
v -140.621 -44.4341 -45.9811 0 0 0
v -140.621 -44.4341 -45.9811 0 0 0
v -140.621 -44.4341 -45.9811 0 0 0
v -140.621 -44.4341 -45.9811 0 0 0
v -140.621 -44.4341 -45.9811 0 0 0
v -140.621 -44.4341 -45.9811 0 0 0
v -140.621 -44.4341 -45.9811 0 0 0
v -140.621 -44.4341 -45.9811 0 0 0
v -140.621 -44.4341 -45.9811 0 0 0
v -140.621 -44.4341 -45.9811 0 0 0
v -140.621 -44.4341 -45.9811 0 0 0
v -140.621 -44.4341 -45.9811 0 0 0
v -140.621 -44.4341 -45.9811 0 0 0
v -140.621 -44.4341 -45.9811 0 0 0
v -140.621 -44.4341 -45.9811 0 0 0
v -140.621 -44.4341 -45.9811 0 0 0
v -140.621 -44.4341 -45.9811 0 0 0
v -140.621 -44.4341 -45.9811 0 0 0
v -140.621 -44.4341 -45.9811 0 0 0
v -140.621 -44.4341 -45.9811 0 0 0
v -140.621 -44.4341 -45.9811 0 0 0
v -140.621 -44.4341 -45.9811 0 0 0
v -140.621 -44.4341 -45.9811 0 0 0
v -140.621 -44.4341 -45.9811 0 0 0
v -140.621 -44.4341 -45.9811 0 0 0
v -140.621 -44.4341 -45.9811 0 0 0
v -140.621 -44.4341 -45.9811 0 0 0
v -140.621 -44.4341 -45.9811 0 0 0
v -140.621 -44.4341 -45.9811 0 0 0
v -140.621 -44.4341 -45.9811 0 0 0
v -140.621 -44.4341 -45.9811 0 0 0
v -140.621 -44.4341 -45.9811 0 0 0
v -140.621 -44.4341 -45.9811 0 0 0
v -140.621 -44.4341 -45.9811 0 0 0
v -140.621 -44.4341 -45.9811 0 0 0
v -140.621 -44.4341 -45.9811 0 0 0
v -140.621 -44.4341 -45.9811 0 0 0
v -140.621 -44.4341 -45.9811 0 0 0
v -140.621 -44.4341 -45.9811 0 0 0
v -140.621 -44.4341 -45.9811 0 0 0
v -140.621 -44.4341 -45.9811 0 0 0
v -140.621 -44.4341 -45.9811 0 0 0
v -140.621 -44.4341 -45.9811 0 0 0
v -140.621 -44.4341 -45.9811 0 0 0
v -140.621 -44.4341 -45.9811 0 0 0
v -140.621 -44.4341 -45.9811 0 0 0
v -140.621 -44.4341 -45.9811 0 0 0
v -140.621 -44.4341 -45.9811 0 0 0
v -140.621 -44.4341 -45.9811 0 0 0
v -140.621 -44.4341 -45.9811 0 0 0
v -140.621 -44.4341 -45.9811 0 0 0
v -140.621 -44.4341 -45.9811 0 0 0
v -140.621 -44.4341 -45.9811 0 0 0
v -140.621 -44.4341 -45.9811 0 0 0
v -140.621 -44.4341 -45.9811 0 0 0
v -140.621 -44.4341 -45.9811 0 0 0
v -140.621 -44.4341 -45.9811 0 0 0
v -140.621 -44.4341 -45.9811 0 0 0
v -140.621 -44.4341 -45.9811 0 0 0
v -140.621 -44.4341 -45.9811 0 0 0
v -140.621 -44.4341 -45.9811 0 0 0
v -140.621 -44.4341 -45.9811 0 0 0
v -140.621 -44.4341 -45.9811 0 0 0
v -140.621 -44.4341 -45.9811 0 0 0
v -140.621 -44.4341 -45.9811 0 0 0
v -140.621 -44.4341 -45.9811 0 0 0
v -140.621 -44.4341 -45.9811 0 0 0
v -140.621 -44.4341 -45.9811 0 0 0
v -140.621 -44.4341 -45.9811 0 0 0
v -140.621 -44.4341 -45.9811 0 0 0
v -140.621 -44.4341 -45.9811 0 0 0
v -140.621 -44.4341 -45.9811 0 0 0
v -140.621 -44.4341 -45.9811 0 0 0
v -140.621 -44.4341 -45.9811 0 0 0
v -140.621 -44.4341 -45.9811 0 0 0
v -140.621 -44.4341 -45.9811 0 0 0
v -140.621 -44.4341 -45.9811 0 0 0
v -140.621 -44.4341 -45.9811 0 0 0
v -140.621 -44.4341 -45.9811 0 0 0
v -140.621 -44.4341 -45.9811 0 0 0
v -140.621 -44.4341 -45.9811 0 0 0
v -140.621 -44.4341 -45.9811 0 0 0
v -140.621 -44.4341 -45.9811 0 0 0
v -140.621 -44.4341 -45.9811 0 0 0
v -140.621 -44.4341 -45.9811 0 0 0
v -140.621 -44.4341 -45.9811 0 0 0
v -140.621 -44.4341 -45.9811 0 0 0
v -140.621 -44.4341 -45.9811 0 0 0
v -140.621 -44.4341 -45.9811 0 0 0
v -140.621 -44.4341 -45.9811 0 0 0
v -140.621 -44.4341 -45.9811 0 0 0
v -140.621 -44.4341 -45.9811 0 0 0
v -140.621 -44.4341 -45.9811 0 0 0
v -140.621 -44.4341 -45.9811 0 0 0
v -140.621 -44.4341 -45.9811 0 0 0
v -140.621 -44.4341 -45.9811 0 0 0
v -140.621 -44.4341 -45.9811 0 0 0
v -140.621 -44.4341 -45.9811 0 0 0
v -140.621 -44.4341 -45.9811 0 0 0
v -140.621 -44.4341 -45.9811 0 0 0
v -140.621 -44.4341 -45.9811 0 0 0
v -140.621 -44.4341 -45.9811 0 0 0
v -140.621 -44.4341 -45.9811 0 0 0
v -140.621 -44.4341 -45.9811 0 0 0
v -140.621 -44.4341 -45.9811 0 0 0
v -140.621 -44.4341 -45.9811 0 0 0
v -140.621 -44.4341 -45.9811 0 0 0
v -140.621 -44.4341 -45.9811 0 0 0
v -140.621 -44.4341 -45.9811 0 0 0
v -140.621 -44.4341 -45.9811 0 0 0
v -140.621 -44.4341 -45.9811 0 0 0
v -140.621 -44.4341 -45.9811 0 0 0
v -140.621 -44.4341 -45.9811 0 0 0
v -195.621 -55.8343 -45.9811 0 0 0
v -195.621 -55.4842 -25.9811 0 0 0
v -195.621 -55.8343 -45.9811 0 0 0
v -195.621 -55.8343 -45.9811 0 0 0
v -195.621 -55.4842 -25.9811 0 0 0
v -195.621 -54.9342 -20.9811 0 0 0
v -195.621 -55.4842 -25.9811 0 0 0
v -190.621 -55.1342 -25.9811 0 0 0
v -195.621 -54.9342 -20.9811 0 0 0
v -195.621 -54.9342 -20.9811 0 0 0
v -190.621 -55.1342 -25.9811 0 0 0
v -190.621 -54.6343 -20.9811 0 0 0
v -190.621 -55.1342 -25.9811 0 0 0
v -185.621 -54.9343 -25.9811 0 0 0
v -190.621 -54.6343 -20.9811 0 0 0
v -190.621 -54.6343 -20.9811 0 0 0
v -185.621 -54.9343 -25.9811 0 0 0
v -185.621 -54.3842 -20.9811 0 0 0
v -185.621 -54.9343 -25.9811 0 0 0
v -180.621 -54.6842 -25.9811 0 0 0
v -185.621 -54.3842 -20.9811 0 0 0
v -185.621 -54.3842 -20.9811 0 0 0
v -180.621 -54.6842 -25.9811 0 0 0
v -180.621 -54.0344 -20.9811 0 0 0
v -180.621 -54.6842 -25.9811 0 0 0
v -175.621 -54.6842 -25.9811 0 0 0
v -180.621 -54.0344 -20.9811 0 0 0
v -180.621 -54.0344 -20.9811 0 0 0
v -175.621 -54.6842 -25.9811 0 0 0
v -175.621 -53.9343 -20.9811 0 0 0
v -175.621 -54.6842 -25.9811 0 0 0
v -170.621 -54.6342 -25.9811 0 0 0
v -175.621 -53.9343 -20.9811 0 0 0
v -175.621 -53.9343 -20.9811 0 0 0
v -170.621 -54.6342 -25.9811 0 0 0
v -170.621 -54.1341 -20.9811 0 0 0
v -170.621 -54.6342 -25.9811 0 0 0
v -165.621 -54.3009 -25.9811 0 0 0
v -170.621 -54.1341 -20.9811 0 0 0
v -170.621 -54.1341 -20.9811 0 0 0
v -165.621 -54.3009 -25.9811 0 0 0
v -165.621 -54.3343 -20.9811 0 0 0
v -165.621 -54.3009 -25.9811 0 0 0
v -160.621 -53.2342 -25.9811 0 0 0
v -165.621 -54.3343 -20.9811 0 0 0
v -165.621 -54.3343 -20.9811 0 0 0
v -160.621 -53.2342 -25.9811 0 0 0
v -160.621 -53.7344 -20.9811 0 0 0
v -160.621 -53.2342 -25.9811 0 0 0
v -155.621 -52.0843 -25.9811 0 0 0
v -160.621 -53.7344 -20.9811 0 0 0
v -160.621 -53.7344 -20.9811 0 0 0
v -155.621 -52.0843 -25.9811 0 0 0
v -155.621 -53.0343 -20.9811 0 0 0
v -155.621 -52.0843 -25.9811 0 0 0
v -150.621 -50.5341 -25.9811 0 0 0
v -155.621 -53.0343 -20.9811 0 0 0
v -155.621 -53.0343 -20.9811 0 0 0
v -150.621 -50.5341 -25.9811 0 0 0
v -150.621 -50.9843 -20.9811 0 0 0
v -150.621 -50.5341 -25.9811 0 0 0
v -145.621 -48.0676 -25.9811 0 0 0
v -150.621 -50.9843 -20.9811 0 0 0
v -150.621 -50.9843 -20.9811 0 0 0
v -145.621 -48.0676 -25.9811 0 0 0
v -145.621 -48.0343 -20.9811 0 0 0
v -145.621 -48.0676 -25.9811 0 0 0
v -140.621 -44.2342 -25.9811 0 0 0
v -145.621 -48.0343 -20.9811 0 0 0
v -145.621 -48.0343 -20.9811 0 0 0
v -140.621 -44.2342 -25.9811 0 0 0
v -140.621 -45.0343 -20.9811 0 0 0
v -140.621 -44.2342 -25.9811 0 0 0
v -135.621 -43.0343 -25.9811 0 0 0
v -140.621 -45.0343 -20.9811 0 0 0
v -140.621 -45.0343 -20.9811 0 0 0
v -135.621 -43.0343 -25.9811 0 0 0
v -135.621 -43.6842 -20.9811 0 0 0
v -135.621 -43.0343 -25.9811 0 0 0
v -130.621 -42.2341 -25.9811 0 0 0
v -135.621 -43.6842 -20.9811 0 0 0
v -135.621 -43.6842 -20.9811 0 0 0
v -130.621 -42.2341 -25.9811 0 0 0
v -130.621 -41.3342 -20.9811 0 0 0
v -130.621 -42.2341 -25.9811 0 0 0
v -125.621 -40.5677 -25.9811 0 0 0
v -130.621 -41.3342 -20.9811 0 0 0
v -130.621 -41.3342 -20.9811 0 0 0
v -125.621 -40.5677 -25.9811 0 0 0
v -125.621 -38.9343 -20.9811 0 0 0
v -125.621 -40.5677 -25.9811 0 0 0
v -120.621 -39.0344 -25.9811 0 0 0
v -125.621 -38.9343 -20.9811 0 0 0
v -125.621 -38.9343 -20.9811 0 0 0
v -120.621 -39.0344 -25.9811 0 0 0
v -120.621 -37.0676 -20.9811 0 0 0
v -120.621 -39.0344 -25.9811 0 0 0
v -115.621 -34.2843 -25.9811 0 0 0
v -120.621 -37.0676 -20.9811 0 0 0
v -120.621 -37.0676 -20.9811 0 0 0
v -115.621 -34.2843 -25.9811 0 0 0
v -115.621 -35.3344 -20.9811 0 0 0
v -115.621 -34.2843 -25.9811 0 0 0
v -110.621 -30.4342 -25.9811 0 0 0
v -115.621 -35.3344 -20.9811 0 0 0
v -115.621 -35.3344 -20.9811 0 0 0
v -110.621 -30.4342 -25.9811 0 0 0
v -110.621 -27.7343 -20.9811 0 0 0
v -110.621 -30.4342 -25.9811 0 0 0
v -105.621 -28.1009 -25.9811 0 0 0
v -110.621 -27.7343 -20.9811 0 0 0
v -110.621 -27.7343 -20.9811 0 0 0
v -105.621 -28.1009 -25.9811 0 0 0
v -105.621 -21.6842 -20.9811 0 0 0
v -105.621 -28.1009 -25.9811 0 0 0
v -100.621 -25.3344 -25.9811 0 0 0
v -105.621 -21.6842 -20.9811 0 0 0
v -105.621 -21.6842 -20.9811 0 0 0
v -100.621 -25.3344 -25.9811 0 0 0
v -100.621 -23.0843 -20.9811 0 0 0
v -100.621 -25.3344 -25.9811 0 0 0
v -95.6212 -23.9343 -25.9811 0 0 0
v -100.621 -23.0843 -20.9811 0 0 0
v -100.621 -23.0843 -20.9811 0 0 0
v -95.6212 -23.9343 -25.9811 0 0 0
v -95.6212 -21.7342 -20.9811 0 0 0
v -95.6212 -23.9343 -25.9811 0 0 0
v -90.6212 -20.9344 -25.9811 0 0 0
v -95.6212 -21.7342 -20.9811 0 0 0
v -95.6212 -21.7342 -20.9811 0 0 0
v -90.6212 -20.9344 -25.9811 0 0 0
v -90.6212 -18.5342 -20.9811 0 0 0
v -90.6212 -20.9344 -25.9811 0 0 0
v -85.6212 -20.3344 -25.9811 0 0 0
v -90.6212 -18.5342 -20.9811 0 0 0
v -90.6212 -18.5342 -20.9811 0 0 0
v -85.6212 -20.3344 -25.9811 0 0 0
v -85.6212 -18.1843 -20.9811 0 0 0
v -85.6212 -20.3344 -25.9811 0 0 0
v -80.6212 -19.0344 -25.9811 0 0 0
v -85.6212 -18.1843 -20.9811 0 0 0
v -85.6212 -18.1843 -20.9811 0 0 0
v -80.6212 -19.0344 -25.9811 0 0 0
v -80.6212 -17.4343 -20.9811 0 0 0
v -80.6212 -19.0344 -25.9811 0 0 0
v -75.6212 -18.8342 -25.9811 0 0 0
v -80.6212 -17.4343 -20.9811 0 0 0
v -80.6212 -17.4343 -20.9811 0 0 0
v -75.6212 -18.8342 -25.9811 0 0 0
v -75.6212 -17.2343 -20.9811 0 0 0
v -75.6212 -18.8342 -25.9811 0 0 0
v -70.6212 -17.7342 -25.9811 0 0 0
v -75.6212 -17.2343 -20.9811 0 0 0
v -75.6212 -17.2343 -20.9811 0 0 0
v -70.6212 -17.7342 -25.9811 0 0 0
v -70.6212 -16.7342 -20.9811 0 0 0
v -70.6212 -17.7342 -25.9811 0 0 0
v -65.6212 -17.3342 -25.9811 0 0 0
v -70.6212 -16.7342 -20.9811 0 0 0
v -70.6212 -16.7342 -20.9811 0 0 0
v -65.6212 -17.3342 -25.9811 0 0 0
v -65.6212 -16.7342 -20.9811 0 0 0
v -65.6212 -17.3342 -25.9811 0 0 0
v -60.6212 -17.0843 -25.9811 0 0 0
v -65.6212 -16.7342 -20.9811 0 0 0
v -65.6212 -16.7342 -20.9811 0 0 0
v -60.6212 -17.0843 -25.9811 0 0 0
v -60.6212 -16.6843 -20.9811 0 0 0
v -60.6212 -17.0843 -25.9811 0 0 0
v -55.6212 -16.7342 -25.9811 0 0 0
v -60.6212 -16.6843 -20.9811 0 0 0
v -60.6212 -16.6843 -20.9811 0 0 0
v -55.6212 -16.7342 -25.9811 0 0 0
v -55.6212 -16.4343 -20.9811 0 0 0
v -55.6212 -16.7342 -25.9811 0 0 0
v -50.6212 -16.7342 -25.9811 0 0 0
v -55.6212 -16.4343 -20.9811 0 0 0
v -55.6212 -16.4343 -20.9811 0 0 0
v -50.6212 -16.7342 -25.9811 0 0 0
v -50.6212 -16.2342 -20.9811 0 0 0
v -50.6212 -16.7342 -25.9811 0 0 0
v -45.6212 -16.8676 -25.9811 0 0 0
v -50.6212 -16.2342 -20.9811 0 0 0
v -50.6212 -16.2342 -20.9811 0 0 0
v -45.6212 -16.8676 -25.9811 0 0 0
v -45.6212 -16.3342 -20.9811 0 0 0
v -45.6212 -16.8676 -25.9811 0 0 0
v -40.6212 -17.3342 -25.9811 0 0 0
v -45.6212 -16.3342 -20.9811 0 0 0
v -45.6212 -16.3342 -20.9811 0 0 0
v -40.6212 -17.3342 -25.9811 0 0 0
v -40.6212 -16.6341 -20.9811 0 0 0
v -40.6212 -17.3342 -25.9811 0 0 0
v -35.6212 -17.4343 -25.9811 0 0 0
v -40.6212 -16.6341 -20.9811 0 0 0
v -40.6212 -16.6341 -20.9811 0 0 0
v -35.6212 -17.4343 -25.9811 0 0 0
v -35.6212 -16.3842 -20.9811 0 0 0
v -35.6212 -17.4343 -25.9811 0 0 0
v -30.6212 -16.8343 -25.9811 0 0 0
v -35.6212 -16.3842 -20.9811 0 0 0
v -35.6212 -16.3842 -20.9811 0 0 0
v -30.6212 -16.8343 -25.9811 0 0 0
v -30.6212 -16.2344 -20.9811 0 0 0
v -30.6212 -16.8343 -25.9811 0 0 0
v -25.6212 -16.9676 -25.9811 0 0 0
v -30.6212 -16.2344 -20.9811 0 0 0
v -30.6212 -16.2344 -20.9811 0 0 0
v -25.6212 -16.9676 -25.9811 0 0 0
v -25.6212 -16.0342 -20.9811 0 0 0
v -25.6212 -16.9676 -25.9811 0 0 0
v -20.6212 -17.0009 -25.9811 0 0 0
v -25.6212 -16.0342 -20.9811 0 0 0
v -25.6212 -16.0342 -20.9811 0 0 0
v -20.6212 -17.0009 -25.9811 0 0 0
v -20.6212 -16.1842 -20.9811 0 0 0
v -20.6212 -17.0009 -25.9811 0 0 0
v -15.6212 -16.4843 -25.9811 0 0 0
v -20.6212 -16.1842 -20.9811 0 0 0
v -20.6212 -16.1842 -20.9811 0 0 0
v -15.6212 -16.4843 -25.9811 0 0 0
v -15.6212 -15.5343 -20.9811 0 0 0
v -15.6212 -16.4843 -25.9811 0 0 0
v -10.6212 -15.7844 -25.9811 0 0 0
v -15.6212 -15.5343 -20.9811 0 0 0
v -15.6212 -15.5343 -20.9811 0 0 0
v -10.6212 -15.7844 -25.9811 0 0 0
v -10.6212 -14.8675 -20.9811 0 0 0
v -10.6212 -15.7844 -25.9811 0 0 0
v -5.62122 -14.4843 -25.9811 0 0 0
v -10.6212 -14.8675 -20.9811 0 0 0
v -10.6212 -14.8675 -20.9811 0 0 0
v -5.62122 -14.4843 -25.9811 0 0 0
v -5.62122 -14.2342 -20.9811 0 0 0
v -5.62122 -14.4843 -25.9811 0 0 0
v -0.621216 -13.2342 -25.9811 0 0 0
v -5.62122 -14.2342 -20.9811 0 0 0
v -5.62122 -14.2342 -20.9811 0 0 0
v -0.621216 -13.2342 -25.9811 0 0 0
v -0.621216 -13.6343 -20.9811 0 0 0
v -0.621216 -13.2342 -25.9811 0 0 0
v 4.37878 -11.9343 -25.9811 0 0 0
v -0.621216 -13.6343 -20.9811 0 0 0
v -0.621216 -13.6343 -20.9811 0 0 0
v 4.37878 -11.9343 -25.9811 0 0 0
v 4.37878 -12.6342 -20.9811 0 0 0
v 4.37878 -11.9343 -25.9811 0 0 0
v 9.37878 -10.9344 -25.9811 0 0 0
v 4.37878 -12.6342 -20.9811 0 0 0
v 4.37878 -12.6342 -20.9811 0 0 0
v 9.37878 -10.9344 -25.9811 0 0 0
v 9.37878 -10.8843 -20.9811 0 0 0
v 9.37878 -10.9344 -25.9811 0 0 0
v 14.3788 -9.88427 -25.9811 0 0 0
v 9.37878 -10.8843 -20.9811 0 0 0
v 9.37878 -10.8843 -20.9811 0 0 0
v 14.3788 -9.88427 -25.9811 0 0 0
v 14.3788 -10.0676 -20.9811 0 0 0
v 14.3788 -9.88427 -25.9811 0 0 0
v 19.3788 -8.83416 -25.9811 0 0 0
v 14.3788 -10.0676 -20.9811 0 0 0
v 14.3788 -10.0676 -20.9811 0 0 0
v 19.3788 -8.83416 -25.9811 0 0 0
v 19.3788 -8.801 -20.9811 0 0 0
v 19.3788 -8.83416 -25.9811 0 0 0
v 24.3788 -8.03429 -25.9811 0 0 0
v 19.3788 -8.801 -20.9811 0 0 0
v 19.3788 -8.801 -20.9811 0 0 0
v 24.3788 -8.03429 -25.9811 0 0 0
v 24.3788 -7.43432 -20.9811 0 0 0
v 24.3788 -8.03429 -25.9811 0 0 0
v 29.3788 -6.68435 -25.9811 0 0 0
v 24.3788 -7.43432 -20.9811 0 0 0
v 24.3788 -7.43432 -20.9811 0 0 0
v 29.3788 -6.68435 -25.9811 0 0 0
v 29.3788 -6.53435 -20.9811 0 0 0
v 29.3788 -6.68435 -25.9811 0 0 0
v 34.3788 -5.3344 -25.9811 0 0 0
v 29.3788 -6.53435 -20.9811 0 0 0
v 29.3788 -6.53435 -20.9811 0 0 0
v 34.3788 -5.3344 -25.9811 0 0 0
v 34.3788 -5.33425 -20.9811 0 0 0
v 34.3788 -5.3344 -25.9811 0 0 0
v 39.3788 -4.33434 -25.9811 0 0 0
v 34.3788 -5.33425 -20.9811 0 0 0
v 34.3788 -5.33425 -20.9811 0 0 0
v 39.3788 -4.33434 -25.9811 0 0 0
v 39.3788 -3.83416 -20.9811 0 0 0
v 39.3788 -4.33434 -25.9811 0 0 0
v 44.3788 -3.13439 -25.9811 0 0 0
v 39.3788 -3.83416 -20.9811 0 0 0
v 39.3788 -3.83416 -20.9811 0 0 0
v 44.3788 -3.13439 -25.9811 0 0 0
v 44.3788 -2.93419 -20.9811 0 0 0
v 44.3788 -3.13439 -25.9811 0 0 0
v 49.3788 -2.18423 -25.9811 0 0 0
v 44.3788 -2.93419 -20.9811 0 0 0
v 44.3788 -2.93419 -20.9811 0 0 0
v 49.3788 -2.18423 -25.9811 0 0 0
v 49.3788 -2.8344 -20.9811 0 0 0
v 49.3788 -2.18423 -25.9811 0 0 0
v 54.3788 -1.63415 -25.9811 0 0 0
v 49.3788 -2.8344 -20.9811 0 0 0
v 49.3788 -2.8344 -20.9811 0 0 0
v 54.3788 -1.63415 -25.9811 0 0 0
v 54.3788 -2.08428 -20.9811 0 0 0
v 54.3788 -1.63415 -25.9811 0 0 0
v 59.3788 -1.43426 -25.9811 0 0 0
v 54.3788 -2.08428 -20.9811 0 0 0
v 54.3788 -2.08428 -20.9811 0 0 0
v 59.3788 -1.43426 -25.9811 0 0 0
v 59.3788 -1.63415 -20.9811 0 0 0
v 59.3788 -1.43426 -25.9811 0 0 0
v 64.3788 -0.534292 -25.9811 0 0 0
v 59.3788 -1.63415 -20.9811 0 0 0
v 59.3788 -1.63415 -20.9811 0 0 0
v 64.3788 -0.534292 -25.9811 0 0 0
v 64.3788 -0.0341093 -20.9811 0 0 0
v 64.3788 -0.534292 -25.9811 0 0 0
v 69.3788 1.76582 -25.9811 0 0 0
v 64.3788 -0.0341093 -20.9811 0 0 0
v 64.3788 -0.0341093 -20.9811 0 0 0
v 69.3788 1.76582 -25.9811 0 0 0
v 69.3788 0.815805 -20.9811 0 0 0
v 69.3788 1.76582 -25.9811 0 0 0
v 74.3788 4.86579 -25.9811 0 0 0
v 69.3788 0.815805 -20.9811 0 0 0
v 69.3788 0.815805 -20.9811 0 0 0
v 74.3788 4.86579 -25.9811 0 0 0
v 74.3788 4.41581 -20.9811 0 0 0
v 74.3788 4.86579 -25.9811 0 0 0
v 79.3788 7.76573 -25.9811 0 0 0
v 74.3788 4.41581 -20.9811 0 0 0
v 74.3788 4.41581 -20.9811 0 0 0
v 79.3788 7.76573 -25.9811 0 0 0
v 79.3788 8.36585 -20.9811 0 0 0
v 79.3788 7.76573 -25.9811 0 0 0
v 84.3788 9.7657 -25.9811 0 0 0
v 79.3788 8.36585 -20.9811 0 0 0
v 79.3788 8.36585 -20.9811 0 0 0
v 84.3788 9.7657 -25.9811 0 0 0
v 84.3788 9.46571 -20.9811 0 0 0
v 84.3788 9.7657 -25.9811 0 0 0
v -140.621 -44.4341 -45.9811 0 0 0
v 84.3788 9.46571 -20.9811 0 0 0
v 84.3788 9.46571 -20.9811 0 0 0
v -140.621 -44.4341 -45.9811 0 0 0
v 89.3788 10.9991 -20.9811 0 0 0
v -140.621 -44.4341 -45.9811 0 0 0
v -140.621 -44.4341 -45.9811 0 0 0
v 89.3788 10.9991 -20.9811 0 0 0
v 89.3788 10.9991 -20.9811 0 0 0
v -140.621 -44.4341 -45.9811 0 0 0
v 94.3788 12.9324 -20.9811 0 0 0
v -140.621 -44.4341 -45.9811 0 0 0
v -140.621 -44.4341 -45.9811 0 0 0
v 94.3788 12.9324 -20.9811 0 0 0
v 94.3788 12.9324 -20.9811 0 0 0
v -140.621 -44.4341 -45.9811 0 0 0
v 99.3788 13.7658 -20.9811 0 0 0
v -140.621 -44.4341 -45.9811 0 0 0
v -140.621 -44.4341 -45.9811 0 0 0
v 99.3788 13.7658 -20.9811 0 0 0
v 99.3788 13.7658 -20.9811 0 0 0
v -140.621 -44.4341 -45.9811 0 0 0
v 104.379 16.3657 -20.9811 0 0 0
v -140.621 -44.4341 -45.9811 0 0 0
v -140.621 -44.4341 -45.9811 0 0 0
v 104.379 16.3657 -20.9811 0 0 0
v 104.379 16.3657 -20.9811 0 0 0
v -140.621 -44.4341 -45.9811 0 0 0
v 109.379 20.1658 -20.9811 0 0 0
v -140.621 -44.4341 -45.9811 0 0 0
v -140.621 -44.4341 -45.9811 0 0 0
v 109.379 20.1658 -20.9811 0 0 0
v 109.379 20.1658 -20.9811 0 0 0
v -140.621 -44.4341 -45.9811 0 0 0
v 114.379 21.3657 -20.9811 0 0 0
v -140.621 -44.4341 -45.9811 0 0 0
v -140.621 -44.4341 -45.9811 0 0 0
v 114.379 21.3657 -20.9811 0 0 0
v 114.379 21.3657 -20.9811 0 0 0
v -140.621 -44.4341 -45.9811 0 0 0
v -140.621 -44.4341 -45.9811 0 0 0
v -140.621 -44.4341 -45.9811 0 0 0
v -140.621 -44.4341 -45.9811 0 0 0
v -140.621 -44.4341 -45.9811 0 0 0
v -140.621 -44.4341 -45.9811 0 0 0
v -140.621 -44.4341 -45.9811 0 0 0
v -140.621 -44.4341 -45.9811 0 0 0
v -140.621 -44.4341 -45.9811 0 0 0
v -140.621 -44.4341 -45.9811 0 0 0
v -140.621 -44.4341 -45.9811 0 0 0
v -140.621 -44.4341 -45.9811 0 0 0
v -140.621 -44.4341 -45.9811 0 0 0
v 129.379 28.2658 -20.9811 0 0 0
v -140.621 -44.4341 -45.9811 0 0 0
v -140.621 -44.4341 -45.9811 0 0 0
v 129.379 28.2658 -20.9811 0 0 0
v 129.379 28.2658 -20.9811 0 0 0
v -140.621 -44.4341 -45.9811 0 0 0
v 134.379 30.3158 -20.9811 0 0 0
v -140.621 -44.4341 -45.9811 0 0 0
v -140.621 -44.4341 -45.9811 0 0 0
v 134.379 30.3158 -20.9811 0 0 0
v 134.379 30.3158 -20.9811 0 0 0
v -140.621 -44.4341 -45.9811 0 0 0
v 139.379 32.1656 -20.9811 0 0 0
v -140.621 -44.4341 -45.9811 0 0 0
v -140.621 -44.4341 -45.9811 0 0 0
v 139.379 32.1656 -20.9811 0 0 0
v 139.379 32.1656 -20.9811 0 0 0
v -140.621 -44.4341 -45.9811 0 0 0
v -140.621 -44.4341 -45.9811 0 0 0
v -140.621 -44.4341 -45.9811 0 0 0
v -140.621 -44.4341 -45.9811 0 0 0
v -140.621 -44.4341 -45.9811 0 0 0
v -140.621 -44.4341 -45.9811 0 0 0
v -140.621 -44.4341 -45.9811 0 0 0
v -140.621 -44.4341 -45.9811 0 0 0
v -140.621 -44.4341 -45.9811 0 0 0
v -140.621 -44.4341 -45.9811 0 0 0
v -140.621 -44.4341 -45.9811 0 0 0
v -140.621 -44.4341 -45.9811 0 0 0
v -140.621 -44.4341 -45.9811 0 0 0
v -140.621 -44.4341 -45.9811 0 0 0
v -140.621 -44.4341 -45.9811 0 0 0
v -140.621 -44.4341 -45.9811 0 0 0
v -140.621 -44.4341 -45.9811 0 0 0
v -140.621 -44.4341 -45.9811 0 0 0
v -140.621 -44.4341 -45.9811 0 0 0
v -140.621 -44.4341 -45.9811 0 0 0
v -140.621 -44.4341 -45.9811 0 0 0
v -140.621 -44.4341 -45.9811 0 0 0
v -140.621 -44.4341 -45.9811 0 0 0
v -140.621 -44.4341 -45.9811 0 0 0
v -140.621 -44.4341 -45.9811 0 0 0
v -140.621 -44.4341 -45.9811 0 0 0
v -140.621 -44.4341 -45.9811 0 0 0
v -140.621 -44.4341 -45.9811 0 0 0
v -140.621 -44.4341 -45.9811 0 0 0
v -140.621 -44.4341 -45.9811 0 0 0
v -140.621 -44.4341 -45.9811 0 0 0
v -140.621 -44.4341 -45.9811 0 0 0
v -140.621 -44.4341 -45.9811 0 0 0
v -140.621 -44.4341 -45.9811 0 0 0
v -140.621 -44.4341 -45.9811 0 0 0
v -140.621 -44.4341 -45.9811 0 0 0
v -140.621 -44.4341 -45.9811 0 0 0
v -140.621 -44.4341 -45.9811 0 0 0
v -140.621 -44.4341 -45.9811 0 0 0
v -140.621 -44.4341 -45.9811 0 0 0
v -140.621 -44.4341 -45.9811 0 0 0
v -140.621 -44.4341 -45.9811 0 0 0
v -140.621 -44.4341 -45.9811 0 0 0
v -140.621 -44.4341 -45.9811 0 0 0
v -140.621 -44.4341 -45.9811 0 0 0
v -140.621 -44.4341 -45.9811 0 0 0
v -140.621 -44.4341 -45.9811 0 0 0
v -140.621 -44.4341 -45.9811 0 0 0
v -140.621 -44.4341 -45.9811 0 0 0
v -140.621 -44.4341 -45.9811 0 0 0
v -140.621 -44.4341 -45.9811 0 0 0
v -140.621 -44.4341 -45.9811 0 0 0
v -140.621 -44.4341 -45.9811 0 0 0
v -140.621 -44.4341 -45.9811 0 0 0
v -140.621 -44.4341 -45.9811 0 0 0
v -140.621 -44.4341 -45.9811 0 0 0
v -140.621 -44.4341 -45.9811 0 0 0
v -140.621 -44.4341 -45.9811 0 0 0
v -140.621 -44.4341 -45.9811 0 0 0
v -140.621 -44.4341 -45.9811 0 0 0
v -140.621 -44.4341 -45.9811 0 0 0
v -140.621 -44.4341 -45.9811 0 0 0
v -140.621 -44.4341 -45.9811 0 0 0
v -140.621 -44.4341 -45.9811 0 0 0
v -140.621 -44.4341 -45.9811 0 0 0
v -140.621 -44.4341 -45.9811 0 0 0
v -140.621 -44.4341 -45.9811 0 0 0
v -140.621 -44.4341 -45.9811 0 0 0
v -140.621 -44.4341 -45.9811 0 0 0
v -140.621 -44.4341 -45.9811 0 0 0
v -140.621 -44.4341 -45.9811 0 0 0
v -140.621 -44.4341 -45.9811 0 0 0
v -140.621 -44.4341 -45.9811 0 0 0
v -140.621 -44.4341 -45.9811 0 0 0
v -140.621 -44.4341 -45.9811 0 0 0
v -140.621 -44.4341 -45.9811 0 0 0
v -140.621 -44.4341 -45.9811 0 0 0
v -140.621 -44.4341 -45.9811 0 0 0
v -140.621 -44.4341 -45.9811 0 0 0
v -140.621 -44.4341 -45.9811 0 0 0
v -140.621 -44.4341 -45.9811 0 0 0
v -140.621 -44.4341 -45.9811 0 0 0
v -140.621 -44.4341 -45.9811 0 0 0
v -140.621 -44.4341 -45.9811 0 0 0
v -140.621 -44.4341 -45.9811 0 0 0
v -140.621 -44.4341 -45.9811 0 0 0
v -195.621 -55.8343 -45.9811 0 0 0
v -195.621 -54.9342 -20.9811 0 0 0
v -195.621 -55.8343 -45.9811 0 0 0
v -195.621 -55.8343 -45.9811 0 0 0
v -195.621 -54.9342 -20.9811 0 0 0
v -195.621 -54.8009 -15.9811 0 0 0
v -195.621 -54.9342 -20.9811 0 0 0
v -190.621 -54.6343 -20.9811 0 0 0
v -195.621 -54.8009 -15.9811 0 0 0
v -195.621 -54.8009 -15.9811 0 0 0
v -190.621 -54.6343 -20.9811 0 0 0
v -190.621 -54.5342 -15.9811 0 0 0
v -190.621 -54.6343 -20.9811 0 0 0
v -185.621 -54.3842 -20.9811 0 0 0
v -190.621 -54.5342 -15.9811 0 0 0
v -190.621 -54.5342 -15.9811 0 0 0
v -185.621 -54.3842 -20.9811 0 0 0
v -185.621 -54.3842 -15.9811 0 0 0
v -185.621 -54.3842 -20.9811 0 0 0
v -180.621 -54.0344 -20.9811 0 0 0
v -185.621 -54.3842 -15.9811 0 0 0
v -185.621 -54.3842 -15.9811 0 0 0
v -180.621 -54.0344 -20.9811 0 0 0
v -180.621 -54.0344 -15.9811 0 0 0
v -180.621 -54.0344 -20.9811 0 0 0
v -175.621 -53.9343 -20.9811 0 0 0
v -180.621 -54.0344 -15.9811 0 0 0
v -180.621 -54.0344 -15.9811 0 0 0
v -175.621 -53.9343 -20.9811 0 0 0
v -175.621 -53.9843 -15.9811 0 0 0
v -175.621 -53.9343 -20.9811 0 0 0
v -170.621 -54.1341 -20.9811 0 0 0
v -175.621 -53.9843 -15.9811 0 0 0
v -175.621 -53.9843 -15.9811 0 0 0
v -170.621 -54.1341 -20.9811 0 0 0
v -170.621 -53.8342 -15.9811 0 0 0
v -170.621 -54.1341 -20.9811 0 0 0
v -165.621 -54.3343 -20.9811 0 0 0
v -170.621 -53.8342 -15.9811 0 0 0
v -170.621 -53.8342 -15.9811 0 0 0
v -165.621 -54.3343 -20.9811 0 0 0
v -165.621 -53.7344 -15.9811 0 0 0
v -165.621 -54.3343 -20.9811 0 0 0
v -160.621 -53.7344 -20.9811 0 0 0
v -165.621 -53.7344 -15.9811 0 0 0
v -165.621 -53.7344 -15.9811 0 0 0
v -160.621 -53.7344 -20.9811 0 0 0
v -160.621 -53.6343 -15.9811 0 0 0
v -160.621 -53.7344 -20.9811 0 0 0
v -155.621 -53.0343 -20.9811 0 0 0
v -160.621 -53.6343 -15.9811 0 0 0
v -160.621 -53.6343 -15.9811 0 0 0
v -155.621 -53.0343 -20.9811 0 0 0
v -155.621 -51.5342 -15.9811 0 0 0
v -155.621 -53.0343 -20.9811 0 0 0
v -150.621 -50.9843 -20.9811 0 0 0
v -155.621 -51.5342 -15.9811 0 0 0
v -155.621 -51.5342 -15.9811 0 0 0
v -150.621 -50.9843 -20.9811 0 0 0
v -150.621 -49.4341 -15.9811 0 0 0
v -150.621 -50.9843 -20.9811 0 0 0
v -145.621 -48.0343 -20.9811 0 0 0
v -150.621 -49.4341 -15.9811 0 0 0
v -150.621 -49.4341 -15.9811 0 0 0
v -145.621 -48.0343 -20.9811 0 0 0
v -145.621 -48.0343 -15.9811 0 0 0
v -145.621 -48.0343 -20.9811 0 0 0
v -140.621 -45.0343 -20.9811 0 0 0
v -145.621 -48.0343 -15.9811 0 0 0
v -145.621 -48.0343 -15.9811 0 0 0
v -140.621 -45.0343 -20.9811 0 0 0
v -140.621 -45.9344 -15.9811 0 0 0
v -140.621 -45.0343 -20.9811 0 0 0
v -135.621 -43.6842 -20.9811 0 0 0
v -140.621 -45.9344 -15.9811 0 0 0
v -140.621 -45.9344 -15.9811 0 0 0
v -135.621 -43.6842 -20.9811 0 0 0
v -135.621 -43.6343 -15.9811 0 0 0
v -135.621 -43.6842 -20.9811 0 0 0
v -130.621 -41.3342 -20.9811 0 0 0
v -135.621 -43.6343 -15.9811 0 0 0
v -135.621 -43.6343 -15.9811 0 0 0
v -130.621 -41.3342 -20.9811 0 0 0
v -130.621 -40.6344 -15.9811 0 0 0
v -130.621 -41.3342 -20.9811 0 0 0
v -125.621 -38.9343 -20.9811 0 0 0
v -130.621 -40.6344 -15.9811 0 0 0
v -130.621 -40.6344 -15.9811 0 0 0
v -125.621 -38.9343 -20.9811 0 0 0
v -125.621 -39.7343 -15.9811 0 0 0
v -125.621 -38.9343 -20.9811 0 0 0
v -120.621 -37.0676 -20.9811 0 0 0
v -125.621 -39.7343 -15.9811 0 0 0
v -125.621 -39.7343 -15.9811 0 0 0
v -120.621 -37.0676 -20.9811 0 0 0
v -120.621 -36.7342 -15.9811 0 0 0
v -120.621 -37.0676 -20.9811 0 0 0
v -115.621 -35.3344 -20.9811 0 0 0
v -120.621 -36.7342 -15.9811 0 0 0
v -120.621 -36.7342 -15.9811 0 0 0
v -115.621 -35.3344 -20.9811 0 0 0
v -115.621 -32.9343 -15.9811 0 0 0
v -115.621 -35.3344 -20.9811 0 0 0
v -110.621 -27.7343 -20.9811 0 0 0
v -115.621 -32.9343 -15.9811 0 0 0
v -115.621 -32.9343 -15.9811 0 0 0
v -110.621 -27.7343 -20.9811 0 0 0
v -110.621 -26.5344 -15.9811 0 0 0
v -110.621 -27.7343 -20.9811 0 0 0
v -105.621 -21.6842 -20.9811 0 0 0
v -110.621 -26.5344 -15.9811 0 0 0
v -110.621 -26.5344 -15.9811 0 0 0
v -105.621 -21.6842 -20.9811 0 0 0
v -105.621 -20.0341 -15.9811 0 0 0
v -105.621 -21.6842 -20.9811 0 0 0
v -100.621 -23.0843 -20.9811 0 0 0
v -105.621 -20.0341 -15.9811 0 0 0
v -105.621 -20.0341 -15.9811 0 0 0
v -100.621 -23.0843 -20.9811 0 0 0
v -100.621 -21.4843 -15.9811 0 0 0
v -100.621 -23.0843 -20.9811 0 0 0
v -95.6212 -21.7342 -20.9811 0 0 0
v -100.621 -21.4843 -15.9811 0 0 0
v -100.621 -21.4843 -15.9811 0 0 0
v -95.6212 -21.7342 -20.9811 0 0 0
v -95.6212 -18.5675 -15.9811 0 0 0
v -95.6212 -21.7342 -20.9811 0 0 0
v -90.6212 -18.5342 -20.9811 0 0 0
v -95.6212 -18.5675 -15.9811 0 0 0
v -95.6212 -18.5675 -15.9811 0 0 0
v -90.6212 -18.5342 -20.9811 0 0 0
v -90.6212 -17.7343 -15.9811 0 0 0
v -90.6212 -18.5342 -20.9811 0 0 0
v -85.6212 -18.1843 -20.9811 0 0 0
v -90.6212 -17.7343 -15.9811 0 0 0
v -90.6212 -17.7343 -15.9811 0 0 0
v -85.6212 -18.1843 -20.9811 0 0 0
v -85.6212 -17.1343 -15.9811 0 0 0
v -85.6212 -18.1843 -20.9811 0 0 0
v -80.6212 -17.4343 -20.9811 0 0 0
v -85.6212 -17.1343 -15.9811 0 0 0
v -85.6212 -17.1343 -15.9811 0 0 0
v -80.6212 -17.4343 -20.9811 0 0 0
v -80.6212 -16.8343 -15.9811 0 0 0
v -80.6212 -17.4343 -20.9811 0 0 0
v -75.6212 -17.2343 -20.9811 0 0 0
v -80.6212 -16.8343 -15.9811 0 0 0
v -80.6212 -16.8343 -15.9811 0 0 0
v -75.6212 -17.2343 -20.9811 0 0 0
v -75.6212 -4.78432 -15.9811 0 0 0
v -75.6212 -17.2343 -20.9811 0 0 0
v -70.6212 -16.7342 -20.9811 0 0 0
v -75.6212 -4.78432 -15.9811 0 0 0
v -75.6212 -4.78432 -15.9811 0 0 0
v -70.6212 -16.7342 -20.9811 0 0 0
v -70.6212 -16.6341 -15.9811 0 0 0
v -70.6212 -16.7342 -20.9811 0 0 0
v -65.6212 -16.7342 -20.9811 0 0 0
v -70.6212 -16.6341 -15.9811 0 0 0
v -70.6212 -16.6341 -15.9811 0 0 0
v -65.6212 -16.7342 -20.9811 0 0 0
v -65.6212 -16.3343 -15.9811 0 0 0
v -65.6212 -16.7342 -20.9811 0 0 0
v -60.6212 -16.6843 -20.9811 0 0 0
v -65.6212 -16.3343 -15.9811 0 0 0
v -65.6212 -16.3343 -15.9811 0 0 0
v -60.6212 -16.6843 -20.9811 0 0 0
v -60.6212 -16.4343 -15.9811 0 0 0
v -60.6212 -16.6843 -20.9811 0 0 0
v -55.6212 -16.4343 -20.9811 0 0 0
v -60.6212 -16.4343 -15.9811 0 0 0
v -60.6212 -16.4343 -15.9811 0 0 0
v -55.6212 -16.4343 -20.9811 0 0 0
v -55.6212 -16.0844 -15.9811 0 0 0
v -55.6212 -16.4343 -20.9811 0 0 0
v -50.6212 -16.2342 -20.9811 0 0 0
v -55.6212 -16.0844 -15.9811 0 0 0
v -55.6212 -16.0844 -15.9811 0 0 0
v -50.6212 -16.2342 -20.9811 0 0 0
v -50.6212 -16.1343 -15.9811 0 0 0
v -50.6212 -16.2342 -20.9811 0 0 0
v -45.6212 -16.3342 -20.9811 0 0 0
v -50.6212 -16.1343 -15.9811 0 0 0
v -50.6212 -16.1343 -15.9811 0 0 0
v -45.6212 -16.3342 -20.9811 0 0 0
v -45.6212 -15.9843 -15.9811 0 0 0
v -45.6212 -16.3342 -20.9811 0 0 0
v -40.6212 -16.6341 -20.9811 0 0 0
v -45.6212 -15.9843 -15.9811 0 0 0
v -45.6212 -15.9843 -15.9811 0 0 0
v -40.6212 -16.6341 -20.9811 0 0 0
v -40.6212 -16.0842 -15.9811 0 0 0
v -40.6212 -16.6341 -20.9811 0 0 0
v -35.6212 -16.3842 -20.9811 0 0 0
v -40.6212 -16.0842 -15.9811 0 0 0
v -40.6212 -16.0842 -15.9811 0 0 0
v -35.6212 -16.3842 -20.9811 0 0 0
v -35.6212 -16.2843 -15.9811 0 0 0
v -35.6212 -16.3842 -20.9811 0 0 0
v -30.6212 -16.2344 -20.9811 0 0 0
v -35.6212 -16.2843 -15.9811 0 0 0
v -35.6212 -16.2843 -15.9811 0 0 0
v -30.6212 -16.2344 -20.9811 0 0 0
v -30.6212 -16.0342 -15.9811 0 0 0
v -30.6212 -16.2344 -20.9811 0 0 0
v -25.6212 -16.0342 -20.9811 0 0 0
v -30.6212 -16.0342 -15.9811 0 0 0
v -30.6212 -16.0342 -15.9811 0 0 0
v -25.6212 -16.0342 -20.9811 0 0 0
v -25.6212 -15.9843 -15.9811 0 0 0
v -25.6212 -16.0342 -20.9811 0 0 0
v -20.6212 -16.1842 -20.9811 0 0 0
v -25.6212 -15.9843 -15.9811 0 0 0
v -25.6212 -15.9843 -15.9811 0 0 0
v -20.6212 -16.1842 -20.9811 0 0 0
v -20.6212 -15.6344 -15.9811 0 0 0
v -20.6212 -16.1842 -20.9811 0 0 0
v -15.6212 -15.5343 -20.9811 0 0 0
v -20.6212 -15.6344 -15.9811 0 0 0
v -20.6212 -15.6344 -15.9811 0 0 0
v -15.6212 -15.5343 -20.9811 0 0 0
v -15.6212 -15.6344 -15.9811 0 0 1
v -15.6212 -15.5343 -20.9811 0 0 0
v -10.6212 -14.8675 -20.9811 0 0 0
v -15.6212 -15.6344 -15.9811 0 0 1
v -15.6212 -15.6344 -15.9811 0 0 1
v -10.6212 -14.8675 -20.9811 0 0 0
v -10.6212 -15.0843 -15.9811 0 0 1
v -10.6212 -14.8675 -20.9811 0 0 0
v -5.62122 -14.2342 -20.9811 0 0 0
v -10.6212 -15.0843 -15.9811 0 0 1
v -10.6212 -15.0843 -15.9811 0 0 1
v -5.62122 -14.2342 -20.9811 0 0 0
v -5.62122 -13.3343 -15.9811 0 0 1
v -5.62122 -14.2342 -20.9811 0 0 0
v -0.621216 -13.6343 -20.9811 0 0 0
v -5.62122 -13.3343 -15.9811 0 0 1
v -5.62122 -13.3343 -15.9811 0 0 1
v -0.621216 -13.6343 -20.9811 0 0 0
v -0.621216 -12.4343 -15.9811 0 0 0
v -0.621216 -13.6343 -20.9811 0 0 0
v 4.37878 -12.6342 -20.9811 0 0 0
v -0.621216 -12.4343 -15.9811 0 0 0
v -0.621216 -12.4343 -15.9811 0 0 0
v 4.37878 -12.6342 -20.9811 0 0 0
v 4.37878 -11.1343 -15.9811 0 0 0
v 4.37878 -12.6342 -20.9811 0 0 0
v 9.37878 -10.8843 -20.9811 0 0 0
v 4.37878 -11.1343 -15.9811 0 0 0
v 4.37878 -11.1343 -15.9811 0 0 0
v 9.37878 -10.8843 -20.9811 0 0 0
v 9.37878 -9.83422 -15.9811 0 0 0
v 9.37878 -10.8843 -20.9811 0 0 0
v 14.3788 -10.0676 -20.9811 0 0 0
v 9.37878 -9.83422 -15.9811 0 0 0
v 9.37878 -9.83422 -15.9811 0 0 0
v 14.3788 -10.0676 -20.9811 0 0 0
v 14.3788 -9.0342 -15.9811 0 0 0
v 14.3788 -10.0676 -20.9811 0 0 0
v 19.3788 -8.801 -20.9811 0 0 0
v 14.3788 -9.0342 -15.9811 0 0 0
v 14.3788 -9.0342 -15.9811 0 0 0
v 19.3788 -8.801 -20.9811 0 0 0
v 19.3788 -7.93419 -15.9811 0 0 0
v 19.3788 -8.801 -20.9811 0 0 0
v 24.3788 -7.43432 -20.9811 0 0 0
v 19.3788 -7.93419 -15.9811 0 0 0
v 19.3788 -7.93419 -15.9811 0 0 0
v 24.3788 -7.43432 -20.9811 0 0 0
v 24.3788 -7.38427 -15.9811 0 0 0
v 24.3788 -7.43432 -20.9811 0 0 0
v 29.3788 -6.53435 -20.9811 0 0 0
v 24.3788 -7.38427 -15.9811 0 0 0
v 24.3788 -7.38427 -15.9811 0 0 0
v 29.3788 -6.53435 -20.9811 0 0 0
v 29.3788 -6.63415 -15.9811 0 0 0
v 29.3788 -6.53435 -20.9811 0 0 0
v 34.3788 -5.33425 -20.9811 0 0 0
v 29.3788 -6.63415 -15.9811 0 0 0
v 29.3788 -6.63415 -15.9811 0 0 0
v 34.3788 -5.33425 -20.9811 0 0 0
v 34.3788 -5.3344 -15.9811 0 0 0
v 34.3788 -5.33425 -20.9811 0 0 0
v 39.3788 -3.83416 -20.9811 0 0 0
v 34.3788 -5.3344 -15.9811 0 0 0
v 34.3788 -5.3344 -15.9811 0 0 0
v 39.3788 -3.83416 -20.9811 0 0 0
v 39.3788 -4.28429 -15.9811 0 0 0
v 39.3788 -3.83416 -20.9811 0 0 0
v 44.3788 -2.93419 -20.9811 0 0 0
v 39.3788 -4.28429 -15.9811 0 0 0
v 39.3788 -4.28429 -15.9811 0 0 0
v 44.3788 -2.93419 -20.9811 0 0 0
v 44.3788 -3.18436 -15.9811 0 0 0
v 44.3788 -2.93419 -20.9811 0 0 0
v 49.3788 -2.8344 -20.9811 0 0 0
v 44.3788 -3.18436 -15.9811 0 0 0
v 44.3788 -3.18436 -15.9811 0 0 0
v 49.3788 -2.8344 -20.9811 0 0 0
v 49.3788 -2.73415 -15.9811 0 0 0
v 49.3788 -2.8344 -20.9811 0 0 0
v 54.3788 -2.08428 -20.9811 0 0 0
v 49.3788 -2.73415 -15.9811 0 0 0
v 49.3788 -2.73415 -15.9811 0 0 0
v 54.3788 -2.08428 -20.9811 0 0 0
v 54.3788 0.165781 -15.9811 0 0 0
v 54.3788 -2.08428 -20.9811 0 0 0
v 59.3788 -1.63415 -20.9811 0 0 0
v 54.3788 0.165781 -15.9811 0 0 0
v 54.3788 0.165781 -15.9811 0 0 0
v 59.3788 -1.63415 -20.9811 0 0 0
v 59.3788 9.19909 -15.9811 0 0 0
v 59.3788 -1.63415 -20.9811 0 0 0
v 64.3788 -0.0341093 -20.9811 0 0 0
v 59.3788 9.19909 -15.9811 0 0 0
v 59.3788 9.19909 -15.9811 0 0 0
v 64.3788 -0.0341093 -20.9811 0 0 0
v 64.3788 0.465769 -15.9811 0 0 0
v 64.3788 -0.0341093 -20.9811 0 0 0
v 69.3788 0.815805 -20.9811 0 0 0
v 64.3788 0.465769 -15.9811 0 0 0
v 64.3788 0.465769 -15.9811 0 0 0
v 69.3788 0.815805 -20.9811 0 0 0
v 69.3788 1.31584 -15.9811 0 0 0
v 69.3788 0.815805 -20.9811 0 0 0
v 74.3788 4.41581 -20.9811 0 0 0
v 69.3788 1.31584 -15.9811 0 0 0
v 69.3788 1.31584 -15.9811 0 0 0
v 74.3788 4.41581 -20.9811 0 0 0
v 74.3788 3.46565 -15.9811 0 0 0
v 74.3788 4.41581 -20.9811 0 0 0
v 79.3788 8.36585 -20.9811 0 0 0
v 74.3788 3.46565 -15.9811 0 0 0
v 74.3788 3.46565 -15.9811 0 0 0
v 79.3788 8.36585 -20.9811 0 0 0
v 79.3788 7.76573 -15.9811 0 0 0
v 79.3788 8.36585 -20.9811 0 0 0
v 84.3788 9.46571 -20.9811 0 0 0
v 79.3788 7.76573 -15.9811 0 0 0
v 79.3788 7.76573 -15.9811 0 0 0
v 84.3788 9.46571 -20.9811 0 0 0
v 84.3788 9.56581 -15.9811 0 0 0
v 84.3788 9.46571 -20.9811 0 0 0
v 89.3788 10.9991 -20.9811 0 0 0
v 84.3788 9.56581 -15.9811 0 0 0
v 84.3788 9.56581 -15.9811 0 0 0
v 89.3788 10.9991 -20.9811 0 0 0
v 89.3788 10.7658 -15.9811 0 0 0
v 89.3788 10.9991 -20.9811 0 0 0
v 94.3788 12.9324 -20.9811 0 0 0
v 89.3788 10.7658 -15.9811 0 0 0
v 89.3788 10.7658 -15.9811 0 0 0
v 94.3788 12.9324 -20.9811 0 0 0
v 94.3788 14.3157 -15.9811 0 0 0
v 94.3788 12.9324 -20.9811 0 0 0
v 99.3788 13.7658 -20.9811 0 0 0
v 94.3788 14.3157 -15.9811 0 0 0
v 94.3788 14.3157 -15.9811 0 0 0
v 99.3788 13.7658 -20.9811 0 0 0
v 99.3788 13.6658 -15.9811 0 0 0
v 99.3788 13.7658 -20.9811 0 0 0
v 104.379 16.3657 -20.9811 0 0 0
v 99.3788 13.6658 -15.9811 0 0 0
v 99.3788 13.6658 -15.9811 0 0 0
v 104.379 16.3657 -20.9811 0 0 0
v 104.379 16.3657 -15.9811 0 0 0
v 104.379 16.3657 -20.9811 0 0 0
v 109.379 20.1658 -20.9811 0 0 0
v 104.379 16.3657 -15.9811 0 0 0
v 104.379 16.3657 -15.9811 0 0 0
v 109.379 20.1658 -20.9811 0 0 0
v 109.379 20.3657 -15.9811 0 0 0
v 109.379 20.1658 -20.9811 0 0 0
v 114.379 21.3657 -20.9811 0 0 0
v 109.379 20.3657 -15.9811 0 0 0
v 109.379 20.3657 -15.9811 0 0 0
v 114.379 21.3657 -20.9811 0 0 0
v 114.379 21.4158 -15.9811 0 0 0
v 114.379 21.3657 -20.9811 0 0 0
v -140.621 -44.4341 -45.9811 0 0 0
v 114.379 21.4158 -15.9811 0 0 0
v 114.379 21.4158 -15.9811 0 0 0
v -140.621 -44.4341 -45.9811 0 0 0
v 119.379 24.599 -15.9811 0 0 0
v -140.621 -44.4341 -45.9811 0 0 0
v -140.621 -44.4341 -45.9811 0 0 0
v 119.379 24.599 -15.9811 0 0 0
v 119.379 24.599 -15.9811 0 0 0
v -140.621 -44.4341 -45.9811 0 0 0
v 124.379 26.3657 -15.9811 0 0 0
v -140.621 -44.4341 -45.9811 0 0 0
v 129.379 28.2658 -20.9811 0 0 0
v 124.379 26.3657 -15.9811 0 0 0
v 124.379 26.3657 -15.9811 0 0 0
v 129.379 28.2658 -20.9811 0 0 0
v 129.379 28.4158 -15.9811 0 0 0
v 129.379 28.2658 -20.9811 0 0 0
v 134.379 30.3158 -20.9811 0 0 0
v 129.379 28.4158 -15.9811 0 0 0
v 129.379 28.4158 -15.9811 0 0 0
v 134.379 30.3158 -20.9811 0 0 0
v 134.379 30.7157 -15.9811 0 0 0
v 134.379 30.3158 -20.9811 0 0 0
v 139.379 32.1656 -20.9811 0 0 0
v 134.379 30.7157 -15.9811 0 0 0
v 134.379 30.7157 -15.9811 0 0 0
v 139.379 32.1656 -20.9811 0 0 0
v 139.379 32.7659 -15.9811 0 0 0
v 139.379 32.1656 -20.9811 0 0 0
v -140.621 -44.4341 -45.9811 0 0 0
v 139.379 32.7659 -15.9811 0 0 0
v 139.379 32.7659 -15.9811 0 0 0
v -140.621 -44.4341 -45.9811 0 0 0
v 144.379 34.0657 -15.9811 0 0 0
v -140.621 -44.4341 -45.9811 0 0 0
v -140.621 -44.4341 -45.9811 0 0 0
v 144.379 34.0657 -15.9811 0 0 0
v 144.379 34.0657 -15.9811 0 0 0
v -140.621 -44.4341 -45.9811 0 0 0
v 149.379 36.7658 -15.9811 0 0 0
v -140.621 -44.4341 -45.9811 0 0 0
v -140.621 -44.4341 -45.9811 0 0 0
v 149.379 36.7658 -15.9811 0 0 0
v 149.379 36.7658 -15.9811 0 0 0
v -140.621 -44.4341 -45.9811 0 0 0
v 154.379 37.7659 -15.9811 0 0 0
v -140.621 -44.4341 -45.9811 0 0 0
v -140.621 -44.4341 -45.9811 0 0 0
v 154.379 37.7659 -15.9811 0 0 0
v 154.379 37.7659 -15.9811 0 0 0
v -140.621 -44.4341 -45.9811 0 0 0
v 159.379 39.4158 -15.9811 0 0 0
v -140.621 -44.4341 -45.9811 0 0 0
v -140.621 -44.4341 -45.9811 0 0 0
v 159.379 39.4158 -15.9811 0 0 0
v 159.379 39.4158 -15.9811 0 0 0
v -140.621 -44.4341 -45.9811 0 0 0
v 164.379 41.0657 -15.9811 0 0 0
v -140.621 -44.4341 -45.9811 0 0 0
v -140.621 -44.4341 -45.9811 0 0 0
v 164.379 41.0657 -15.9811 0 0 0
v 164.379 41.0657 -15.9811 0 0 0
v -140.621 -44.4341 -45.9811 0 0 0
v 169.379 43.2658 -15.9811 0 0 0
v -140.621 -44.4341 -45.9811 0 0 0
v -140.621 -44.4341 -45.9811 0 0 0
v 169.379 43.2658 -15.9811 0 0 0
v 169.379 43.2658 -15.9811 0 0 0
v -140.621 -44.4341 -45.9811 0 0 0
v -140.621 -44.4341 -45.9811 0 0 0
v -140.621 -44.4341 -45.9811 0 0 0
v -140.621 -44.4341 -45.9811 0 0 0
v -140.621 -44.4341 -45.9811 0 0 0
v -140.621 -44.4341 -45.9811 0 0 0
v -140.621 -44.4341 -45.9811 0 0 0
v -140.621 -44.4341 -45.9811 0 0 0
v -140.621 -44.4341 -45.9811 0 0 0
v -140.621 -44.4341 -45.9811 0 0 0
v -140.621 -44.4341 -45.9811 0 0 0
v -140.621 -44.4341 -45.9811 0 0 0
v -140.621 -44.4341 -45.9811 0 0 0
v -140.621 -44.4341 -45.9811 0 0 0
v -140.621 -44.4341 -45.9811 0 0 0
v -140.621 -44.4341 -45.9811 0 0 0
v -140.621 -44.4341 -45.9811 0 0 0
v -140.621 -44.4341 -45.9811 0 0 0
v -140.621 -44.4341 -45.9811 0 0 0
v -140.621 -44.4341 -45.9811 0 0 0
v -140.621 -44.4341 -45.9811 0 0 0
v -140.621 -44.4341 -45.9811 0 0 0
v -140.621 -44.4341 -45.9811 0 0 0
v -140.621 -44.4341 -45.9811 0 0 0
v -140.621 -44.4341 -45.9811 0 0 0
v 194.379 57.5657 -15.9811 0 0 0
v -140.621 -44.4341 -45.9811 0 0 0
v -140.621 -44.4341 -45.9811 0 0 0
v 194.379 57.5657 -15.9811 0 0 0
v 194.379 57.5657 -15.9811 0 0 0
v -140.621 -44.4341 -45.9811 0 0 0
v 199.379 55.8659 -15.9811 0 0 0
v -140.621 -44.4341 -45.9811 0 0 0
v -140.621 -44.4341 -45.9811 0 0 0
v 199.379 55.8659 -15.9811 0 0 0
v 199.379 55.8659 -15.9811 0 0 0
v -140.621 -44.4341 -45.9811 0 0 0
v 204.379 56.6657 -15.9811 0 0 0
v -140.621 -44.4341 -45.9811 0 0 0
v -140.621 -44.4341 -45.9811 0 0 0
v 204.379 56.6657 -15.9811 0 0 0
v 204.379 56.6657 -15.9811 0 0 0
v -140.621 -44.4341 -45.9811 0 0 0
v -140.621 -44.4341 -45.9811 0 0 0
v -140.621 -44.4341 -45.9811 0 0 0
v -140.621 -44.4341 -45.9811 0 0 0
v -140.621 -44.4341 -45.9811 0 0 0
v -140.621 -44.4341 -45.9811 0 0 0
v -140.621 -44.4341 -45.9811 0 0 0
v -140.621 -44.4341 -45.9811 0 0 0
v -195.621 -55.8343 -45.9811 0 0 0
v -195.621 -54.8009 -15.9811 0 0 0
v -195.621 -55.8343 -45.9811 0 0 0
v -195.621 -55.8343 -45.9811 0 0 0
v -195.621 -54.8009 -15.9811 0 0 0
v -195.621 -54.0843 -10.9811 0 0 0
v -195.621 -54.8009 -15.9811 0 0 0
v -190.621 -54.5342 -15.9811 0 0 0
v -195.621 -54.0843 -10.9811 0 0 0
v -195.621 -54.0843 -10.9811 0 0 0
v -190.621 -54.5342 -15.9811 0 0 0
v -190.621 -53.7344 -10.9811 0 0 0
v -190.621 -54.5342 -15.9811 0 0 0
v -185.621 -54.3842 -15.9811 0 0 0
v -190.621 -53.7344 -10.9811 0 0 0
v -190.621 -53.7344 -10.9811 0 0 0
v -185.621 -54.3842 -15.9811 0 0 0
v -185.621 -53.9843 -10.9811 0 0 0
v -185.621 -54.3842 -15.9811 0 0 0
v -180.621 -54.0344 -15.9811 0 0 0
v -185.621 -53.9843 -10.9811 0 0 0
v -185.621 -53.9843 -10.9811 0 0 0
v -180.621 -54.0344 -15.9811 0 0 0
v -180.621 -53.9343 -10.9811 0 0 0
v -180.621 -54.0344 -15.9811 0 0 0
v -175.621 -53.9843 -15.9811 0 0 0
v -180.621 -53.9343 -10.9811 0 0 0
v -180.621 -53.9343 -10.9811 0 0 0
v -175.621 -53.9843 -15.9811 0 0 0
v -175.621 -53.7344 -10.9811 0 0 0
v -175.621 -53.9843 -15.9811 0 0 0
v -170.621 -53.8342 -15.9811 0 0 0
v -175.621 -53.7344 -10.9811 0 0 0
v -175.621 -53.7344 -10.9811 0 0 0
v -170.621 -53.8342 -15.9811 0 0 0
v -170.621 -53.4344 -10.9811 0 0 0
v -170.621 -53.8342 -15.9811 0 0 0
v -165.621 -53.7344 -15.9811 0 0 0
v -170.621 -53.4344 -10.9811 0 0 0
v -170.621 -53.4344 -10.9811 0 0 0
v -165.621 -53.7344 -15.9811 0 0 0
v -165.621 -53.4344 -10.9811 0 0 0
v -165.621 -53.7344 -15.9811 0 0 0
v -160.621 -53.6343 -15.9811 0 0 0
v -165.621 -53.4344 -10.9811 0 0 0
v -165.621 -53.4344 -10.9811 0 0 0
v -160.621 -53.6343 -15.9811 0 0 0
v -160.621 -53.1343 -10.9811 0 0 0
v -160.621 -53.6343 -15.9811 0 0 0
v -155.621 -51.5342 -15.9811 0 0 0
v -160.621 -53.1343 -10.9811 0 0 0
v -160.621 -53.1343 -10.9811 0 0 0
v -155.621 -51.5342 -15.9811 0 0 0
v -155.621 -51.7843 -10.9811 0 0 0
v -155.621 -51.5342 -15.9811 0 0 0
v -150.621 -49.4341 -15.9811 0 0 0
v -155.621 -51.7843 -10.9811 0 0 0
v -155.621 -51.7843 -10.9811 0 0 0
v -150.621 -49.4341 -15.9811 0 0 0
v -150.621 -51.3342 -10.9811 0 0 0
v -150.621 -49.4341 -15.9811 0 0 0
v -145.621 -48.0343 -15.9811 0 0 0
v -150.621 -51.3342 -10.9811 0 0 0
v -150.621 -51.3342 -10.9811 0 0 0
v -145.621 -48.0343 -15.9811 0 0 0
v -145.621 -48.1841 -10.9811 0 0 0
v -145.621 -48.0343 -15.9811 0 0 0
v -140.621 -45.9344 -15.9811 0 0 0
v -145.621 -48.1841 -10.9811 0 0 0
v -145.621 -48.1841 -10.9811 0 0 0
v -140.621 -45.9344 -15.9811 0 0 0
v -140.621 -44.4843 -10.9811 0 0 0
v -140.621 -45.9344 -15.9811 0 0 0
v -135.621 -43.6343 -15.9811 0 0 0
v -140.621 -44.4843 -10.9811 0 0 0
v -140.621 -44.4843 -10.9811 0 0 0
v -135.621 -43.6343 -15.9811 0 0 0
v -135.621 -42.8843 -10.9811 0 0 0
v -135.621 -43.6343 -15.9811 0 0 0
v -130.621 -40.6344 -15.9811 0 0 0
v -135.621 -42.8843 -10.9811 0 0 0
v -135.621 -42.8843 -10.9811 0 0 0
v -130.621 -40.6344 -15.9811 0 0 0
v -130.621 -41.1843 -10.9811 0 0 0
v -130.621 -40.6344 -15.9811 0 0 0
v -125.621 -39.7343 -15.9811 0 0 0
v -130.621 -41.1843 -10.9811 0 0 0
v -130.621 -41.1843 -10.9811 0 0 0
v -125.621 -39.7343 -15.9811 0 0 0
v -125.621 -37.8343 -10.9811 0 0 0
v -125.621 -39.7343 -15.9811 0 0 0
v -120.621 -36.7342 -15.9811 0 0 0
v -125.621 -37.8343 -10.9811 0 0 0
v -125.621 -37.8343 -10.9811 0 0 0
v -120.621 -36.7342 -15.9811 0 0 0
v -120.621 -34.5342 -10.9811 0 0 0
v -120.621 -36.7342 -15.9811 0 0 0
v -115.621 -32.9343 -15.9811 0 0 0
v -120.621 -34.5342 -10.9811 0 0 0
v -120.621 -34.5342 -10.9811 0 0 0
v -115.621 -32.9343 -15.9811 0 0 0
v -115.621 -32.0342 -10.9811 0 0 0
v -115.621 -32.9343 -15.9811 0 0 0
v -110.621 -26.5344 -15.9811 0 0 0
v -115.621 -32.0342 -10.9811 0 0 0
v -115.621 -32.0342 -10.9811 0 0 0
v -110.621 -26.5344 -15.9811 0 0 0
v -115.621 -32.9343 -15.9811 0 0 0
v -110.621 -26.5344 -15.9811 0 0 0
v -105.621 -20.0341 -15.9811 0 0 0
v -115.621 -32.9343 -15.9811 0 0 0
v -115.621 -32.9343 -15.9811 0 0 0
v -105.621 -20.0341 -15.9811 0 0 0
v -105.621 -23.4342 -10.9811 0 0 0
v -105.621 -20.0341 -15.9811 0 0 0
v -100.621 -21.4843 -15.9811 0 0 0
v -105.621 -23.4342 -10.9811 0 0 0
v -105.621 -23.4342 -10.9811 0 0 0
v -100.621 -21.4843 -15.9811 0 0 0
v -100.621 -20.9344 -10.9811 0 0 0
v -100.621 -21.4843 -15.9811 0 0 0
v -95.6212 -18.5675 -15.9811 0 0 0
v -100.621 -20.9344 -10.9811 0 0 0
v -100.621 -20.9344 -10.9811 0 0 0
v -95.6212 -18.5675 -15.9811 0 0 0
v -95.6212 -18.5342 -10.9811 0 0 0
v -95.6212 -18.5675 -15.9811 0 0 0
v -90.6212 -17.7343 -15.9811 0 0 0
v -95.6212 -18.5342 -10.9811 0 0 0
v -95.6212 -18.5342 -10.9811 0 0 0
v -90.6212 -17.7343 -15.9811 0 0 0
v -90.6212 -17.301 -10.9811 0 0 0
v -90.6212 -17.7343 -15.9811 0 0 0
v -85.6212 -17.1343 -15.9811 0 0 0
v -90.6212 -17.301 -10.9811 0 0 0
v -90.6212 -17.301 -10.9811 0 0 0
v -85.6212 -17.1343 -15.9811 0 0 0
v -85.6212 -4.73412 -10.9811 0 0 0
v -85.6212 -17.1343 -15.9811 0 0 0
v -80.6212 -16.8343 -15.9811 0 0 0
v -85.6212 -4.73412 -10.9811 0 0 0
v -85.6212 -4.73412 -10.9811 0 0 0
v -80.6212 -16.8343 -15.9811 0 0 0
v -80.6212 -12.2009 -10.9811 0 0 0
v -80.6212 -16.8343 -15.9811 0 0 0
v -75.6212 -4.78432 -15.9811 0 0 0
v -80.6212 -12.2009 -10.9811 0 0 0
v -80.6212 -12.2009 -10.9811 0 0 0
v -75.6212 -4.78432 -15.9811 0 0 0
v -75.6212 -16.1343 -10.9811 0 0 0
v -75.6212 -4.78432 -15.9811 0 0 0
v -70.6212 -16.6341 -15.9811 0 0 0
v -75.6212 -16.1343 -10.9811 0 0 0
v -75.6212 -16.1343 -10.9811 0 0 0
v -70.6212 -16.6341 -15.9811 0 0 0
v -70.6212 -11.0593 -10.9811 0 0 0
v -70.6212 -16.6341 -15.9811 0 0 0
v -65.6212 -16.3343 -15.9811 0 0 0
v -70.6212 -11.0593 -10.9811 0 0 0
v -70.6212 -11.0593 -10.9811 0 0 0
v -65.6212 -16.3343 -15.9811 0 0 0
v -65.6212 -9.40087 -10.9811 0 0 0
v -65.6212 -16.3343 -15.9811 0 0 0
v -60.6212 -16.4343 -15.9811 0 0 0
v -65.6212 -9.40087 -10.9811 0 0 0
v -65.6212 -9.40087 -10.9811 0 0 0
v -60.6212 -16.4343 -15.9811 0 0 0
v -60.6212 -13.9842 -10.9811 0 0 0
v -60.6212 -16.4343 -15.9811 0 0 0
v -55.6212 -16.0844 -15.9811 0 0 0
v -60.6212 -13.9842 -10.9811 0 0 0
v -60.6212 -13.9842 -10.9811 0 0 0
v -55.6212 -16.0844 -15.9811 0 0 0
v -55.6212 -16.1009 -10.9811 0 0 0
v -55.6212 -16.0844 -15.9811 0 0 0
v -50.6212 -16.1343 -15.9811 0 0 0
v -55.6212 -16.1009 -10.9811 0 0 0
v -55.6212 -16.1009 -10.9811 0 0 0
v -50.6212 -16.1343 -15.9811 0 0 0
v -50.6212 -16.0342 -10.9811 0 0 0
v -50.6212 -16.1343 -15.9811 0 0 0
v -45.6212 -15.9843 -15.9811 0 0 0
v -50.6212 -16.0342 -10.9811 0 0 0
v -50.6212 -16.0342 -10.9811 0 0 0
v -45.6212 -15.9843 -15.9811 0 0 0
v -45.6212 -15.7342 -10.9811 0 0 0
v -45.6212 -15.9843 -15.9811 0 0 0
v -40.6212 -16.0842 -15.9811 0 0 0
v -45.6212 -15.7342 -10.9811 0 0 0
v -45.6212 -15.7342 -10.9811 0 0 0
v -40.6212 -16.0842 -15.9811 0 0 0
v -40.6212 -15.4842 -10.9811 0 0 0
v -40.6212 -16.0842 -15.9811 0 0 0
v -35.6212 -16.2843 -15.9811 0 0 0
v -40.6212 -15.4842 -10.9811 0 0 0
v -40.6212 -15.4842 -10.9811 0 0 0
v -35.6212 -16.2843 -15.9811 0 0 0
v -35.6212 -15.7343 -10.9811 0 0 0
v -35.6212 -16.2843 -15.9811 0 0 0
v -30.6212 -16.0342 -15.9811 0 0 0
v -35.6212 -15.7343 -10.9811 0 0 0
v -35.6212 -15.7343 -10.9811 0 0 0
v -30.6212 -16.0342 -15.9811 0 0 0
v -30.6212 -15.6343 -10.9811 0 0 0
v -30.6212 -16.0342 -15.9811 0 0 0
v -25.6212 -15.9843 -15.9811 0 0 0
v -30.6212 -15.6343 -10.9811 0 0 0
v -30.6212 -15.6343 -10.9811 0 0 0
v -25.6212 -15.9843 -15.9811 0 0 0
v -25.6212 -15.8343 -10.9811 0 0 0
v -25.6212 -15.9843 -15.9811 0 0 0
v -20.6212 -15.6344 -15.9811 0 0 0
v -25.6212 -15.8343 -10.9811 0 0 0
v -25.6212 -15.8343 -10.9811 0 0 0
v -20.6212 -15.6344 -15.9811 0 0 0
v -20.6212 -15.5843 -10.9811 0 0 0
v -20.6212 -15.6344 -15.9811 0 0 0
v -15.6212 -15.6344 -15.9811 0 0 1
v -20.6212 -15.5843 -10.9811 0 0 0
v -20.6212 -15.5843 -10.9811 0 0 0
v -15.6212 -15.6344 -15.9811 0 0 1
v -15.6212 -15.0341 -10.9811 0 0 1
v -15.6212 -15.6344 -15.9811 0 0 1
v -10.6212 -15.0843 -15.9811 0 0 1
v -15.6212 -15.0341 -10.9811 0 0 1
v -15.6212 -15.0341 -10.9811 0 0 1
v -10.6212 -15.0843 -15.9811 0 0 1
v -10.6212 -14.5342 -10.9811 0 0 1
v -10.6212 -15.0843 -15.9811 0 0 1
v -5.62122 -13.3343 -15.9811 0 0 1
v -10.6212 -14.5342 -10.9811 0 0 1
v -10.6212 -14.5342 -10.9811 0 0 1
v -5.62122 -13.3343 -15.9811 0 0 1
v -5.62122 -13.501 -10.9811 0 0 1
v -5.62122 -13.3343 -15.9811 0 0 1
v -0.621216 -12.4343 -15.9811 0 0 0
v -5.62122 -13.501 -10.9811 0 0 1
v -5.62122 -13.501 -10.9811 0 0 1
v -0.621216 -12.4343 -15.9811 0 0 0
v -0.621216 -13.0343 -10.9811 0 0 1
v -0.621216 -12.4343 -15.9811 0 0 0
v 4.37878 -11.1343 -15.9811 0 0 0
v -0.621216 -13.0343 -10.9811 0 0 1
v -0.621216 -13.0343 -10.9811 0 0 1
v 4.37878 -11.1343 -15.9811 0 0 0
v 4.37878 -11.4343 -10.9811 0 0 0
v 4.37878 -11.1343 -15.9811 0 0 0
v 9.37878 -9.83422 -15.9811 0 0 0
v 4.37878 -11.4343 -10.9811 0 0 0
v 4.37878 -11.4343 -10.9811 0 0 0
v 9.37878 -9.83422 -15.9811 0 0 0
v 9.37878 -10.2343 -10.9811 0 0 0
v 9.37878 -9.83422 -15.9811 0 0 0
v 14.3788 -9.0342 -15.9811 0 0 0
v 9.37878 -10.2343 -10.9811 0 0 0
v 9.37878 -10.2343 -10.9811 0 0 0
v 14.3788 -9.0342 -15.9811 0 0 0
v 14.3788 -9.28429 -10.9811 0 0 0
v 14.3788 -9.0342 -15.9811 0 0 0
v 19.3788 -7.93419 -15.9811 0 0 0
v 14.3788 -9.28429 -10.9811 0 0 0
v 14.3788 -9.28429 -10.9811 0 0 0
v 19.3788 -7.93419 -15.9811 0 0 0
v 19.3788 -8.43438 -10.9811 0 0 0
v 19.3788 -7.93419 -15.9811 0 0 0
v 24.3788 -7.38427 -15.9811 0 0 0
v 19.3788 -8.43438 -10.9811 0 0 0
v 19.3788 -8.43438 -10.9811 0 0 0
v 24.3788 -7.38427 -15.9811 0 0 0
v 19.3788 -7.93419 -15.9811 0 0 0
v 24.3788 -7.38427 -15.9811 0 0 0
v 29.3788 -6.63415 -15.9811 0 0 0
v 19.3788 -7.93419 -15.9811 0 0 0
v 19.3788 -7.93419 -15.9811 0 0 0
v 29.3788 -6.63415 -15.9811 0 0 0
v 29.3788 -5.68429 -10.9811 0 0 0
v 29.3788 -6.63415 -15.9811 0 0 0
v 34.3788 -5.3344 -15.9811 0 0 0
v 29.3788 -5.68429 -10.9811 0 0 0
v 29.3788 -5.68429 -10.9811 0 0 0
v 34.3788 -5.3344 -15.9811 0 0 0
v 34.3788 -3.73437 -10.9811 0 0 0
v 34.3788 -5.3344 -15.9811 0 0 0
v 39.3788 -4.28429 -15.9811 0 0 0
v 34.3788 -3.73437 -10.9811 0 0 0
v 34.3788 -3.73437 -10.9811 0 0 0
v 39.3788 -4.28429 -15.9811 0 0 0
v 39.3788 5.8657 -10.9811 0 0 0
v 39.3788 -4.28429 -15.9811 0 0 0
v 44.3788 -3.18436 -15.9811 0 0 0
v 39.3788 5.8657 -10.9811 0 0 0
v 39.3788 5.8657 -10.9811 0 0 0
v 44.3788 -3.18436 -15.9811 0 0 0
v 44.3788 14.4657 -10.9811 0 0 0
v 44.3788 -3.18436 -15.9811 0 0 0
v 49.3788 -2.73415 -15.9811 0 0 0
v 44.3788 14.4657 -10.9811 0 0 0
v 44.3788 14.4657 -10.9811 0 0 0
v 49.3788 -2.73415 -15.9811 0 0 0
v 49.3788 15.2659 -10.9811 0 0 0
v 49.3788 -2.73415 -15.9811 0 0 0
v 54.3788 0.165781 -15.9811 0 0 0
v 49.3788 15.2659 -10.9811 0 0 0
v 49.3788 15.2659 -10.9811 0 0 0
v 54.3788 0.165781 -15.9811 0 0 0
v 54.3788 13.8657 -10.9811 0 0 0
v 54.3788 0.165781 -15.9811 0 0 0
v 59.3788 9.19909 -15.9811 0 0 0
v 54.3788 13.8657 -10.9811 0 0 0
v 54.3788 13.8657 -10.9811 0 0 0
v 59.3788 9.19909 -15.9811 0 0 0
v 59.3788 14.8656 -10.9811 0 0 0
v 59.3788 9.19909 -15.9811 0 0 0
v 64.3788 0.465769 -15.9811 0 0 0
v 59.3788 14.8656 -10.9811 0 0 0
v 59.3788 14.8656 -10.9811 0 0 0
v 64.3788 0.465769 -15.9811 0 0 0
v 64.3788 16.0657 -10.9811 0 0 0
v 64.3788 0.465769 -15.9811 0 0 0
v 69.3788 1.31584 -15.9811 0 0 0
v 64.3788 16.0657 -10.9811 0 0 0
v 64.3788 16.0657 -10.9811 0 0 0
v 69.3788 1.31584 -15.9811 0 0 0
v 69.3788 1.36573 -10.9811 0 0 0
v 69.3788 1.31584 -15.9811 0 0 0
v 74.3788 3.46565 -15.9811 0 0 0
v 69.3788 1.36573 -10.9811 0 0 0
v 69.3788 1.36573 -10.9811 0 0 0
v 74.3788 3.46565 -15.9811 0 0 0
v 74.3788 2.71583 -10.9811 0 0 0
v 74.3788 3.46565 -15.9811 0 0 0
v 79.3788 7.76573 -15.9811 0 0 0
v 74.3788 2.71583 -10.9811 0 0 0
v 74.3788 2.71583 -10.9811 0 0 0
v 79.3788 7.76573 -15.9811 0 0 0
v 79.3788 6.83255 -10.9811 0 0 0
v 79.3788 7.76573 -15.9811 0 0 0
v 84.3788 9.56581 -15.9811 0 0 0
v 79.3788 6.83255 -10.9811 0 0 0
v 79.3788 6.83255 -10.9811 0 0 0
v 84.3788 9.56581 -15.9811 0 0 0
v 84.3788 9.46571 -10.9811 0 0 0
v 84.3788 9.56581 -15.9811 0 0 0
v 89.3788 10.7658 -15.9811 0 0 0
v 84.3788 9.46571 -10.9811 0 0 0
v 84.3788 9.46571 -10.9811 0 0 0
v 89.3788 10.7658 -15.9811 0 0 0
v 89.3788 11.2656 -10.9811 0 0 0
v 89.3788 10.7658 -15.9811 0 0 0
v 94.3788 14.3157 -15.9811 0 0 0
v 89.3788 11.2656 -10.9811 0 0 0
v 89.3788 11.2656 -10.9811 0 0 0
v 94.3788 14.3157 -15.9811 0 0 0
v 94.3788 13.5657 -10.9811 0 0 0
v 94.3788 14.3157 -15.9811 0 0 0
v 99.3788 13.6658 -15.9811 0 0 0
v 94.3788 13.5657 -10.9811 0 0 0
v 94.3788 13.5657 -10.9811 0 0 0
v 99.3788 13.6658 -15.9811 0 0 0
v 99.3788 14.8658 -10.9811 0 0 0
v 99.3788 13.6658 -15.9811 0 0 0
v 104.379 16.3657 -15.9811 0 0 0
v 99.3788 14.8658 -10.9811 0 0 0
v 99.3788 14.8658 -10.9811 0 0 0
v 104.379 16.3657 -15.9811 0 0 0
v 104.379 15.2659 -10.9811 0 0 0
v 104.379 16.3657 -15.9811 0 0 0
v 109.379 20.3657 -15.9811 0 0 0
v 104.379 15.2659 -10.9811 0 0 0
v 104.379 15.2659 -10.9811 0 0 0
v 109.379 20.3657 -15.9811 0 0 0
v 109.379 19.6157 -10.9811 0 0 0
v 109.379 20.3657 -15.9811 0 0 0
v 114.379 21.4158 -15.9811 0 0 0
v 109.379 19.6157 -10.9811 0 0 0
v 109.379 19.6157 -10.9811 0 0 0
v 114.379 21.4158 -15.9811 0 0 0
v 114.379 20.3657 -10.9811 0 0 0
v 114.379 21.4158 -15.9811 0 0 0
v 119.379 24.599 -15.9811 0 0 0
v 114.379 20.3657 -10.9811 0 0 0
v 114.379 20.3657 -10.9811 0 0 0
v 119.379 24.599 -15.9811 0 0 0
v 119.379 23.9158 -10.9811 0 0 0
v 119.379 24.599 -15.9811 0 0 0
v 124.379 26.3657 -15.9811 0 0 0
v 119.379 23.9158 -10.9811 0 0 0
v 119.379 23.9158 -10.9811 0 0 0
v 124.379 26.3657 -15.9811 0 0 0
v 124.379 26.3657 -10.9811 0 0 0
v 124.379 26.3657 -15.9811 0 0 0
v 129.379 28.4158 -15.9811 0 0 0
v 124.379 26.3657 -10.9811 0 0 0
v 124.379 26.3657 -10.9811 0 0 0
v 129.379 28.4158 -15.9811 0 0 0
v 129.379 28.4658 -10.9811 0 0 0
v 129.379 28.4158 -15.9811 0 0 0
v 134.379 30.7157 -15.9811 0 0 0
v 129.379 28.4658 -10.9811 0 0 0
v 129.379 28.4658 -10.9811 0 0 0
v 134.379 30.7157 -15.9811 0 0 0
v 134.379 30.7658 -10.9811 0 0 0
v 134.379 30.7157 -15.9811 0 0 0
v 139.379 32.7659 -15.9811 0 0 0
v 134.379 30.7658 -10.9811 0 0 0
v 134.379 30.7658 -10.9811 0 0 0
v 139.379 32.7659 -15.9811 0 0 0
v 139.379 32.7659 -10.9811 0 0 0
v 139.379 32.7659 -15.9811 0 0 0
v 144.379 34.0657 -15.9811 0 0 0
v 139.379 32.7659 -10.9811 0 0 0
v 139.379 32.7659 -10.9811 0 0 0
v 144.379 34.0657 -15.9811 0 0 0
v 144.379 33.8157 -10.9811 0 0 0
v 144.379 34.0657 -15.9811 0 0 0
v 149.379 36.7658 -15.9811 0 0 0
v 144.379 33.8157 -10.9811 0 0 0
v 144.379 33.8157 -10.9811 0 0 0
v 149.379 36.7658 -15.9811 0 0 0
v 149.379 35.699 -10.9811 0 0 0
v 149.379 36.7658 -15.9811 0 0 0
v 154.379 37.7659 -15.9811 0 0 0
v 149.379 35.699 -10.9811 0 0 0
v 149.379 35.699 -10.9811 0 0 0
v 154.379 37.7659 -15.9811 0 0 0
v 154.379 37.1324 -10.9811 0 0 0
v 154.379 37.7659 -15.9811 0 0 0
v 159.379 39.4158 -15.9811 0 0 0
v 154.379 37.1324 -10.9811 0 0 0
v 154.379 37.1324 -10.9811 0 0 0
v 159.379 39.4158 -15.9811 0 0 0
v 159.379 39.1657 -10.9811 0 0 0
v 159.379 39.4158 -15.9811 0 0 0
v 164.379 41.0657 -15.9811 0 0 0
v 159.379 39.1657 -10.9811 0 0 0
v 159.379 39.1657 -10.9811 0 0 0
v 164.379 41.0657 -15.9811 0 0 0
v 164.379 41.0657 -10.9811 0 0 0
v 164.379 41.0657 -15.9811 0 0 0
v 169.379 43.2658 -15.9811 0 0 0
v 164.379 41.0657 -10.9811 0 0 0
v 164.379 41.0657 -10.9811 0 0 0
v 169.379 43.2658 -15.9811 0 0 0
v 169.379 41.8656 -10.9811 0 0 0
v 169.379 43.2658 -15.9811 0 0 0
v -140.621 -44.4341 -45.9811 0 0 0
v 169.379 41.8656 -10.9811 0 0 0
v 169.379 41.8656 -10.9811 0 0 0
v -140.621 -44.4341 -45.9811 0 0 0
v 174.379 43.8659 -10.9811 0 0 0
v -140.621 -44.4341 -45.9811 0 0 0
v -140.621 -44.4341 -45.9811 0 0 0
v 174.379 43.8659 -10.9811 0 0 0
v 174.379 43.8659 -10.9811 0 0 0
v -140.621 -44.4341 -45.9811 0 0 0
v 179.379 46.8656 -10.9811 0 0 0
v -140.621 -44.4341 -45.9811 0 0 0
v -140.621 -44.4341 -45.9811 0 0 0
v 179.379 46.8656 -10.9811 0 0 0
v 179.379 46.8656 -10.9811 0 0 0
v -140.621 -44.4341 -45.9811 0 0 0
v 184.379 49.2158 -10.9811 0 0 0
v -140.621 -44.4341 -45.9811 0 0 0
v -140.621 -44.4341 -45.9811 0 0 0
v 184.379 49.2158 -10.9811 0 0 0
v 184.379 49.2158 -10.9811 0 0 0
v -140.621 -44.4341 -45.9811 0 0 0
v 189.379 52.2657 -10.9811 0 0 0
v -140.621 -44.4341 -45.9811 0 0 0
v 194.379 57.5657 -15.9811 0 0 0
v 189.379 52.2657 -10.9811 0 0 0
v 189.379 52.2657 -10.9811 0 0 0
v 194.379 57.5657 -15.9811 0 0 0
v 194.379 54.0159 -10.9811 0 0 0
v 194.379 57.5657 -15.9811 0 0 0
v 199.379 55.8659 -15.9811 0 0 0
v 194.379 54.0159 -10.9811 0 0 0
v 194.379 54.0159 -10.9811 0 0 0
v 199.379 55.8659 -15.9811 0 0 0
v 199.379 55.6657 -10.9811 0 0 0
v 199.379 55.8659 -15.9811 0 0 0
v 204.379 56.6657 -15.9811 0 0 0
v 199.379 55.6657 -10.9811 0 0 0
v 199.379 55.6657 -10.9811 0 0 0
v 204.379 56.6657 -15.9811 0 0 0
v 199.379 55.8659 -15.9811 0 0 0
v 204.379 56.6657 -15.9811 0 0 0
v -140.621 -44.4341 -45.9811 0 0 0
v 199.379 55.8659 -15.9811 0 0 0
v 199.379 55.8659 -15.9811 0 0 0
v -140.621 -44.4341 -45.9811 0 0 0
v 209.379 60.0158 -10.9811 0 0 0
v -140.621 -44.4341 -45.9811 0 0 0
v -140.621 -44.4341 -45.9811 0 0 0
v 209.379 60.0158 -10.9811 0 0 0
v 209.379 60.0158 -10.9811 0 0 0
v -140.621 -44.4341 -45.9811 0 0 0
v 214.379 63.5657 -10.9811 0 0 0
v -195.621 -55.8343 -45.9811 0 0 0
v -195.621 -54.0843 -10.9811 0 0 0
v -200.621 -54.5342 -5.98111 0 0 0
v -200.621 -54.5342 -5.98111 0 0 0
v -195.621 -54.0843 -10.9811 0 0 0
v -195.621 -54.1341 -5.98111 0 0 0
v -195.621 -54.0843 -10.9811 0 0 0
v -190.621 -53.7344 -10.9811 0 0 0
v -195.621 -54.1341 -5.98111 0 0 0
v -195.621 -54.1341 -5.98111 0 0 0
v -190.621 -53.7344 -10.9811 0 0 0
v -190.621 -53.9343 -5.98111 0 0 0
v -190.621 -53.7344 -10.9811 0 0 0
v -185.621 -53.9843 -10.9811 0 0 0
v -190.621 -53.9343 -5.98111 0 0 0
v -190.621 -53.9343 -5.98111 0 0 0
v -185.621 -53.9843 -10.9811 0 0 0
v -185.621 -53.7009 -5.98111 0 0 0
v -185.621 -53.9843 -10.9811 0 0 0
v -180.621 -53.9343 -10.9811 0 0 0
v -185.621 -53.7009 -5.98111 0 0 0
v -185.621 -53.7009 -5.98111 0 0 0
v -180.621 -53.9343 -10.9811 0 0 0
v -180.621 -53.4344 -5.98111 0 0 0
v -180.621 -53.9343 -10.9811 0 0 0
v -175.621 -53.7344 -10.9811 0 0 0
v -180.621 -53.4344 -5.98111 0 0 0
v -180.621 -53.4344 -5.98111 0 0 0
v -175.621 -53.7344 -10.9811 0 0 0
v -175.621 -53.2342 -5.98111 0 0 0
v -175.621 -53.7344 -10.9811 0 0 0
v -170.621 -53.4344 -10.9811 0 0 0
v -175.621 -53.2342 -5.98111 0 0 0
v -175.621 -53.2342 -5.98111 0 0 0
v -170.621 -53.4344 -10.9811 0 0 0
v -170.621 -52.9342 -5.98111 0 0 0
v -170.621 -53.4344 -10.9811 0 0 0
v -165.621 -53.4344 -10.9811 0 0 0
v -170.621 -52.9342 -5.98111 0 0 0
v -170.621 -52.9342 -5.98111 0 0 0
v -165.621 -53.4344 -10.9811 0 0 0
v -165.621 -53.0343 -5.98111 0 0 0
v -165.621 -53.4344 -10.9811 0 0 0
v -160.621 -53.1343 -10.9811 0 0 0
v -165.621 -53.0343 -5.98111 0 0 0
v -165.621 -53.0343 -5.98111 0 0 0
v -160.621 -53.1343 -10.9811 0 0 0
v -160.621 -52.5341 -5.98111 0 0 0
v -160.621 -53.1343 -10.9811 0 0 0
v -155.621 -51.7843 -10.9811 0 0 0
v -160.621 -52.5341 -5.98111 0 0 0
v -160.621 -52.5341 -5.98111 0 0 0
v -155.621 -51.7843 -10.9811 0 0 0
v -155.621 -51.2843 -5.98111 0 0 0
v -155.621 -51.7843 -10.9811 0 0 0
v -150.621 -51.3342 -10.9811 0 0 0
v -155.621 -51.2843 -5.98111 0 0 0
v -155.621 -51.2843 -5.98111 0 0 0
v -150.621 -51.3342 -10.9811 0 0 0
v -150.621 -50.5343 -5.98111 0 0 0
v -150.621 -51.3342 -10.9811 0 0 0
v -145.621 -48.1841 -10.9811 0 0 0
v -150.621 -50.5343 -5.98111 0 0 0
v -150.621 -50.5343 -5.98111 0 0 0
v -145.621 -48.1841 -10.9811 0 0 0
v -145.621 -49.1341 -5.98111 0 0 0
v -145.621 -48.1841 -10.9811 0 0 0
v -140.621 -44.4843 -10.9811 0 0 0
v -145.621 -49.1341 -5.98111 0 0 0
v -145.621 -49.1341 -5.98111 0 0 0
v -140.621 -44.4843 -10.9811 0 0 0
v -140.621 -45.7342 -5.98111 0 0 0
v -140.621 -44.4843 -10.9811 0 0 0
v -135.621 -42.8843 -10.9811 0 0 0
v -140.621 -45.7342 -5.98111 0 0 0
v -140.621 -45.7342 -5.98111 0 0 0
v -135.621 -42.8843 -10.9811 0 0 0
v -135.621 -43.2342 -5.98111 0 0 0
v -135.621 -42.8843 -10.9811 0 0 0
v -130.621 -41.1843 -10.9811 0 0 0
v -135.621 -43.2342 -5.98111 0 0 0
v -135.621 -43.2342 -5.98111 0 0 0
v -130.621 -41.1843 -10.9811 0 0 0
v -130.621 -39.5843 -5.98111 0 0 0
v -130.621 -41.1843 -10.9811 0 0 0
v -125.621 -37.8343 -10.9811 0 0 0
v -130.621 -39.5843 -5.98111 0 0 0
v -130.621 -39.5843 -5.98111 0 0 0
v -125.621 -37.8343 -10.9811 0 0 0
v -125.621 -37.8342 -5.98111 0 0 0
v -125.621 -37.8343 -10.9811 0 0 0
v -120.621 -34.5342 -10.9811 0 0 0
v -125.621 -37.8342 -5.98111 0 0 0
v -125.621 -37.8342 -5.98111 0 0 0
v -120.621 -34.5342 -10.9811 0 0 0
v -120.621 -36.2344 -5.98111 0 0 0
v -120.621 -34.5342 -10.9811 0 0 0
v -115.621 -32.0342 -10.9811 0 0 0
v -120.621 -36.2344 -5.98111 0 0 0
v -120.621 -36.2344 -5.98111 0 0 0
v -115.621 -32.0342 -10.9811 0 0 0
v -115.621 -32.4343 -5.98111 0 0 0
v -115.621 -32.0342 -10.9811 0 0 0
v -115.621 -32.9343 -15.9811 0 0 0
v -115.621 -32.4343 -5.98111 0 0 0
v -115.621 -32.4343 -5.98111 0 0 0
v -115.621 -32.9343 -15.9811 0 0 0
v -110.621 -26.9009 -5.98111 0 0 0
v -115.621 -32.9343 -15.9811 0 0 0
v -105.621 -23.4342 -10.9811 0 0 0
v -110.621 -26.9009 -5.98111 0 0 0
v -110.621 -26.9009 -5.98111 0 0 0
v -105.621 -23.4342 -10.9811 0 0 0
v -105.621 -23.8343 -5.98111 0 0 0
v -105.621 -23.4342 -10.9811 0 0 0
v -100.621 -20.9344 -10.9811 0 0 0
v -105.621 -23.8343 -5.98111 0 0 0
v -105.621 -23.8343 -5.98111 0 0 0
v -100.621 -20.9344 -10.9811 0 0 0
v -100.621 -18.8342 -5.98111 0 0 0
v -100.621 -20.9344 -10.9811 0 0 0
v -95.6212 -18.5342 -10.9811 0 0 0
v -100.621 -18.8342 -5.98111 0 0 0
v -100.621 -18.8342 -5.98111 0 0 0
v -95.6212 -18.5342 -10.9811 0 0 0
v -95.6212 -17.1343 -5.98111 0 0 0
v -95.6212 -18.5342 -10.9811 0 0 0
v -90.6212 -17.301 -10.9811 0 0 0
v -95.6212 -17.1343 -5.98111 0 0 0
v -95.6212 -17.1343 -5.98111 0 0 0
v -90.6212 -17.301 -10.9811 0 0 0
v -90.6212 -12.0843 -5.98111 0 0 0
v -90.6212 -17.301 -10.9811 0 0 0
v -85.6212 -4.73412 -10.9811 0 0 0
v -90.6212 -12.0843 -5.98111 0 0 0
v -90.6212 -12.0843 -5.98111 0 0 0
v -85.6212 -4.73412 -10.9811 0 0 0
v -85.6212 -10.6843 -5.98111 0 0 0
v -85.6212 -4.73412 -10.9811 0 0 0
v -80.6212 -12.2009 -10.9811 0 0 0
v -85.6212 -10.6843 -5.98111 0 0 0
v -85.6212 -10.6843 -5.98111 0 0 0
v -80.6212 -12.2009 -10.9811 0 0 0
v -80.6212 -16.3342 -5.98111 0 0 0
v -80.6212 -12.2009 -10.9811 0 0 0
v -75.6212 -16.1343 -10.9811 0 0 0
v -80.6212 -16.3342 -5.98111 0 0 0
v -80.6212 -16.3342 -5.98111 0 0 0
v -75.6212 -16.1343 -10.9811 0 0 0
v -75.6212 -8.03429 -5.98111 0 0 0
v -75.6212 -16.1343 -10.9811 0 0 0
v -70.6212 -11.0593 -10.9811 0 0 0
v -75.6212 -8.03429 -5.98111 0 0 0
v -75.6212 -8.03429 -5.98111 0 0 0
v -70.6212 -11.0593 -10.9811 0 0 0
v -75.6212 -16.1343 -10.9811 0 0 0
v -70.6212 -11.0593 -10.9811 0 0 0
v -65.6212 -9.40087 -10.9811 0 0 0
v -75.6212 -16.1343 -10.9811 0 0 0
v -75.6212 -16.1343 -10.9811 0 0 0
v -65.6212 -9.40087 -10.9811 0 0 0
v -70.6212 -11.0593 -10.9811 0 0 0
v -65.6212 -9.40087 -10.9811 0 0 0
v -60.6212 -13.9842 -10.9811 0 0 0
v -70.6212 -11.0593 -10.9811 0 0 0
v -70.6212 -11.0593 -10.9811 0 0 0
v -60.6212 -13.9842 -10.9811 0 0 0
v -60.6212 -6.63415 -5.98111 0 0 0
v -60.6212 -13.9842 -10.9811 0 0 0
v -55.6212 -16.1009 -10.9811 0 0 0
v -60.6212 -6.63415 -5.98111 0 0 0
v -60.6212 -6.63415 -5.98111 0 0 0
v -55.6212 -16.1009 -10.9811 0 0 0
v -55.6212 -11.3343 -5.98111 0 0 0
v -55.6212 -16.1009 -10.9811 0 0 0
v -50.6212 -16.0342 -10.9811 0 0 0
v -55.6212 -11.3343 -5.98111 0 0 0
v -55.6212 -11.3343 -5.98111 0 0 0
v -50.6212 -16.0342 -10.9811 0 0 0
v -50.6212 -15.801 -5.98111 0 0 0
v -50.6212 -16.0342 -10.9811 0 0 0
v -45.6212 -15.7342 -10.9811 0 0 0
v -50.6212 -15.801 -5.98111 0 0 0
v -50.6212 -15.801 -5.98111 0 0 0
v -45.6212 -15.7342 -10.9811 0 0 0
v -45.6212 -15.5343 -5.98111 0 0 0
v -45.6212 -15.7342 -10.9811 0 0 0
v -40.6212 -15.4842 -10.9811 0 0 0
v -45.6212 -15.5343 -5.98111 0 0 0
v -45.6212 -15.5343 -5.98111 0 0 0
v -40.6212 -15.4842 -10.9811 0 0 0
v -40.6212 -15.4342 -5.98111 0 0 0
v -40.6212 -15.4842 -10.9811 0 0 0
v -35.6212 -15.7343 -10.9811 0 0 0
v -40.6212 -15.4342 -5.98111 0 0 0
v -40.6212 -15.4342 -5.98111 0 0 0
v -35.6212 -15.7343 -10.9811 0 0 0
v -35.6212 -15.2842 -5.98111 0 0 0
v -35.6212 -15.7343 -10.9811 0 0 0
v -30.6212 -15.6343 -10.9811 0 0 0
v -35.6212 -15.2842 -5.98111 0 0 0
v -35.6212 -15.2842 -5.98111 0 0 0
v -30.6212 -15.6343 -10.9811 0 0 0
v -30.6212 -15.2343 -5.98111 0 0 0
v -30.6212 -15.6343 -10.9811 0 0 0
v -25.6212 -15.8343 -10.9811 0 0 0
v -30.6212 -15.2343 -5.98111 0 0 0
v -30.6212 -15.2343 -5.98111 0 0 0
v -25.6212 -15.8343 -10.9811 0 0 0
v -25.6212 -15.0341 -5.98111 0 0 0
v -25.6212 -15.8343 -10.9811 0 0 0
v -20.6212 -15.5843 -10.9811 0 0 0
v -25.6212 -15.0341 -5.98111 0 0 0
v -25.6212 -15.0341 -5.98111 0 0 0
v -20.6212 -15.5843 -10.9811 0 0 0
v -20.6212 -14.8009 -5.98111 0 0 0
v -20.6212 -15.5843 -10.9811 0 0 0
v -15.6212 -15.0341 -10.9811 0 0 1
v -20.6212 -14.8009 -5.98111 0 0 0
v -20.6212 -14.8009 -5.98111 0 0 0
v -15.6212 -15.0341 -10.9811 0 0 1
v -15.6212 -14.6842 -5.98111 0 0 1
v -15.6212 -15.0341 -10.9811 0 0 1
v -10.6212 -14.5342 -10.9811 0 0 1
v -15.6212 -14.6842 -5.98111 0 0 1
v -15.6212 -14.6842 -5.98111 0 0 1
v -10.6212 -14.5342 -10.9811 0 0 1
v -10.6212 -13.9343 -5.98111 0 0 1
v -10.6212 -14.5342 -10.9811 0 0 1
v -5.62122 -13.501 -10.9811 0 0 1
v -10.6212 -13.9343 -5.98111 0 0 1
v -10.6212 -13.9343 -5.98111 0 0 1
v -5.62122 -13.501 -10.9811 0 0 1
v -5.62122 -12.7342 -5.98111 0 0 1
v -5.62122 -13.501 -10.9811 0 0 1
v -0.621216 -13.0343 -10.9811 0 0 1
v -5.62122 -12.7342 -5.98111 0 0 1
v -5.62122 -12.7342 -5.98111 0 0 1
v -0.621216 -13.0343 -10.9811 0 0 1
v -0.621216 -12.0843 -5.98111 0 0 0
v -0.621216 -13.0343 -10.9811 0 0 1
v 4.37878 -11.4343 -10.9811 0 0 0
v -0.621216 -12.0843 -5.98111 0 0 0
v -0.621216 -12.0843 -5.98111 0 0 0
v 4.37878 -11.4343 -10.9811 0 0 0
v 4.37878 -11.2344 -5.98111 0 0 0
v 4.37878 -11.4343 -10.9811 0 0 0
v 9.37878 -10.2343 -10.9811 0 0 0
v 4.37878 -11.2344 -5.98111 0 0 0
v 4.37878 -11.2344 -5.98111 0 0 0
v 9.37878 -10.2343 -10.9811 0 0 0
v 9.37878 -10.1344 -5.98111 0 0 0
v 9.37878 -10.2343 -10.9811 0 0 0
v 14.3788 -9.28429 -10.9811 0 0 0
v 9.37878 -10.1344 -5.98111 0 0 0
v 9.37878 -10.1344 -5.98111 0 0 0
v 14.3788 -9.28429 -10.9811 0 0 0
v 14.3788 -9.03435 -5.98111 0 0 0
v 14.3788 -9.28429 -10.9811 0 0 0
v 19.3788 -8.43438 -10.9811 0 0 0
v 14.3788 -9.03435 -5.98111 0 0 0
v 14.3788 -9.03435 -5.98111 0 0 0
v 19.3788 -8.43438 -10.9811 0 0 0
v 19.3788 -8.33428 -5.98111 0 0 0
v 19.3788 -8.43438 -10.9811 0 0 0
v 19.3788 -7.93419 -15.9811 0 0 0
v 19.3788 -8.33428 -5.98111 0 0 0
v 19.3788 -8.33428 -5.98111 0 0 0
v 19.3788 -7.93419 -15.9811 0 0 0
v 24.3788 -7.48421 -5.98111 0 0 0
v 19.3788 -7.93419 -15.9811 0 0 0
v 29.3788 -5.68429 -10.9811 0 0 0
v 24.3788 -7.48421 -5.98111 0 0 0
v 24.3788 -7.48421 -5.98111 0 0 0
v 29.3788 -5.68429 -10.9811 0 0 0
v 29.3788 -6.16753 -5.98111 0 0 0
v 29.3788 -5.68429 -10.9811 0 0 0
v 34.3788 -3.73437 -10.9811 0 0 0
v 29.3788 -6.16753 -5.98111 0 0 0
v 29.3788 -6.16753 -5.98111 0 0 0
v 34.3788 -3.73437 -10.9811 0 0 0
v 34.3788 -4.83422 -5.98111 0 0 0
v 34.3788 -3.73437 -10.9811 0 0 0
v 39.3788 5.8657 -10.9811 0 0 0
v 34.3788 -4.83422 -5.98111 0 0 0
v 34.3788 -4.83422 -5.98111 0 0 0
v 39.3788 5.8657 -10.9811 0 0 0
v 39.3788 -4.03435 -5.98111 0 0 0
v 39.3788 5.8657 -10.9811 0 0 0
v 44.3788 14.4657 -10.9811 0 0 0
v 39.3788 -4.03435 -5.98111 0 0 0
v 39.3788 -4.03435 -5.98111 0 0 0
v 44.3788 14.4657 -10.9811 0 0 0
v 44.3788 16.0157 -5.98111 0 0 0
v 44.3788 14.4657 -10.9811 0 0 0
v 49.3788 15.2659 -10.9811 0 0 0
v 44.3788 16.0157 -5.98111 0 0 0
v 44.3788 16.0157 -5.98111 0 0 0
v 49.3788 15.2659 -10.9811 0 0 0
v 49.3788 15.9656 -5.98111 0 0 0
v 49.3788 15.2659 -10.9811 0 0 0
v 54.3788 13.8657 -10.9811 0 0 0
v 49.3788 15.9656 -5.98111 0 0 0
v 49.3788 15.9656 -5.98111 0 0 0
v 54.3788 13.8657 -10.9811 0 0 0
v 54.3788 16.1658 -5.98111 0 0 0
v 54.3788 13.8657 -10.9811 0 0 0
v 59.3788 14.8656 -10.9811 0 0 0
v 54.3788 16.1658 -5.98111 0 0 0
v 54.3788 16.1658 -5.98111 0 0 0
v 59.3788 14.8656 -10.9811 0 0 0
v 59.3788 17.2158 -5.98111 0 0 0
v 59.3788 14.8656 -10.9811 0 0 0
v 64.3788 16.0657 -10.9811 0 0 0
v 59.3788 17.2158 -5.98111 0 0 0
v 59.3788 17.2158 -5.98111 0 0 0
v 64.3788 16.0657 -10.9811 0 0 0
v 64.3788 17.8657 -5.98111 0 0 0
v 64.3788 16.0657 -10.9811 0 0 0
v 69.3788 1.36573 -10.9811 0 0 0
v 64.3788 17.8657 -5.98111 0 0 0
v 64.3788 17.8657 -5.98111 0 0 0
v 69.3788 1.36573 -10.9811 0 0 0
v 69.3788 1.01585 -5.98111 0 0 0
v 69.3788 1.36573 -10.9811 0 0 0
v 74.3788 2.71583 -10.9811 0 0 0
v 69.3788 1.01585 -5.98111 0 0 0
v 69.3788 1.01585 -5.98111 0 0 0
v 74.3788 2.71583 -10.9811 0 0 0
v 74.3788 3.06587 -5.98111 0 0 0
v 74.3788 2.71583 -10.9811 0 0 0
v 79.3788 6.83255 -10.9811 0 0 0
v 74.3788 3.06587 -5.98111 0 0 0
v 74.3788 3.06587 -5.98111 0 0 0
v 79.3788 6.83255 -10.9811 0 0 0
v 79.3788 7.66578 -5.98111 0 0 0
v 79.3788 6.83255 -10.9811 0 0 0
v 84.3788 9.46571 -10.9811 0 0 0
v 79.3788 7.66578 -5.98111 0 0 0
v 79.3788 7.66578 -5.98111 0 0 0
v 84.3788 9.46571 -10.9811 0 0 0
v 84.3788 9.83243 -5.98111 0 0 0
v 84.3788 9.46571 -10.9811 0 0 0
v 89.3788 11.2656 -10.9811 0 0 0
v 84.3788 9.83243 -5.98111 0 0 0
v 84.3788 9.83243 -5.98111 0 0 0
v 89.3788 11.2656 -10.9811 0 0 0
v 89.3788 10.3657 -5.98111 0 0 0
v 89.3788 11.2656 -10.9811 0 0 0
v 94.3788 13.5657 -10.9811 0 0 0
v 89.3788 10.3657 -5.98111 0 0 0
v 89.3788 10.3657 -5.98111 0 0 0
v 94.3788 13.5657 -10.9811 0 0 0
v 94.3788 12.6157 -5.98111 0 0 0
v 94.3788 13.5657 -10.9811 0 0 0
v 99.3788 14.8658 -10.9811 0 0 0
v 94.3788 12.6157 -5.98111 0 0 0
v 94.3788 12.6157 -5.98111 0 0 0
v 99.3788 14.8658 -10.9811 0 0 0
v 99.3788 13.8657 -5.98111 0 0 0
v 99.3788 14.8658 -10.9811 0 0 0
v 104.379 15.2659 -10.9811 0 0 0
v 99.3788 13.8657 -5.98111 0 0 0
v 99.3788 13.8657 -5.98111 0 0 0
v 104.379 15.2659 -10.9811 0 0 0
v 104.379 14.7657 -5.98111 0 0 0
v 104.379 15.2659 -10.9811 0 0 0
v 109.379 19.6157 -10.9811 0 0 0
v 104.379 14.7657 -5.98111 0 0 0
v 104.379 14.7657 -5.98111 0 0 0
v 109.379 19.6157 -10.9811 0 0 0
v 109.379 17.9658 -5.98111 0 0 0
v 109.379 19.6157 -10.9811 0 0 0
v 114.379 20.3657 -10.9811 0 0 0
v 109.379 17.9658 -5.98111 0 0 0
v 109.379 17.9658 -5.98111 0 0 0
v 114.379 20.3657 -10.9811 0 0 0
v 114.379 20.3657 -5.98111 0 0 0
v 114.379 20.3657 -10.9811 0 0 0
v 119.379 23.9158 -10.9811 0 0 0
v 114.379 20.3657 -5.98111 0 0 0
v 114.379 20.3657 -5.98111 0 0 0
v 119.379 23.9158 -10.9811 0 0 0
v 119.379 22.1656 -5.98111 0 0 0
v 119.379 23.9158 -10.9811 0 0 0
v 124.379 26.3657 -10.9811 0 0 0
v 119.379 22.1656 -5.98111 0 0 0
v 119.379 22.1656 -5.98111 0 0 0
v 124.379 26.3657 -10.9811 0 0 0
v 124.379 25.1157 -5.98111 0 0 0
v 124.379 26.3657 -10.9811 0 0 0
v 129.379 28.4658 -10.9811 0 0 0
v 124.379 25.1157 -5.98111 0 0 0
v 124.379 25.1157 -5.98111 0 0 0
v 129.379 28.4658 -10.9811 0 0 0
v 124.379 26.3657 -10.9811 0 0 0
v 129.379 28.4658 -10.9811 0 0 0
v 134.379 30.7658 -10.9811 0 0 0
v 124.379 26.3657 -10.9811 0 0 0
v 124.379 26.3657 -10.9811 0 0 0
v 134.379 30.7658 -10.9811 0 0 0
v 134.379 30.1658 -5.98111 0 0 0
v 134.379 30.7658 -10.9811 0 0 0
v 139.379 32.7659 -10.9811 0 0 0
v 134.379 30.1658 -5.98111 0 0 0
v 134.379 30.1658 -5.98111 0 0 0
v 139.379 32.7659 -10.9811 0 0 0
v 139.379 32.6658 -5.98111 0 0 0
v 139.379 32.7659 -10.9811 0 0 0
v 144.379 33.8157 -10.9811 0 0 0
v 139.379 32.6658 -5.98111 0 0 0
v 139.379 32.6658 -5.98111 0 0 0
v 144.379 33.8157 -10.9811 0 0 0
v 144.379 33.8657 -5.98111 0 0 0
v 144.379 33.8157 -10.9811 0 0 0
v 149.379 35.699 -10.9811 0 0 0
v 144.379 33.8657 -5.98111 0 0 0
v 144.379 33.8657 -5.98111 0 0 0
v 149.379 35.699 -10.9811 0 0 0
v 149.379 36.0657 -5.98111 0 0 0
v 149.379 35.699 -10.9811 0 0 0
v 154.379 37.1324 -10.9811 0 0 0
v 149.379 36.0657 -5.98111 0 0 0
v 149.379 36.0657 -5.98111 0 0 0
v 154.379 37.1324 -10.9811 0 0 0
v 154.379 37.0658 -5.98111 0 0 0
v 154.379 37.1324 -10.9811 0 0 0
v 159.379 39.1657 -10.9811 0 0 0
v 154.379 37.0658 -5.98111 0 0 0
v 154.379 37.0658 -5.98111 0 0 0
v 159.379 39.1657 -10.9811 0 0 0
v 159.379 38.3158 -5.98111 0 0 0
v 159.379 39.1657 -10.9811 0 0 0
v 164.379 41.0657 -10.9811 0 0 0
v 159.379 38.3158 -5.98111 0 0 0
v 159.379 38.3158 -5.98111 0 0 0
v 164.379 41.0657 -10.9811 0 0 0
v 164.379 39.7657 -5.98111 0 0 0
v 164.379 41.0657 -10.9811 0 0 0
v 169.379 41.8656 -10.9811 0 0 0
v 164.379 39.7657 -5.98111 0 0 0
v 164.379 39.7657 -5.98111 0 0 0
v 169.379 41.8656 -10.9811 0 0 0
v 169.379 41.2658 -5.98111 0 0 0
v 169.379 41.8656 -10.9811 0 0 0
v 174.379 43.8659 -10.9811 0 0 0
v 169.379 41.2658 -5.98111 0 0 0
v 169.379 41.2658 -5.98111 0 0 0
v 174.379 43.8659 -10.9811 0 0 0
v 174.379 44.3658 -5.98111 0 0 0
v 174.379 43.8659 -10.9811 0 0 0
v 179.379 46.8656 -10.9811 0 0 0
v 174.379 44.3658 -5.98111 0 0 0
v 174.379 44.3658 -5.98111 0 0 0
v 179.379 46.8656 -10.9811 0 0 0
v 179.379 46.9991 -5.98111 0 0 0
v 179.379 46.8656 -10.9811 0 0 0
v 184.379 49.2158 -10.9811 0 0 0
v 179.379 46.9991 -5.98111 0 0 0
v 179.379 46.9991 -5.98111 0 0 0
v 184.379 49.2158 -10.9811 0 0 0
v 184.379 49.1657 -5.98111 0 0 0
v 184.379 49.2158 -10.9811 0 0 0
v 189.379 52.2657 -10.9811 0 0 0
v 184.379 49.1657 -5.98111 0 0 0
v 184.379 49.1657 -5.98111 0 0 0
v 189.379 52.2657 -10.9811 0 0 0
v 189.379 50.7658 -5.98111 0 0 0
v 189.379 52.2657 -10.9811 0 0 0
v 194.379 54.0159 -10.9811 0 0 0
v 189.379 50.7658 -5.98111 0 0 0
v 189.379 50.7658 -5.98111 0 0 0
v 194.379 54.0159 -10.9811 0 0 0
v 194.379 52.4659 -5.98111 0 0 0
v 194.379 54.0159 -10.9811 0 0 0
v 199.379 55.6657 -10.9811 0 0 0
v 194.379 52.4659 -5.98111 0 0 0
v 194.379 52.4659 -5.98111 0 0 0
v 199.379 55.6657 -10.9811 0 0 0
v 199.379 55.1157 -5.98111 0 0 0
v 199.379 55.6657 -10.9811 0 0 0
v 199.379 55.8659 -15.9811 0 0 0
v 199.379 55.1157 -5.98111 0 0 0
v 199.379 55.1157 -5.98111 0 0 0
v 199.379 55.8659 -15.9811 0 0 0
v 204.379 56.6657 -5.98111 0 0 0
v 199.379 55.8659 -15.9811 0 0 0
v 209.379 60.0158 -10.9811 0 0 0
v 204.379 56.6657 -5.98111 0 0 0
v 204.379 56.6657 -5.98111 0 0 0
v 209.379 60.0158 -10.9811 0 0 0
v 209.379 59.8656 -5.98111 0 0 0
v 209.379 60.0158 -10.9811 0 0 0
v 214.379 63.5657 -10.9811 0 0 0
v 209.379 59.8656 -5.98111 0 0 0
v 209.379 59.8656 -5.98111 0 0 0
v 214.379 63.5657 -10.9811 0 0 0
v 214.379 63.8657 -5.98111 0 0 0
v -200.621 -54.5342 -5.98111 0 0 0
v -195.621 -54.1341 -5.98111 0 0 0
v -200.621 -54.5342 -5.98111 0 0 0
v -200.621 -54.5342 -5.98111 0 0 0
v -195.621 -54.1341 -5.98111 0 0 0
v -195.621 -54.1343 -0.98111 0 0 0
v -195.621 -54.1341 -5.98111 0 0 0
v -190.621 -53.9343 -5.98111 0 0 0
v -195.621 -54.1343 -0.98111 0 0 0
v -195.621 -54.1343 -0.98111 0 0 0
v -190.621 -53.9343 -5.98111 0 0 0
v -190.621 -53.6343 -0.98111 0 0 0
v -190.621 -53.9343 -5.98111 0 0 0
v -185.621 -53.7009 -5.98111 0 0 0
v -190.621 -53.6343 -0.98111 0 0 0
v -190.621 -53.6343 -0.98111 0 0 0
v -185.621 -53.7009 -5.98111 0 0 0
v -185.621 -53.4843 -0.98111 0 0 0
v -185.621 -53.7009 -5.98111 0 0 0
v -180.621 -53.4344 -5.98111 0 0 0
v -185.621 -53.4843 -0.98111 0 0 0
v -185.621 -53.4843 -0.98111 0 0 0
v -180.621 -53.4344 -5.98111 0 0 0
v -180.621 -53.2342 -0.98111 0 0 0
v -180.621 -53.4344 -5.98111 0 0 0
v -175.621 -53.2342 -5.98111 0 0 0
v -180.621 -53.2342 -0.98111 0 0 0
v -180.621 -53.2342 -0.98111 0 0 0
v -175.621 -53.2342 -5.98111 0 0 0
v -175.621 -53.2677 -0.98111 0 0 0
v -175.621 -53.2342 -5.98111 0 0 0
v -170.621 -52.9342 -5.98111 0 0 0
v -175.621 -53.2677 -0.98111 0 0 0
v -175.621 -53.2677 -0.98111 0 0 0
v -170.621 -52.9342 -5.98111 0 0 0
v -170.621 -53.0343 -0.98111 0 0 0
v -170.621 -52.9342 -5.98111 0 0 0
v -165.621 -53.0343 -5.98111 0 0 0
v -170.621 -53.0343 -0.98111 0 0 0
v -170.621 -53.0343 -0.98111 0 0 0
v -165.621 -53.0343 -5.98111 0 0 0
v -165.621 -52.8344 -0.98111 0 0 0
v -165.621 -53.0343 -5.98111 0 0 0
v -160.621 -52.5341 -5.98111 0 0 0
v -165.621 -52.8344 -0.98111 0 0 0
v -165.621 -52.8344 -0.98111 0 0 0
v -160.621 -52.5341 -5.98111 0 0 0
v -160.621 -52.7342 -0.98111 0 0 0
v -160.621 -52.5341 -5.98111 0 0 0
v -155.621 -51.2843 -5.98111 0 0 0
v -160.621 -52.7342 -0.98111 0 0 0
v -160.621 -52.7342 -0.98111 0 0 0
v -155.621 -51.2843 -5.98111 0 0 0
v -155.621 -52.5341 -0.98111 0 0 0
v -155.621 -51.2843 -5.98111 0 0 0
v -150.621 -50.5343 -5.98111 0 0 0
v -155.621 -52.5341 -0.98111 0 0 0
v -155.621 -52.5341 -0.98111 0 0 0
v -150.621 -50.5343 -5.98111 0 0 0
v -150.621 -50.2842 -0.98111 0 0 0
v -150.621 -50.5343 -5.98111 0 0 0
v -145.621 -49.1341 -5.98111 0 0 0
v -150.621 -50.2842 -0.98111 0 0 0
v -150.621 -50.2842 -0.98111 0 0 0
v -145.621 -49.1341 -5.98111 0 0 0
v -145.621 -48.4342 -0.98111 0 0 0
v -145.621 -49.1341 -5.98111 0 0 0
v -140.621 -45.7342 -5.98111 0 0 0
v -145.621 -48.4342 -0.98111 0 0 0
v -145.621 -48.4342 -0.98111 0 0 0
v -140.621 -45.7342 -5.98111 0 0 0
v -140.621 -45.3343 -0.98111 0 0 0
v -140.621 -45.7342 -5.98111 0 0 0
v -135.621 -43.2342 -5.98111 0 0 0
v -140.621 -45.3343 -0.98111 0 0 0
v -140.621 -45.3343 -0.98111 0 0 0
v -135.621 -43.2342 -5.98111 0 0 0
v -135.621 -41.7342 -0.98111 0 0 0
v -135.621 -43.2342 -5.98111 0 0 0
v -130.621 -39.5843 -5.98111 0 0 0
v -135.621 -41.7342 -0.98111 0 0 0
v -135.621 -41.7342 -0.98111 0 0 0
v -130.621 -39.5843 -5.98111 0 0 0
v -130.621 -40.5343 -0.98111 0 0 0
v -130.621 -39.5843 -5.98111 0 0 0
v -125.621 -37.8342 -5.98111 0 0 0
v -130.621 -40.5343 -0.98111 0 0 0
v -130.621 -40.5343 -0.98111 0 0 0
v -125.621 -37.8342 -5.98111 0 0 0
v -125.621 -38.4344 -0.98111 0 0 0
v -125.621 -37.8342 -5.98111 0 0 0
v -120.621 -36.2344 -5.98111 0 0 0
v -125.621 -38.4344 -0.98111 0 0 0
v -125.621 -38.4344 -0.98111 0 0 0
v -120.621 -36.2344 -5.98111 0 0 0
v -120.621 -33.7344 -0.98111 0 0 0
v -120.621 -36.2344 -5.98111 0 0 0
v -115.621 -32.4343 -5.98111 0 0 0
v -120.621 -33.7344 -0.98111 0 0 0
v -120.621 -33.7344 -0.98111 0 0 0
v -115.621 -32.4343 -5.98111 0 0 0
v -115.621 -31.3842 -0.98111 0 0 0
v -115.621 -32.4343 -5.98111 0 0 0
v -110.621 -26.9009 -5.98111 0 0 0
v -115.621 -31.3842 -0.98111 0 0 0
v -115.621 -31.3842 -0.98111 0 0 0
v -110.621 -26.9009 -5.98111 0 0 0
v -110.621 -26.7342 -0.98111 0 0 0
v -110.621 -26.9009 -5.98111 0 0 0
v -105.621 -23.8343 -5.98111 0 0 0
v -110.621 -26.7342 -0.98111 0 0 0
v -110.621 -26.7342 -0.98111 0 0 0
v -105.621 -23.8343 -5.98111 0 0 0
v -105.621 -23.8342 -0.98111 0 0 0
v -105.621 -23.8343 -5.98111 0 0 0
v -100.621 -18.8342 -5.98111 0 0 0
v -105.621 -23.8342 -0.98111 0 0 0
v -105.621 -23.8342 -0.98111 0 0 0
v -100.621 -18.8342 -5.98111 0 0 0
v -100.621 -20.4676 -0.98111 0 0 0
v -100.621 -18.8342 -5.98111 0 0 0
v -95.6212 -17.1343 -5.98111 0 0 0
v -100.621 -20.4676 -0.98111 0 0 0
v -100.621 -20.4676 -0.98111 0 0 0
v -95.6212 -17.1343 -5.98111 0 0 0
v -95.6212 -17.7343 -0.98111 0 0 0
v -95.6212 -17.1343 -5.98111 0 0 0
v -90.6212 -12.0843 -5.98111 0 0 0
v -95.6212 -17.7343 -0.98111 0 0 0
v -95.6212 -17.7343 -0.98111 0 0 0
v -90.6212 -12.0843 -5.98111 0 0 0
v -90.6212 -16.9341 -0.98111 0 0 0
v -90.6212 -12.0843 -5.98111 0 0 0
v -85.6212 -10.6843 -5.98111 0 0 0
v -90.6212 -16.9341 -0.98111 0 0 0
v -90.6212 -16.9341 -0.98111 0 0 0
v -85.6212 -10.6843 -5.98111 0 0 0
v -85.6212 -9.53415 -0.98111 0 0 0
v -85.6212 -10.6843 -5.98111 0 0 0
v -80.6212 -16.3342 -5.98111 0 0 0
v -85.6212 -9.53415 -0.98111 0 0 0
v -85.6212 -9.53415 -0.98111 0 0 0
v -80.6212 -16.3342 -5.98111 0 0 0
v -80.6212 -7.78435 -0.98111 0 0 0
v -80.6212 -16.3342 -5.98111 0 0 0
v -75.6212 -8.03429 -5.98111 0 0 0
v -80.6212 -7.78435 -0.98111 0 0 0
v -80.6212 -7.78435 -0.98111 0 0 0
v -75.6212 -8.03429 -5.98111 0 0 0
v -75.6212 -7.33422 -0.98111 0 0 0
v -75.6212 -8.03429 -5.98111 0 0 0
v -75.6212 -16.1343 -10.9811 0 0 0
v -75.6212 -7.33422 -0.98111 0 0 0
v -75.6212 -7.33422 -0.98111 0 0 0
v -75.6212 -16.1343 -10.9811 0 0 0
v -70.6212 -7.63421 -0.98111 0 0 0
v -75.6212 -16.1343 -10.9811 0 0 0
v -70.6212 -11.0593 -10.9811 0 0 0
v -70.6212 -7.63421 -0.98111 0 0 0
v -70.6212 -7.63421 -0.98111 0 0 0
v -70.6212 -11.0593 -10.9811 0 0 0
v -65.6212 -6.83419 -0.98111 0 0 0
v -70.6212 -11.0593 -10.9811 0 0 0
v -60.6212 -6.63415 -5.98111 0 0 0
v -65.6212 -6.83419 -0.98111 0 0 0
v -65.6212 -6.83419 -0.98111 0 0 0
v -60.6212 -6.63415 -5.98111 0 0 0
v -70.6212 -11.0593 -10.9811 0 0 0
v -60.6212 -6.63415 -5.98111 0 0 0
v -55.6212 -11.3343 -5.98111 0 0 0
v -70.6212 -11.0593 -10.9811 0 0 0
v -70.6212 -11.0593 -10.9811 0 0 0
v -55.6212 -11.3343 -5.98111 0 0 0
v -55.6212 -10.7342 -0.98111 0 0 0
v -55.6212 -11.3343 -5.98111 0 0 0
v -50.6212 -15.801 -5.98111 0 0 0
v -55.6212 -10.7342 -0.98111 0 0 0
v -55.6212 -10.7342 -0.98111 0 0 0
v -50.6212 -15.801 -5.98111 0 0 0
v -50.6212 -15.2343 -0.98111 0 0 0
v -50.6212 -15.801 -5.98111 0 0 0
v -45.6212 -15.5343 -5.98111 0 0 0
v -50.6212 -15.2343 -0.98111 0 0 0
v -50.6212 -15.2343 -0.98111 0 0 0
v -45.6212 -15.5343 -5.98111 0 0 0
v -45.6212 -15.1342 -0.98111 0 0 0
v -45.6212 -15.5343 -5.98111 0 0 0
v -40.6212 -15.4342 -5.98111 0 0 0
v -45.6212 -15.1342 -0.98111 0 0 0
v -45.6212 -15.1342 -0.98111 0 0 0
v -40.6212 -15.4342 -5.98111 0 0 0
v -40.6212 -15.3843 -0.98111 0 0 0
v -40.6212 -15.4342 -5.98111 0 0 0
v -35.6212 -15.2842 -5.98111 0 0 0
v -40.6212 -15.3843 -0.98111 0 0 0
v -40.6212 -15.3843 -0.98111 0 0 0
v -35.6212 -15.2842 -5.98111 0 0 0
v -35.6212 -15.2343 -0.98111 0 0 0
v -35.6212 -15.2842 -5.98111 0 0 0
v -30.6212 -15.2343 -5.98111 0 0 0
v -35.6212 -15.2343 -0.98111 0 0 0
v -35.6212 -15.2343 -0.98111 0 0 0
v -30.6212 -15.2343 -5.98111 0 0 0
v -30.6212 -14.9343 -0.98111 0 0 0
v -30.6212 -15.2343 -5.98111 0 0 0
v -25.6212 -15.0341 -5.98111 0 0 0
v -30.6212 -14.9343 -0.98111 0 0 0
v -30.6212 -14.9343 -0.98111 0 0 0
v -25.6212 -15.0341 -5.98111 0 0 0
v -25.6212 -14.8342 -0.98111 0 0 0
v -25.6212 -15.0341 -5.98111 0 0 0
v -20.6212 -14.8009 -5.98111 0 0 0
v -25.6212 -14.8342 -0.98111 0 0 0
v -25.6212 -14.8342 -0.98111 0 0 0
v -20.6212 -14.8009 -5.98111 0 0 0
v -20.6212 -14.5342 -0.98111 0 0 0
v -20.6212 -14.8009 -5.98111 0 0 0
v -15.6212 -14.6842 -5.98111 0 0 1
v -20.6212 -14.5342 -0.98111 0 0 0
v -20.6212 -14.5342 -0.98111 0 0 0
v -15.6212 -14.6842 -5.98111 0 0 1
v -15.6212 -14.2676 -0.98111 0 0 0
v -15.6212 -14.6842 -5.98111 0 0 1
v -10.6212 -13.9343 -5.98111 0 0 1
v -15.6212 -14.2676 -0.98111 0 0 0
v -15.6212 -14.2676 -0.98111 0 0 0
v -10.6212 -13.9343 -5.98111 0 0 1
v -10.6212 -13.501 -0.98111 0 0 1
v -10.6212 -13.9343 -5.98111 0 0 1
v -5.62122 -12.7342 -5.98111 0 0 1
v -10.6212 -13.501 -0.98111 0 0 1
v -10.6212 -13.501 -0.98111 0 0 1
v -5.62122 -12.7342 -5.98111 0 0 1
v -5.62122 -12.4343 -0.98111 0 0 0
v -5.62122 -12.7342 -5.98111 0 0 1
v -0.621216 -12.0843 -5.98111 0 0 0
v -5.62122 -12.4343 -0.98111 0 0 0
v -5.62122 -12.4343 -0.98111 0 0 0
v -0.621216 -12.0843 -5.98111 0 0 0
v -0.621216 -11.9341 -0.98111 0 0 0
v -0.621216 -12.0843 -5.98111 0 0 0
v 4.37878 -11.2344 -5.98111 0 0 0
v -0.621216 -11.9341 -0.98111 0 0 0
v -0.621216 -11.9341 -0.98111 0 0 0
v 4.37878 -11.2344 -5.98111 0 0 0
v 4.37878 -10.7343 -0.98111 0 0 0
v 4.37878 -11.2344 -5.98111 0 0 0
v 9.37878 -10.1344 -5.98111 0 0 0
v 4.37878 -10.7343 -0.98111 0 0 0
v 4.37878 -10.7343 -0.98111 0 0 0
v 9.37878 -10.1344 -5.98111 0 0 0
v 9.37878 -9.96758 -0.98111 0 0 0
v 9.37878 -10.1344 -5.98111 0 0 0
v 14.3788 -9.03435 -5.98111 0 0 0
v 9.37878 -9.96758 -0.98111 0 0 0
v 9.37878 -9.96758 -0.98111 0 0 0
v 14.3788 -9.03435 -5.98111 0 0 0
v 14.3788 -9.18419 -0.98111 0 0 0
v 14.3788 -9.03435 -5.98111 0 0 0
v 19.3788 -8.33428 -5.98111 0 0 0
v 14.3788 -9.18419 -0.98111 0 0 0
v 14.3788 -9.18419 -0.98111 0 0 0
v 19.3788 -8.33428 -5.98111 0 0 0
v 19.3788 -8.33428 -0.98111 0 0 0
v 19.3788 -8.33428 -5.98111 0 0 0
v 24.3788 -7.48421 -5.98111 0 0 0
v 19.3788 -8.33428 -0.98111 0 0 0
v 19.3788 -8.33428 -0.98111 0 0 0
v 24.3788 -7.48421 -5.98111 0 0 0
v 24.3788 -7.18423 -0.98111 0 0 0
v 24.3788 -7.48421 -5.98111 0 0 0
v 29.3788 -6.16753 -5.98111 0 0 0
v 24.3788 -7.18423 -0.98111 0 0 0
v 24.3788 -7.18423 -0.98111 0 0 0
v 29.3788 -6.16753 -5.98111 0 0 0
v 29.3788 -6.23437 -0.98111 0 0 0
v 29.3788 -6.16753 -5.98111 0 0 0
v 34.3788 -4.83422 -5.98111 0 0 0
v 29.3788 -6.23437 -0.98111 0 0 0
v 29.3788 -6.23437 -0.98111 0 0 0
v 34.3788 -4.83422 -5.98111 0 0 0
v 34.3788 -5.26757 -0.98111 0 0 0
v 34.3788 -4.83422 -5.98111 0 0 0
v 39.3788 -4.03435 -5.98111 0 0 0
v 34.3788 -5.26757 -0.98111 0 0 0
v 34.3788 -5.26757 -0.98111 0 0 0
v 39.3788 -4.03435 -5.98111 0 0 0
v 39.3788 -3.43438 -0.98111 0 0 0
v 39.3788 -4.03435 -5.98111 0 0 0
v 44.3788 16.0157 -5.98111 0 0 0
v 39.3788 -3.43438 -0.98111 0 0 0
v 39.3788 -3.43438 -0.98111 0 0 0
v 44.3788 16.0157 -5.98111 0 0 0
v 44.3788 17.3658 -0.98111 0 0 0
v 44.3788 16.0157 -5.98111 0 0 0
v 49.3788 15.9656 -5.98111 0 0 0
v 44.3788 17.3658 -0.98111 0 0 0
v 44.3788 17.3658 -0.98111 0 0 0
v 49.3788 15.9656 -5.98111 0 0 0
v 49.3788 16.6324 -0.98111 0 0 0
v 49.3788 15.9656 -5.98111 0 0 0
v 54.3788 16.1658 -5.98111 0 0 0
v 49.3788 16.6324 -0.98111 0 0 0
v 49.3788 16.6324 -0.98111 0 0 0
v 54.3788 16.1658 -5.98111 0 0 0
v 54.3788 17.3658 -0.98111 0 0 0
v 54.3788 16.1658 -5.98111 0 0 0
v 59.3788 17.2158 -5.98111 0 0 0
v 54.3788 17.3658 -0.98111 0 0 0
v 54.3788 17.3658 -0.98111 0 0 0
v 59.3788 17.2158 -5.98111 0 0 0
v 59.3788 16.8157 -0.98111 0 0 0
v 59.3788 17.2158 -5.98111 0 0 0
v 64.3788 17.8657 -5.98111 0 0 0
v 59.3788 16.8157 -0.98111 0 0 0
v 59.3788 16.8157 -0.98111 0 0 0
v 64.3788 17.8657 -5.98111 0 0 0
v 64.3788 15.9656 -0.98111 0 0 0
v 64.3788 17.8657 -5.98111 0 0 0
v 69.3788 1.01585 -5.98111 0 0 0
v 64.3788 15.9656 -0.98111 0 0 0
v 64.3788 15.9656 -0.98111 0 0 0
v 69.3788 1.01585 -5.98111 0 0 0
v 69.3788 8.91578 -0.98111 0 0 0
v 69.3788 1.01585 -5.98111 0 0 0
v 74.3788 3.06587 -5.98111 0 0 0
v 69.3788 8.91578 -0.98111 0 0 0
v 69.3788 8.91578 -0.98111 0 0 0
v 74.3788 3.06587 -5.98111 0 0 0
v 74.3788 2.2657 -0.98111 0 0 0
v 74.3788 3.06587 -5.98111 0 0 0
v 79.3788 7.66578 -5.98111 0 0 0
v 74.3788 2.2657 -0.98111 0 0 0
v 74.3788 2.2657 -0.98111 0 0 0
v 79.3788 7.66578 -5.98111 0 0 0
v 79.3788 6.91566 -0.98111 0 0 0
v 79.3788 7.66578 -5.98111 0 0 0
v 84.3788 9.83243 -5.98111 0 0 0
v 79.3788 6.91566 -0.98111 0 0 0
v 79.3788 6.91566 -0.98111 0 0 0
v 84.3788 9.83243 -5.98111 0 0 0
v 79.3788 7.66578 -5.98111 0 0 0
v 84.3788 9.83243 -5.98111 0 0 0
v 89.3788 10.3657 -5.98111 0 0 0
v 79.3788 7.66578 -5.98111 0 0 0
v 79.3788 7.66578 -5.98111 0 0 0
v 89.3788 10.3657 -5.98111 0 0 0
v 89.3788 11.3657 -0.98111 0 0 0
v 89.3788 10.3657 -5.98111 0 0 0
v 94.3788 12.6157 -5.98111 0 0 0
v 89.3788 11.3657 -0.98111 0 0 0
v 89.3788 11.3657 -0.98111 0 0 0
v 94.3788 12.6157 -5.98111 0 0 0
v 94.3788 13.5157 -0.98111 0 0 0
v 94.3788 12.6157 -5.98111 0 0 0
v 99.3788 13.8657 -5.98111 0 0 0
v 94.3788 13.5157 -0.98111 0 0 0
v 94.3788 13.5157 -0.98111 0 0 0
v 99.3788 13.8657 -5.98111 0 0 0
v 99.3788 30.6657 -0.98111 0 0 0
v 99.3788 13.8657 -5.98111 0 0 0
v 104.379 14.7657 -5.98111 0 0 0
v 99.3788 30.6657 -0.98111 0 0 0
v 99.3788 30.6657 -0.98111 0 0 0
v 104.379 14.7657 -5.98111 0 0 0
v 104.379 32.2324 -0.98111 0 0 0
v 104.379 14.7657 -5.98111 0 0 0
v 109.379 17.9658 -5.98111 0 0 0
v 104.379 32.2324 -0.98111 0 0 0
v 104.379 32.2324 -0.98111 0 0 0
v 109.379 17.9658 -5.98111 0 0 0
v 109.379 26.6324 -0.98111 0 0 0
v 109.379 17.9658 -5.98111 0 0 0
v 114.379 20.3657 -5.98111 0 0 0
v 109.379 26.6324 -0.98111 0 0 0
v 109.379 26.6324 -0.98111 0 0 0
v 114.379 20.3657 -5.98111 0 0 0
v 114.379 26.6324 -0.98111 0 0 0
v 114.379 20.3657 -5.98111 0 0 0
v 119.379 22.1656 -5.98111 0 0 0
v 114.379 26.6324 -0.98111 0 0 0
v 114.379 26.6324 -0.98111 0 0 0
v 119.379 22.1656 -5.98111 0 0 0
v 119.379 21.4158 -0.98111 0 0 0
v 119.379 22.1656 -5.98111 0 0 0
v 124.379 25.1157 -5.98111 0 0 0
v 119.379 21.4158 -0.98111 0 0 0
v 119.379 21.4158 -0.98111 0 0 0
v 124.379 25.1157 -5.98111 0 0 0
v 124.379 24.1657 -0.98111 0 0 0
v 124.379 25.1157 -5.98111 0 0 0
v 124.379 26.3657 -10.9811 0 0 0
v 124.379 24.1657 -0.98111 0 0 0
v 124.379 24.1657 -0.98111 0 0 0
v 124.379 26.3657 -10.9811 0 0 0
v 129.379 26.8157 -0.98111 0 0 0
v 124.379 26.3657 -10.9811 0 0 0
v 134.379 30.1658 -5.98111 0 0 0
v 129.379 26.8157 -0.98111 0 0 0
v 129.379 26.8157 -0.98111 0 0 0
v 134.379 30.1658 -5.98111 0 0 0
v 134.379 29.5992 -0.98111 0 0 0
v 134.379 30.1658 -5.98111 0 0 0
v 139.379 32.6658 -5.98111 0 0 0
v 134.379 29.5992 -0.98111 0 0 0
v 134.379 29.5992 -0.98111 0 0 0
v 139.379 32.6658 -5.98111 0 0 0
v 139.379 31.9324 -0.98111 0 0 0
v 139.379 32.6658 -5.98111 0 0 0
v 144.379 33.8657 -5.98111 0 0 0
v 139.379 31.9324 -0.98111 0 0 0
v 139.379 31.9324 -0.98111 0 0 0
v 144.379 33.8657 -5.98111 0 0 0
v 144.379 34.7657 -0.98111 0 0 0
v 144.379 33.8657 -5.98111 0 0 0
v 149.379 36.0657 -5.98111 0 0 0
v 144.379 34.7657 -0.98111 0 0 0
v 144.379 34.7657 -0.98111 0 0 0
v 149.379 36.0657 -5.98111 0 0 0
v 149.379 37.0658 -0.98111 0 0 0
v 149.379 36.0657 -5.98111 0 0 0
v 154.379 37.0658 -5.98111 0 0 0
v 149.379 37.0658 -0.98111 0 0 0
v 149.379 37.0658 -0.98111 0 0 0
v 154.379 37.0658 -5.98111 0 0 0
v 154.379 38.2658 -0.98111 0 0 0
v 154.379 37.0658 -5.98111 0 0 0
v 159.379 38.3158 -5.98111 0 0 0
v 154.379 38.2658 -0.98111 0 0 0
v 154.379 38.2658 -0.98111 0 0 0
v 159.379 38.3158 -5.98111 0 0 0
v 159.379 38.8657 -0.98111 0 0 0
v 159.379 38.3158 -5.98111 0 0 0
v 164.379 39.7657 -5.98111 0 0 0
v 159.379 38.8657 -0.98111 0 0 0
v 159.379 38.8657 -0.98111 0 0 0
v 164.379 39.7657 -5.98111 0 0 0
v 164.379 39.8658 -0.98111 0 0 0
v 164.379 39.7657 -5.98111 0 0 0
v 169.379 41.2658 -5.98111 0 0 0
v 164.379 39.8658 -0.98111 0 0 0
v 164.379 39.8658 -0.98111 0 0 0
v 169.379 41.2658 -5.98111 0 0 0
v 169.379 40.9658 -0.98111 0 0 0
v 169.379 41.2658 -5.98111 0 0 0
v 174.379 44.3658 -5.98111 0 0 0
v 169.379 40.9658 -0.98111 0 0 0
v 169.379 40.9658 -0.98111 0 0 0
v 174.379 44.3658 -5.98111 0 0 0
v 174.379 42.7659 -0.98111 0 0 0
v 174.379 44.3658 -5.98111 0 0 0
v 179.379 46.9991 -5.98111 0 0 0
v 174.379 42.7659 -0.98111 0 0 0
v 174.379 42.7659 -0.98111 0 0 0
v 179.379 46.9991 -5.98111 0 0 0
v 179.379 46.9657 -0.98111 0 0 0
v 179.379 46.9991 -5.98111 0 0 0
v 184.379 49.1657 -5.98111 0 0 0
v 179.379 46.9657 -0.98111 0 0 0
v 179.379 46.9657 -0.98111 0 0 0
v 184.379 49.1657 -5.98111 0 0 0
v 184.379 48.8157 -0.98111 0 0 0
v 184.379 49.1657 -5.98111 0 0 0
v 189.379 50.7658 -5.98111 0 0 0
v 184.379 48.8157 -0.98111 0 0 0
v 184.379 48.8157 -0.98111 0 0 0
v 189.379 50.7658 -5.98111 0 0 0
v 184.379 49.1657 -5.98111 0 0 0
v 189.379 50.7658 -5.98111 0 0 0
v 194.379 52.4659 -5.98111 0 0 0
v 184.379 49.1657 -5.98111 0 0 0
v 184.379 49.1657 -5.98111 0 0 0
v 194.379 52.4659 -5.98111 0 0 0
v 194.379 55.5157 -0.98111 0 0 0
v 194.379 52.4659 -5.98111 0 0 0
v 199.379 55.1157 -5.98111 0 0 0
v 194.379 55.5157 -0.98111 0 0 0
v 194.379 55.5157 -0.98111 0 0 0
v 199.379 55.1157 -5.98111 0 0 0
v 199.379 61.5157 -0.98111 0 0 0
v 199.379 55.1157 -5.98111 0 0 0
v 204.379 56.6657 -5.98111 0 0 0
v 199.379 61.5157 -0.98111 0 0 0
v 199.379 61.5157 -0.98111 0 0 0
v 204.379 56.6657 -5.98111 0 0 0
v 204.379 60.7658 -0.98111 0 0 0
v 204.379 56.6657 -5.98111 0 0 0
v 209.379 59.8656 -5.98111 0 0 0
v 204.379 60.7658 -0.98111 0 0 0
v 204.379 60.7658 -0.98111 0 0 0
v 209.379 59.8656 -5.98111 0 0 0
v 209.379 60.3324 -0.98111 0 0 0
v 209.379 59.8656 -5.98111 0 0 0
v 214.379 63.8657 -5.98111 0 0 0
v 209.379 60.3324 -0.98111 0 0 0
v 209.379 60.3324 -0.98111 0 0 0
v 214.379 63.8657 -5.98111 0 0 0
v 214.379 63.4157 -0.98111 0 0 0
v -200.621 -54.5342 -5.98111 0 0 0
v -195.621 -54.1343 -0.98111 0 0 0
v -200.621 -54.3343 4.01889 0 0 0
v -200.621 -54.3343 4.01889 0 0 0
v -195.621 -54.1343 -0.98111 0 0 0
v -195.621 -53.9009 4.01889 0 0 0
v -195.621 -54.1343 -0.98111 0 0 0
v -190.621 -53.6343 -0.98111 0 0 0
v -195.621 -53.9009 4.01889 0 0 0
v -195.621 -53.9009 4.01889 0 0 0
v -190.621 -53.6343 -0.98111 0 0 0
v -190.621 -53.5342 4.01889 0 0 0
v -190.621 -53.6343 -0.98111 0 0 0
v -185.621 -53.4843 -0.98111 0 0 0
v -190.621 -53.5342 4.01889 0 0 0
v -190.621 -53.5342 4.01889 0 0 0
v -185.621 -53.4843 -0.98111 0 0 0
v -185.621 -53.3343 4.01889 0 0 0
v -185.621 -53.4843 -0.98111 0 0 0
v -180.621 -53.2342 -0.98111 0 0 0
v -185.621 -53.3343 4.01889 0 0 0
v -185.621 -53.3343 4.01889 0 0 0
v -180.621 -53.2342 -0.98111 0 0 0
v -180.621 -53.0343 4.01889 0 0 0
v -180.621 -53.2342 -0.98111 0 0 0
v -175.621 -53.2677 -0.98111 0 0 0
v -180.621 -53.0343 4.01889 0 0 0
v -180.621 -53.0343 4.01889 0 0 0
v -175.621 -53.2677 -0.98111 0 0 0
v -175.621 -52.9342 4.01889 0 0 0
v -175.621 -53.2677 -0.98111 0 0 0
v -170.621 -53.0343 -0.98111 0 0 0
v -175.621 -52.9342 4.01889 0 0 0
v -175.621 -52.9342 4.01889 0 0 0
v -170.621 -53.0343 -0.98111 0 0 0
v -170.621 -53.1593 4.01889 0 0 0
v -170.621 -53.0343 -0.98111 0 0 0
v -165.621 -52.8344 -0.98111 0 0 0
v -170.621 -53.1593 4.01889 0 0 0
v -170.621 -53.1593 4.01889 0 0 0
v -165.621 -52.8344 -0.98111 0 0 0
v -165.621 -52.7844 4.01889 0 0 0
v -165.621 -52.8344 -0.98111 0 0 0
v -160.621 -52.7342 -0.98111 0 0 0
v -165.621 -52.7844 4.01889 0 0 0
v -165.621 -52.7844 4.01889 0 0 0
v -160.621 -52.7342 -0.98111 0 0 0
v -160.621 -52.6342 4.01889 0 0 0
v -160.621 -52.7342 -0.98111 0 0 0
v -155.621 -52.5341 -0.98111 0 0 0
v -160.621 -52.6342 4.01889 0 0 0
v -160.621 -52.6342 4.01889 0 0 0
v -155.621 -52.5341 -0.98111 0 0 0
v -155.621 -52.1342 4.01889 0 0 0
v -155.621 -52.5341 -0.98111 0 0 0
v -150.621 -50.2842 -0.98111 0 0 0
v -155.621 -52.1342 4.01889 0 0 0
v -155.621 -52.1342 4.01889 0 0 0
v -150.621 -50.2842 -0.98111 0 0 0
v -150.621 -50.1342 4.01889 0 0 0
v -150.621 -50.2842 -0.98111 0 0 0
v -145.621 -48.4342 -0.98111 0 0 0
v -150.621 -50.1342 4.01889 0 0 0
v -150.621 -50.1342 4.01889 0 0 0
v -145.621 -48.4342 -0.98111 0 0 0
v -145.621 -47.6342 4.01889 0 0 0
v -145.621 -48.4342 -0.98111 0 0 0
v -140.621 -45.3343 -0.98111 0 0 0
v -145.621 -47.6342 4.01889 0 0 0
v -145.621 -47.6342 4.01889 0 0 0
v -140.621 -45.3343 -0.98111 0 0 0
v -140.621 -46.3842 4.01889 0 0 0
v -140.621 -45.3343 -0.98111 0 0 0
v -135.621 -41.7342 -0.98111 0 0 0
v -140.621 -46.3842 4.01889 0 0 0
v -140.621 -46.3842 4.01889 0 0 0
v -135.621 -41.7342 -0.98111 0 0 0
v -135.621 -44.3343 4.01889 0 0 0
v -135.621 -41.7342 -0.98111 0 0 0
v -130.621 -40.5343 -0.98111 0 0 0
v -135.621 -44.3343 4.01889 0 0 0
v -135.621 -44.3343 4.01889 0 0 0
v -130.621 -40.5343 -0.98111 0 0 0
v -130.621 -42.2343 4.01889 0 0 0
v -130.621 -40.5343 -0.98111 0 0 0
v -125.621 -38.4344 -0.98111 0 0 0
v -130.621 -42.2343 4.01889 0 0 0
v -130.621 -42.2343 4.01889 0 0 0
v -125.621 -38.4344 -0.98111 0 0 0
v -125.621 -37.4342 4.01889 0 0 0
v -125.621 -38.4344 -0.98111 0 0 0
v -120.621 -33.7344 -0.98111 0 0 0
v -125.621 -37.4342 4.01889 0 0 0
v -125.621 -37.4342 4.01889 0 0 0
v -120.621 -33.7344 -0.98111 0 0 0
v -120.621 -33.8842 4.01889 0 0 0
v -120.621 -33.7344 -0.98111 0 0 0
v -115.621 -31.3842 -0.98111 0 0 0
v -120.621 -33.8842 4.01889 0 0 0
v -120.621 -33.8842 4.01889 0 0 0
v -115.621 -31.3842 -0.98111 0 0 0
v -115.621 -32.0843 4.01889 0 0 0
v -115.621 -31.3842 -0.98111 0 0 0
v -110.621 -26.7342 -0.98111 0 0 0
v -115.621 -32.0843 4.01889 0 0 0
v -115.621 -32.0843 4.01889 0 0 0
v -110.621 -26.7342 -0.98111 0 0 0
v -110.621 -27.5842 4.01889 0 0 0
v -110.621 -26.7342 -0.98111 0 0 0
v -105.621 -23.8342 -0.98111 0 0 0
v -110.621 -27.5842 4.01889 0 0 0
v -110.621 -27.5842 4.01889 0 0 0
v -105.621 -23.8342 -0.98111 0 0 0
v -105.621 -24.2342 4.01889 0 0 0
v -105.621 -23.8342 -0.98111 0 0 0
v -100.621 -20.4676 -0.98111 0 0 0
v -105.621 -24.2342 4.01889 0 0 0
v -105.621 -24.2342 4.01889 0 0 0
v -100.621 -20.4676 -0.98111 0 0 0
v -100.621 -19.6343 4.01889 0 0 0
v -100.621 -20.4676 -0.98111 0 0 0
v -95.6212 -17.7343 -0.98111 0 0 0
v -100.621 -19.6343 4.01889 0 0 0
v -100.621 -19.6343 4.01889 0 0 0
v -95.6212 -17.7343 -0.98111 0 0 0
v -95.6212 -17.8342 4.01889 0 0 0
v -95.6212 -17.7343 -0.98111 0 0 0
v -90.6212 -16.9341 -0.98111 0 0 0
v -95.6212 -17.8342 4.01889 0 0 0
v -95.6212 -17.8342 4.01889 0 0 0
v -90.6212 -16.9341 -0.98111 0 0 0
v -90.6212 -16.6341 4.01889 0 0 0
v -90.6212 -16.9341 -0.98111 0 0 0
v -85.6212 -9.53415 -0.98111 0 0 0
v -90.6212 -16.6341 4.01889 0 0 0
v -90.6212 -16.6341 4.01889 0 0 0
v -85.6212 -9.53415 -0.98111 0 0 0
v -85.6212 -6.63415 4.01889 0 0 0
v -85.6212 -9.53415 -0.98111 0 0 0
v -80.6212 -7.78435 -0.98111 0 0 0
v -85.6212 -6.63415 4.01889 0 0 0
v -85.6212 -6.63415 4.01889 0 0 0
v -80.6212 -7.78435 -0.98111 0 0 0
v -85.6212 -9.53415 -0.98111 0 0 0
v -80.6212 -7.78435 -0.98111 0 0 0
v -75.6212 -7.33422 -0.98111 0 0 0
v -85.6212 -9.53415 -0.98111 0 0 0
v -85.6212 -9.53415 -0.98111 0 0 0
v -75.6212 -7.33422 -0.98111 0 0 0
v -75.6212 -7.33422 4.01889 0 0 0
v -75.6212 -7.33422 -0.98111 0 0 0
v -70.6212 -7.63421 -0.98111 0 0 0
v -75.6212 -7.33422 4.01889 0 0 0
v -75.6212 -7.33422 4.01889 0 0 0
v -70.6212 -7.63421 -0.98111 0 0 0
v -70.6212 -7.38427 4.01889 0 0 0
v -70.6212 -7.63421 -0.98111 0 0 0
v -65.6212 -6.83419 -0.98111 0 0 0
v -70.6212 -7.38427 4.01889 0 0 0
v -70.6212 -7.38427 4.01889 0 0 0
v -65.6212 -6.83419 -0.98111 0 0 0
v -65.6212 -7.28417 4.01889 0 0 0
v -65.6212 -6.83419 -0.98111 0 0 0
v -70.6212 -11.0593 -10.9811 0 0 0
v -65.6212 -7.28417 4.01889 0 0 0
v -65.6212 -7.28417 4.01889 0 0 0
v -70.6212 -11.0593 -10.9811 0 0 0
v -65.6212 -6.83419 -0.98111 0 0 0
v -70.6212 -11.0593 -10.9811 0 0 0
v -55.6212 -10.7342 -0.98111 0 0 0
v -65.6212 -6.83419 -0.98111 0 0 0
v -65.6212 -6.83419 -0.98111 0 0 0
v -55.6212 -10.7342 -0.98111 0 0 0
v -55.6212 -6.83419 4.01889 0 0 0
v -55.6212 -10.7342 -0.98111 0 0 0
v -50.6212 -15.2343 -0.98111 0 0 0
v -55.6212 -6.83419 4.01889 0 0 0
v -55.6212 -6.83419 4.01889 0 0 0
v -50.6212 -15.2343 -0.98111 0 0 0
v -50.6212 -15.2343 4.01889 0 0 0
v -50.6212 -15.2343 -0.98111 0 0 0
v -45.6212 -15.1342 -0.98111 0 0 0
v -50.6212 -15.2343 4.01889 0 0 0
v -50.6212 -15.2343 4.01889 0 0 0
v -45.6212 -15.1342 -0.98111 0 0 0
v -45.6212 -15.3343 4.01889 0 0 0
v -45.6212 -15.1342 -0.98111 0 0 0
v -40.6212 -15.3843 -0.98111 0 0 0
v -45.6212 -15.3343 4.01889 0 0 0
v -45.6212 -15.3343 4.01889 0 0 0
v -40.6212 -15.3843 -0.98111 0 0 0
v -40.6212 -15.0843 4.01889 0 0 0
v -40.6212 -15.3843 -0.98111 0 0 0
v -35.6212 -15.2343 -0.98111 0 0 0
v -40.6212 -15.0843 4.01889 0 0 0
v -40.6212 -15.0843 4.01889 0 0 0
v -35.6212 -15.2343 -0.98111 0 0 0
v -35.6212 -15.1344 4.01889 0 0 0
v -35.6212 -15.2343 -0.98111 0 0 0
v -30.6212 -14.9343 -0.98111 0 0 0
v -35.6212 -15.1344 4.01889 0 0 0
v -35.6212 -15.1344 4.01889 0 0 0
v -30.6212 -14.9343 -0.98111 0 0 0
v -30.6212 -14.7341 4.01889 0 0 0
v -30.6212 -14.9343 -0.98111 0 0 0
v -25.6212 -14.8342 -0.98111 0 0 0
v -30.6212 -14.7341 4.01889 0 0 0
v -30.6212 -14.7341 4.01889 0 0 0
v -25.6212 -14.8342 -0.98111 0 0 0
v -25.6212 -14.2342 4.01889 0 0 0
v -25.6212 -14.8342 -0.98111 0 0 0
v -20.6212 -14.5342 -0.98111 0 0 0
v -25.6212 -14.2342 4.01889 0 0 0
v -25.6212 -14.2342 4.01889 0 0 0
v -20.6212 -14.5342 -0.98111 0 0 0
v -20.6212 -13.5842 4.01889 0 0 0
v -20.6212 -14.5342 -0.98111 0 0 0
v -15.6212 -14.2676 -0.98111 0 0 0
v -20.6212 -13.5842 4.01889 0 0 0
v -20.6212 -13.5842 4.01889 0 0 0
v -15.6212 -14.2676 -0.98111 0 0 0
v -15.6212 -12.6342 4.01889 0 0 0
v -15.6212 -14.2676 -0.98111 0 0 0
v -10.6212 -13.501 -0.98111 0 0 1
v -15.6212 -12.6342 4.01889 0 0 0
v -15.6212 -12.6342 4.01889 0 0 0
v -10.6212 -13.501 -0.98111 0 0 1
v -15.6212 -14.2676 -0.98111 0 0 0
v -10.6212 -13.501 -0.98111 0 0 1
v -5.62122 -12.4343 -0.98111 0 0 0
v -15.6212 -14.2676 -0.98111 0 0 0
v -15.6212 -14.2676 -0.98111 0 0 0
v -5.62122 -12.4343 -0.98111 0 0 0
v -5.62122 -12.5341 4.01889 0 0 0
v -5.62122 -12.4343 -0.98111 0 0 0
v -0.621216 -11.9341 -0.98111 0 0 0
v -5.62122 -12.5341 4.01889 0 0 0
v -5.62122 -12.5341 4.01889 0 0 0
v -0.621216 -11.9341 -0.98111 0 0 0
v -0.621216 -11.5842 4.01889 0 0 0
v -0.621216 -11.9341 -0.98111 0 0 0
v 4.37878 -10.7343 -0.98111 0 0 0
v -0.621216 -11.5842 4.01889 0 0 0
v -0.621216 -11.5842 4.01889 0 0 0
v 4.37878 -10.7343 -0.98111 0 0 0
v 4.37878 -10.5343 4.01889 0 0 0
v 4.37878 -10.7343 -0.98111 0 0 0
v 9.37878 -9.96758 -0.98111 0 0 0
v 4.37878 -10.5343 4.01889 0 0 0
v 4.37878 -10.5343 4.01889 0 0 0
v 9.37878 -9.96758 -0.98111 0 0 0
v 9.37878 -9.53423 4.01889 0 0 0
v 9.37878 -9.96758 -0.98111 0 0 0
v 14.3788 -9.18419 -0.98111 0 0 0
v 9.37878 -9.53423 4.01889 0 0 0
v 9.37878 -9.53423 4.01889 0 0 0
v 14.3788 -9.18419 -0.98111 0 0 0
v 14.3788 -8.63427 4.01889 0 0 0
v 14.3788 -9.18419 -0.98111 0 0 0
v 19.3788 -8.33428 -0.98111 0 0 0
v 14.3788 -8.63427 4.01889 0 0 0
v 14.3788 -8.63427 4.01889 0 0 0
v 19.3788 -8.33428 -0.98111 0 0 0
v 19.3788 -8.18429 4.01889 0 0 0
v 19.3788 -8.33428 -0.98111 0 0 0
v 24.3788 -7.18423 -0.98111 0 0 0
v 19.3788 -8.18429 4.01889 0 0 0
v 19.3788 -8.18429 4.01889 0 0 0
v 24.3788 -7.18423 -0.98111 0 0 0
v 24.3788 -6.23421 4.01889 0 0 0
v 24.3788 -7.18423 -0.98111 0 0 0
v 29.3788 -6.23437 -0.98111 0 0 0
v 24.3788 -6.23421 4.01889 0 0 0
v 24.3788 -6.23421 4.01889 0 0 0
v 29.3788 -6.23437 -0.98111 0 0 0
v 29.3788 -5.73418 4.01889 0 0 0
v 29.3788 -6.23437 -0.98111 0 0 0
v 34.3788 -5.26757 -0.98111 0 0 0
v 29.3788 -5.73418 4.01889 0 0 0
v 29.3788 -5.73418 4.01889 0 0 0
v 34.3788 -5.26757 -0.98111 0 0 0
v 34.3788 -5.03426 4.01889 0 0 0
v 34.3788 -5.26757 -0.98111 0 0 0
v 39.3788 -3.43438 -0.98111 0 0 0
v 34.3788 -5.03426 4.01889 0 0 0
v 34.3788 -5.03426 4.01889 0 0 0
v 39.3788 -3.43438 -0.98111 0 0 0
v 39.3788 -3.50101 4.01889 0 0 0
v 39.3788 -3.43438 -0.98111 0 0 0
v 44.3788 17.3658 -0.98111 0 0 0
v 39.3788 -3.50101 4.01889 0 0 0
v 39.3788 -3.50101 4.01889 0 0 0
v 44.3788 17.3658 -0.98111 0 0 0
v 44.3788 15.7658 4.01889 0 0 0
v 44.3788 17.3658 -0.98111 0 0 0
v 49.3788 16.6324 -0.98111 0 0 0
v 44.3788 15.7658 4.01889 0 0 0
v 44.3788 15.7658 4.01889 0 0 0
v 49.3788 16.6324 -0.98111 0 0 0
v 49.3788 15.1658 4.01889 0 0 0
v 49.3788 16.6324 -0.98111 0 0 0
v 54.3788 17.3658 -0.98111 0 0 0
v 49.3788 15.1658 4.01889 0 0 0
v 49.3788 15.1658 4.01889 0 0 0
v 54.3788 17.3658 -0.98111 0 0 0
v 54.3788 14.8991 4.01889 0 0 0
v 54.3788 17.3658 -0.98111 0 0 0
v 59.3788 16.8157 -0.98111 0 0 0
v 54.3788 14.8991 4.01889 0 0 0
v 54.3788 14.8991 4.01889 0 0 0
v 59.3788 16.8157 -0.98111 0 0 0
v 59.3788 9.33245 4.01889 0 0 0
v 59.3788 16.8157 -0.98111 0 0 0
v 64.3788 15.9656 -0.98111 0 0 0
v 59.3788 9.33245 4.01889 0 0 0
v 59.3788 9.33245 4.01889 0 0 0
v 64.3788 15.9656 -0.98111 0 0 0
v 64.3788 9.79906 4.01889 0 0 0
v 64.3788 15.9656 -0.98111 0 0 0
v 69.3788 8.91578 -0.98111 0 0 0
v 64.3788 9.79906 4.01889 0 0 0
v 64.3788 9.79906 4.01889 0 0 0
v 69.3788 8.91578 -0.98111 0 0 0
v 69.3788 7.96577 4.01889 0 0 0
v 69.3788 8.91578 -0.98111 0 0 0
v 74.3788 2.2657 -0.98111 0 0 0
v 69.3788 7.96577 4.01889 0 0 0
v 69.3788 7.96577 4.01889 0 0 0
v 74.3788 2.2657 -0.98111 0 0 0
v 74.3788 4.16572 4.01889 0 0 0
v 74.3788 2.2657 -0.98111 0 0 0
v 79.3788 6.91566 -0.98111 0 0 0
v 74.3788 4.16572 4.01889 0 0 0
v 74.3788 4.16572 4.01889 0 0 0
v 79.3788 6.91566 -0.98111 0 0 0
v 79.3788 7.06581 4.01889 0 0 0
v 79.3788 6.91566 -0.98111 0 0 0
v 79.3788 7.66578 -5.98111 0 0 0
v 79.3788 7.06581 4.01889 0 0 0
v 79.3788 7.06581 4.01889 0 0 0
v 79.3788 7.66578 -5.98111 0 0 0
v 84.3788 10.6658 4.01889 0 0 0
v 79.3788 7.66578 -5.98111 0 0 0
v 89.3788 11.3657 -0.98111 0 0 0
v 84.3788 10.6658 4.01889 0 0 0
v 84.3788 10.6658 4.01889 0 0 0
v 89.3788 11.3657 -0.98111 0 0 0
v 89.3788 11.7657 4.01889 0 0 0
v 89.3788 11.3657 -0.98111 0 0 0
v 94.3788 13.5157 -0.98111 0 0 0
v 89.3788 11.7657 4.01889 0 0 0
v 89.3788 11.7657 4.01889 0 0 0
v 94.3788 13.5157 -0.98111 0 0 0
v 94.3788 32.9407 4.01889 0 0 0
v 94.3788 13.5157 -0.98111 0 0 0
v 99.3788 30.6657 -0.98111 0 0 0
v 94.3788 32.9407 4.01889 0 0 0
v 94.3788 32.9407 4.01889 0 0 0
v 99.3788 30.6657 -0.98111 0 0 0
v 99.3788 32.3157 4.01889 0 0 0
v 99.3788 30.6657 -0.98111 0 0 0
v 104.379 32.2324 -0.98111 0 0 0
v 99.3788 32.3157 4.01889 0 0 0
v 99.3788 32.3157 4.01889 0 0 0
v 104.379 32.2324 -0.98111 0 0 0
v 104.379 35.6858 4.01889 0 0 0
v 104.379 32.2324 -0.98111 0 0 0
v 109.379 26.6324 -0.98111 0 0 0
v 104.379 35.6858 4.01889 0 0 0
v 104.379 35.6858 4.01889 0 0 0
v 109.379 26.6324 -0.98111 0 0 0
v 109.379 36.4325 4.01889 0 0 0
v 109.379 26.6324 -0.98111 0 0 0
v 114.379 26.6324 -0.98111 0 0 0
v 109.379 36.4325 4.01889 0 0 0
v 109.379 36.4325 4.01889 0 0 0
v 114.379 26.6324 -0.98111 0 0 0
v 114.379 37.5407 4.01889 0 0 0
v 114.379 26.6324 -0.98111 0 0 0
v 119.379 21.4158 -0.98111 0 0 0
v 114.379 37.5407 4.01889 0 0 0
v 114.379 37.5407 4.01889 0 0 0
v 119.379 21.4158 -0.98111 0 0 0
v 119.379 35.4407 4.01889 0 0 0
v 119.379 21.4158 -0.98111 0 0 0
v 124.379 24.1657 -0.98111 0 0 0
v 119.379 35.4407 4.01889 0 0 0
v 119.379 35.4407 4.01889 0 0 0
v 124.379 24.1657 -0.98111 0 0 0
v 124.379 32.1157 4.01889 0 0 0
v 124.379 24.1657 -0.98111 0 0 0
v 129.379 26.8157 -0.98111 0 0 0
v 124.379 32.1157 4.01889 0 0 0
v 124.379 32.1157 4.01889 0 0 0
v 129.379 26.8157 -0.98111 0 0 0
v 129.379 26.3657 4.01889 0 0 0
v 129.379 26.8157 -0.98111 0 0 0
v 134.379 29.5992 -0.98111 0 0 0
v 129.379 26.3657 4.01889 0 0 0
v 129.379 26.3657 4.01889 0 0 0
v 134.379 29.5992 -0.98111 0 0 0
v 134.379 29.9657 4.01889 0 0 0
v 134.379 29.5992 -0.98111 0 0 0
v 139.379 31.9324 -0.98111 0 0 0
v 134.379 29.9657 4.01889 0 0 0
v 134.379 29.9657 4.01889 0 0 0
v 139.379 31.9324 -0.98111 0 0 0
v 139.379 31.8656 4.01889 0 0 0
v 139.379 31.9324 -0.98111 0 0 0
v 144.379 34.7657 -0.98111 0 0 0
v 139.379 31.8656 4.01889 0 0 0
v 139.379 31.8656 4.01889 0 0 0
v 144.379 34.7657 -0.98111 0 0 0
v 144.379 33.2157 4.01889 0 0 0
v 144.379 34.7657 -0.98111 0 0 0
v 149.379 37.0658 -0.98111 0 0 0
v 144.379 33.2157 4.01889 0 0 0
v 144.379 33.2157 4.01889 0 0 0
v 149.379 37.0658 -0.98111 0 0 0
v 149.379 35.7157 4.01889 0 0 0
v 149.379 37.0658 -0.98111 0 0 0
v 154.379 38.2658 -0.98111 0 0 0
v 149.379 35.7157 4.01889 0 0 0
v 149.379 35.7157 4.01889 0 0 0
v 154.379 38.2658 -0.98111 0 0 0
v 154.379 38.2658 4.01889 0 0 0
v 154.379 38.2658 -0.98111 0 0 0
v 159.379 38.8657 -0.98111 0 0 0
v 154.379 38.2658 4.01889 0 0 0
v 154.379 38.2658 4.01889 0 0 0
v 159.379 38.8657 -0.98111 0 0 0
v 159.379 38.6325 4.01889 0 0 0
v 159.379 38.8657 -0.98111 0 0 0
v 164.379 39.8658 -0.98111 0 0 0
v 159.379 38.6325 4.01889 0 0 0
v 159.379 38.6325 4.01889 0 0 0
v 164.379 39.8658 -0.98111 0 0 0
v 164.379 39.7323 4.01889 0 0 0
v 164.379 39.8658 -0.98111 0 0 0
v 169.379 40.9658 -0.98111 0 0 0
v 164.379 39.7323 4.01889 0 0 0
v 164.379 39.7323 4.01889 0 0 0
v 169.379 40.9658 -0.98111 0 0 0
v 169.379 40.3658 4.01889 0 0 0
v 169.379 40.9658 -0.98111 0 0 0
v 174.379 42.7659 -0.98111 0 0 0
v 169.379 40.3658 4.01889 0 0 0
v 169.379 40.3658 4.01889 0 0 0
v 174.379 42.7659 -0.98111 0 0 0
v 174.379 42.2323 4.01889 0 0 0
v 174.379 42.7659 -0.98111 0 0 0
v 179.379 46.9657 -0.98111 0 0 0
v 174.379 42.2323 4.01889 0 0 0
v 174.379 42.2323 4.01889 0 0 0
v 179.379 46.9657 -0.98111 0 0 0
v 179.379 47.0658 4.01889 0 0 0
v 179.379 46.9657 -0.98111 0 0 0
v 184.379 48.8157 -0.98111 0 0 0
v 179.379 47.0658 4.01889 0 0 0
v 179.379 47.0658 4.01889 0 0 0
v 184.379 48.8157 -0.98111 0 0 0
v 184.379 48.7656 4.01889 0 0 0
v 184.379 48.8157 -0.98111 0 0 0
v 184.379 49.1657 -5.98111 0 0 0
v 184.379 48.7656 4.01889 0 0 0
v 184.379 48.7656 4.01889 0 0 0
v 184.379 49.1657 -5.98111 0 0 0
v 189.379 68.5657 4.01889 0 0 0
v 184.379 49.1657 -5.98111 0 0 0
v 194.379 55.5157 -0.98111 0 0 0
v 189.379 68.5657 4.01889 0 0 0
v 189.379 68.5657 4.01889 0 0 0
v 194.379 55.5157 -0.98111 0 0 0
v 194.379 94.3157 4.01889 0 0 0
v 194.379 55.5157 -0.98111 0 0 0
v 199.379 61.5157 -0.98111 0 0 0
v 194.379 94.3157 4.01889 0 0 0
v 194.379 94.3157 4.01889 0 0 0
v 199.379 61.5157 -0.98111 0 0 0
v 199.379 70.7324 4.01889 0 0 0
v 199.379 61.5157 -0.98111 0 0 0
v 204.379 60.7658 -0.98111 0 0 0
v 199.379 70.7324 4.01889 0 0 0
v 199.379 70.7324 4.01889 0 0 0
v 204.379 60.7658 -0.98111 0 0 0
v 204.379 57.7659 4.01889 0 0 0
v 204.379 60.7658 -0.98111 0 0 0
v 209.379 60.3324 -0.98111 0 0 0
v 204.379 57.7659 4.01889 0 0 0
v 204.379 57.7659 4.01889 0 0 0
v 209.379 60.3324 -0.98111 0 0 0
v 209.379 59.2657 4.01889 0 0 0
v 209.379 60.3324 -0.98111 0 0 0
v 214.379 63.4157 -0.98111 0 0 0
v 209.379 59.2657 4.01889 0 0 0
v 209.379 59.2657 4.01889 0 0 0
v 214.379 63.4157 -0.98111 0 0 0
v 214.379 63.7656 4.01889 0 0 0
v -200.621 -54.3343 4.01889 0 0 0
v -195.621 -53.9009 4.01889 0 0 0
v -200.621 -54.3343 4.01889 0 0 0
v -200.621 -54.3343 4.01889 0 0 0
v -195.621 -53.9009 4.01889 0 0 0
v -195.621 -54.1341 9.01889 0 0 0
v -195.621 -53.9009 4.01889 0 0 0
v -190.621 -53.5342 4.01889 0 0 0
v -195.621 -54.1341 9.01889 0 0 0
v -195.621 -54.1341 9.01889 0 0 0
v -190.621 -53.5342 4.01889 0 0 0
v -190.621 -53.9343 9.01889 0 0 0
v -190.621 -53.5342 4.01889 0 0 0
v -185.621 -53.3343 4.01889 0 0 0
v -190.621 -53.9343 9.01889 0 0 0
v -190.621 -53.9343 9.01889 0 0 0
v -185.621 -53.3343 4.01889 0 0 0
v -185.621 -53.3343 9.01889 0 0 0
v -185.621 -53.3343 4.01889 0 0 0
v -180.621 -53.0343 4.01889 0 0 0
v -185.621 -53.3343 9.01889 0 0 0
v -185.621 -53.3343 9.01889 0 0 0
v -180.621 -53.0343 4.01889 0 0 0
v -180.621 -53.0343 9.01889 0 0 0
v -180.621 -53.0343 4.01889 0 0 0
v -175.621 -52.9342 4.01889 0 0 0
v -180.621 -53.0343 9.01889 0 0 0
v -180.621 -53.0343 9.01889 0 0 0
v -175.621 -52.9342 4.01889 0 0 0
v -175.621 -52.9342 9.01889 0 0 0
v -175.621 -52.9342 4.01889 0 0 0
v -170.621 -53.1593 4.01889 0 0 0
v -175.621 -52.9342 9.01889 0 0 0
v -175.621 -52.9342 9.01889 0 0 0
v -170.621 -53.1593 4.01889 0 0 0
v -170.621 -52.7844 9.01889 0 0 0
v -170.621 -53.1593 4.01889 0 0 0
v -165.621 -52.7844 4.01889 0 0 0
v -170.621 -52.7844 9.01889 0 0 0
v -170.621 -52.7844 9.01889 0 0 0
v -165.621 -52.7844 4.01889 0 0 0
v -165.621 -52.6342 9.01889 0 0 0
v -165.621 -52.7844 4.01889 0 0 0
v -160.621 -52.6342 4.01889 0 0 0
v -165.621 -52.6342 9.01889 0 0 0
v -165.621 -52.6342 9.01889 0 0 0
v -160.621 -52.6342 4.01889 0 0 0
v -160.621 -52.2843 9.01889 0 0 0
v -160.621 -52.6342 4.01889 0 0 0
v -155.621 -52.1342 4.01889 0 0 0
v -160.621 -52.2843 9.01889 0 0 0
v -160.621 -52.2843 9.01889 0 0 0
v -155.621 -52.1342 4.01889 0 0 0
v -155.621 -51.5843 9.01889 0 0 0
v -155.621 -52.1342 4.01889 0 0 0
v -150.621 -50.1342 4.01889 0 0 0
v -155.621 -51.5843 9.01889 0 0 0
v -155.621 -51.5843 9.01889 0 0 0
v -150.621 -50.1342 4.01889 0 0 0
v -150.621 -49.7341 9.01889 0 0 0
v -150.621 -50.1342 4.01889 0 0 0
v -145.621 -47.6342 4.01889 0 0 0
v -150.621 -49.7341 9.01889 0 0 0
v -150.621 -49.7341 9.01889 0 0 0
v -145.621 -47.6342 4.01889 0 0 0
v -145.621 -48.9343 9.01889 0 0 0
v -145.621 -47.6342 4.01889 0 0 0
v -140.621 -46.3842 4.01889 0 0 0
v -145.621 -48.9343 9.01889 0 0 0
v -145.621 -48.9343 9.01889 0 0 0
v -140.621 -46.3842 4.01889 0 0 0
v -140.621 -45.6342 9.01889 0 0 0
v -140.621 -46.3842 4.01889 0 0 0
v -135.621 -44.3343 4.01889 0 0 0
v -140.621 -45.6342 9.01889 0 0 0
v -140.621 -45.6342 9.01889 0 0 0
v -135.621 -44.3343 4.01889 0 0 0
v -135.621 -43.9343 9.01889 0 0 0
v -135.621 -44.3343 4.01889 0 0 0
v -130.621 -42.2343 4.01889 0 0 0
v -135.621 -43.9343 9.01889 0 0 0
v -135.621 -43.9343 9.01889 0 0 0
v -130.621 -42.2343 4.01889 0 0 0
v -130.621 -41.7342 9.01889 0 0 0
v -130.621 -42.2343 4.01889 0 0 0
v -125.621 -37.4342 4.01889 0 0 0
v -130.621 -41.7342 9.01889 0 0 0
v -130.621 -41.7342 9.01889 0 0 0
v -125.621 -37.4342 4.01889 0 0 0
v -125.621 -38.8343 9.01889 0 0 0
v -125.621 -37.4342 4.01889 0 0 0
v -120.621 -33.8842 4.01889 0 0 0
v -125.621 -38.8343 9.01889 0 0 0
v -125.621 -38.8343 9.01889 0 0 0
v -120.621 -33.8842 4.01889 0 0 0
v -120.621 -34.7341 9.01889 0 0 0
v -120.621 -33.8842 4.01889 0 0 0
v -115.621 -32.0843 4.01889 0 0 0
v -120.621 -34.7341 9.01889 0 0 0
v -120.621 -34.7341 9.01889 0 0 0
v -115.621 -32.0843 4.01889 0 0 0
v -115.621 -31.3676 9.01889 0 0 0
v -115.621 -32.0843 4.01889 0 0 0
v -110.621 -27.5842 4.01889 0 0 0
v -115.621 -31.3676 9.01889 0 0 0
v -115.621 -31.3676 9.01889 0 0 0
v -110.621 -27.5842 4.01889 0 0 0
v -110.621 -28.7344 9.01889 0 0 0
v -110.621 -27.5842 4.01889 0 0 0
v -105.621 -24.2342 4.01889 0 0 0
v -110.621 -28.7344 9.01889 0 0 0
v -110.621 -28.7344 9.01889 0 0 0
v -105.621 -24.2342 4.01889 0 0 0
v -105.621 -25.9344 9.01889 0 0 0
v -105.621 -24.2342 4.01889 0 0 0
v -100.621 -19.6343 4.01889 0 0 0
v -105.621 -25.9344 9.01889 0 0 0
v -105.621 -25.9344 9.01889 0 0 0
v -100.621 -19.6343 4.01889 0 0 0
v -100.621 -21.1343 9.01889 0 0 0
v -100.621 -19.6343 4.01889 0 0 0
v -95.6212 -17.8342 4.01889 0 0 0
v -100.621 -21.1343 9.01889 0 0 0
v -100.621 -21.1343 9.01889 0 0 0
v -95.6212 -17.8342 4.01889 0 0 0
v -95.6212 -17.401 9.01889 0 0 0
v -95.6212 -17.8342 4.01889 0 0 0
v -90.6212 -16.6341 4.01889 0 0 0
v -95.6212 -17.401 9.01889 0 0 0
v -95.6212 -17.401 9.01889 0 0 0
v -90.6212 -16.6341 4.01889 0 0 0
v -90.6212 -11.8842 9.01889 0 0 0
v -90.6212 -16.6341 4.01889 0 0 0
v -85.6212 -6.63415 4.01889 0 0 0
v -90.6212 -11.8842 9.01889 0 0 0
v -90.6212 -11.8842 9.01889 0 0 0
v -85.6212 -6.63415 4.01889 0 0 0
v -85.6212 -6.93413 9.01889 0 0 0
v -85.6212 -6.63415 4.01889 0 0 0
v -85.6212 -9.53415 -0.98111 0 0 0
v -85.6212 -6.93413 9.01889 0 0 0
v -85.6212 -6.93413 9.01889 0 0 0
v -85.6212 -9.53415 -0.98111 0 0 0
v -80.6212 -6.73424 9.01889 0 0 0
v -85.6212 -9.53415 -0.98111 0 0 0
v -75.6212 -7.33422 4.01889 0 0 0
v -80.6212 -6.73424 9.01889 0 0 0
v -80.6212 -6.73424 9.01889 0 0 0
v -75.6212 -7.33422 4.01889 0 0 0
v -75.6212 -7.03423 9.01889 0 0 0
v -75.6212 -7.33422 4.01889 0 0 0
v -70.6212 -7.38427 4.01889 0 0 0
v -75.6212 -7.03423 9.01889 0 0 0
v -75.6212 -7.03423 9.01889 0 0 0
v -70.6212 -7.38427 4.01889 0 0 0
v -70.6212 -7.43432 9.01889 0 0 0
v -70.6212 -7.38427 4.01889 0 0 0
v -65.6212 -7.28417 4.01889 0 0 0
v -70.6212 -7.43432 9.01889 0 0 0
v -70.6212 -7.43432 9.01889 0 0 0
v -65.6212 -7.28417 4.01889 0 0 0
v -65.6212 -7.23427 9.01889 0 0 0
v -65.6212 -7.28417 4.01889 0 0 0
v -65.6212 -6.83419 -0.98111 0 0 0
v -65.6212 -7.23427 9.01889 0 0 0
v -65.6212 -7.23427 9.01889 0 0 0
v -65.6212 -6.83419 -0.98111 0 0 0
v -60.6212 -6.03417 9.01889 0 0 0
v -65.6212 -6.83419 -0.98111 0 0 0
v -55.6212 -6.83419 4.01889 0 0 0
v -60.6212 -6.03417 9.01889 0 0 0
v -60.6212 -6.03417 9.01889 0 0 0
v -55.6212 -6.83419 4.01889 0 0 0
v -55.6212 -6.23437 9.01889 0 0 0
v -55.6212 -6.83419 4.01889 0 0 0
v -50.6212 -15.2343 4.01889 0 0 0
v -55.6212 -6.23437 9.01889 0 0 0
v -55.6212 -6.23437 9.01889 0 0 0
v -50.6212 -15.2343 4.01889 0 0 0
v -50.6212 -10.5843 9.01889 0 0 0
v -50.6212 -15.2343 4.01889 0 0 0
v -45.6212 -15.3343 4.01889 0 0 0
v -50.6212 -10.5843 9.01889 0 0 0
v -50.6212 -10.5843 9.01889 0 0 0
v -45.6212 -15.3343 4.01889 0 0 0
v -45.6212 -15.5343 9.01889 0 0 0
v -45.6212 -15.3343 4.01889 0 0 0
v -40.6212 -15.0843 4.01889 0 0 0
v -45.6212 -15.5343 9.01889 0 0 0
v -45.6212 -15.5343 9.01889 0 0 0
v -40.6212 -15.0843 4.01889 0 0 0
v -40.6212 -15.3344 9.01889 0 0 0
v -40.6212 -15.0843 4.01889 0 0 0
v -35.6212 -15.1344 4.01889 0 0 0
v -40.6212 -15.3344 9.01889 0 0 0
v -40.6212 -15.3344 9.01889 0 0 0
v -35.6212 -15.1344 4.01889 0 0 0
v -35.6212 -15.3342 9.01889 0 0 0
v -35.6212 -15.1344 4.01889 0 0 0
v -30.6212 -14.7341 4.01889 0 0 0
v -35.6212 -15.3342 9.01889 0 0 0
v -35.6212 -15.3342 9.01889 0 0 0
v -30.6212 -14.7341 4.01889 0 0 0
v -30.6212 -14.7676 9.01889 0 0 0
v -30.6212 -14.7341 4.01889 0 0 0
v -25.6212 -14.2342 4.01889 0 0 0
v -30.6212 -14.7676 9.01889 0 0 0
v -30.6212 -14.7676 9.01889 0 0 0
v -25.6212 -14.2342 4.01889 0 0 0
v -25.6212 -14.3343 9.01889 0 0 0
v -25.6212 -14.2342 4.01889 0 0 0
v -20.6212 -13.5842 4.01889 0 0 0
v -25.6212 -14.3343 9.01889 0 0 0
v -25.6212 -14.3343 9.01889 0 0 0
v -20.6212 -13.5842 4.01889 0 0 0
v -20.6212 -14.0842 9.01889 0 0 0
v -20.6212 -13.5842 4.01889 0 0 0
v -15.6212 -12.6342 4.01889 0 0 0
v -20.6212 -14.0842 9.01889 0 0 0
v -20.6212 -14.0842 9.01889 0 0 0
v -15.6212 -12.6342 4.01889 0 0 0
v -15.6212 -12.9342 9.01889 0 0 0
v -15.6212 -12.6342 4.01889 0 0 0
v -15.6212 -14.2676 -0.98111 0 0 0
v -15.6212 -12.9342 9.01889 0 0 0
v -15.6212 -12.9342 9.01889 0 0 0
v -15.6212 -14.2676 -0.98111 0 0 0
v -10.6212 -12.0342 9.01889 0 0 0
v -15.6212 -14.2676 -0.98111 0 0 0
v -5.62122 -12.5341 4.01889 0 0 0
v -10.6212 -12.0342 9.01889 0 0 0
v -10.6212 -12.0342 9.01889 0 0 0
v -5.62122 -12.5341 4.01889 0 0 0
v -5.62122 -10.9343 9.01889 0 0 0
v -5.62122 -12.5341 4.01889 0 0 0
v -0.621216 -11.5842 4.01889 0 0 0
v -5.62122 -10.9343 9.01889 0 0 0
v -5.62122 -10.9343 9.01889 0 0 0
v -0.621216 -11.5842 4.01889 0 0 0
v -0.621216 -10.2343 9.01889 0 0 0
v -0.621216 -11.5842 4.01889 0 0 0
v 4.37878 -10.5343 4.01889 0 0 0
v -0.621216 -10.2343 9.01889 0 0 0
v -0.621216 -10.2343 9.01889 0 0 0
v 4.37878 -10.5343 4.01889 0 0 0
v 4.37878 -9.63433 9.01889 0 0 0
v 4.37878 -10.5343 4.01889 0 0 0
v 9.37878 -9.53423 4.01889 0 0 0
v 4.37878 -9.63433 9.01889 0 0 0
v 4.37878 -9.63433 9.01889 0 0 0
v 9.37878 -9.53423 4.01889 0 0 0
v 9.37878 -8.9843 9.01889 0 0 0
v 9.37878 -9.53423 4.01889 0 0 0
v 14.3788 -8.63427 4.01889 0 0 0
v 9.37878 -8.9843 9.01889 0 0 0
v 9.37878 -8.9843 9.01889 0 0 0
v 14.3788 -8.63427 4.01889 0 0 0
v 14.3788 -8.33428 9.01889 0 0 0
v 14.3788 -8.63427 4.01889 0 0 0
v 19.3788 -8.18429 4.01889 0 0 0
v 14.3788 -8.33428 9.01889 0 0 0
v 14.3788 -8.33428 9.01889 0 0 0
v 19.3788 -8.18429 4.01889 0 0 0
v 14.3788 -8.63427 4.01889 0 0 0
v 19.3788 -8.18429 4.01889 0 0 0
v 24.3788 -6.23421 4.01889 0 0 0
v 14.3788 -8.63427 4.01889 0 0 0
v 14.3788 -8.63427 4.01889 0 0 0
v 24.3788 -6.23421 4.01889 0 0 0
v 24.3788 -4.53423 9.01889 0 0 0
v 24.3788 -6.23421 4.01889 0 0 0
v 29.3788 -5.73418 4.01889 0 0 0
v 24.3788 -4.53423 9.01889 0 0 0
v 24.3788 -4.53423 9.01889 0 0 0
v 29.3788 -5.73418 4.01889 0 0 0
v 29.3788 -4.33434 9.01889 0 0 0
v 29.3788 -5.73418 4.01889 0 0 0
v 34.3788 -5.03426 4.01889 0 0 0
v 29.3788 -4.33434 9.01889 0 0 0
v 29.3788 -4.33434 9.01889 0 0 0
v 34.3788 -5.03426 4.01889 0 0 0
v 34.3788 2.2657 9.01889 0 0 0
v 34.3788 -5.03426 4.01889 0 0 0
v 39.3788 -3.50101 4.01889 0 0 0
v 34.3788 2.2657 9.01889 0 0 0
v 34.3788 2.2657 9.01889 0 0 0
v 39.3788 -3.50101 4.01889 0 0 0
v 39.3788 -5.03426 9.01889 0 0 0
v 39.3788 -3.50101 4.01889 0 0 0
v 44.3788 15.7658 4.01889 0 0 0
v 39.3788 -5.03426 9.01889 0 0 0
v 39.3788 -5.03426 9.01889 0 0 0
v 44.3788 15.7658 4.01889 0 0 0
v 44.3788 5.41572 9.01889 0 0 0
v 44.3788 15.7658 4.01889 0 0 0
v 49.3788 15.1658 4.01889 0 0 0
v 44.3788 5.41572 9.01889 0 0 0
v 44.3788 5.41572 9.01889 0 0 0
v 49.3788 15.1658 4.01889 0 0 0
v 49.3788 2.73241 9.01889 0 0 0
v 49.3788 15.1658 4.01889 0 0 0
v 54.3788 14.8991 4.01889 0 0 0
v 49.3788 2.73241 9.01889 0 0 0
v 49.3788 2.73241 9.01889 0 0 0
v 54.3788 14.8991 4.01889 0 0 0
v 54.3788 1.79077 9.01889 0 0 0
v 54.3788 14.8991 4.01889 0 0 0
v 59.3788 9.33245 4.01889 0 0 0
v 54.3788 1.79077 9.01889 0 0 0
v 54.3788 1.79077 9.01889 0 0 0
v 59.3788 9.33245 4.01889 0 0 0
v 59.3788 -1.63415 9.01889 0 0 0
v 59.3788 9.33245 4.01889 0 0 0
v 64.3788 9.79906 4.01889 0 0 0
v 59.3788 -1.63415 9.01889 0 0 0
v 59.3788 -1.63415 9.01889 0 0 0
v 64.3788 9.79906 4.01889 0 0 0
v 64.3788 0.465769 9.01889 0 0 0
v 64.3788 9.79906 4.01889 0 0 0
v 69.3788 7.96577 4.01889 0 0 0
v 64.3788 0.465769 9.01889 0 0 0
v 64.3788 0.465769 9.01889 0 0 0
v 69.3788 7.96577 4.01889 0 0 0
v 69.3788 4.29908 9.01889 0 0 0
v 69.3788 7.96577 4.01889 0 0 0
v 74.3788 4.16572 4.01889 0 0 0
v 69.3788 4.29908 9.01889 0 0 0
v 69.3788 4.29908 9.01889 0 0 0
v 74.3788 4.16572 4.01889 0 0 0
v 74.3788 7.03244 9.01889 0 0 0
v 74.3788 4.16572 4.01889 0 0 0
v 79.3788 7.06581 4.01889 0 0 0
v 74.3788 7.03244 9.01889 0 0 0
v 74.3788 7.03244 9.01889 0 0 0
v 79.3788 7.06581 4.01889 0 0 0
v 79.3788 8.21571 9.01889 0 0 0
v 79.3788 7.06581 4.01889 0 0 0
v 84.3788 10.6658 4.01889 0 0 0
v 79.3788 8.21571 9.01889 0 0 0
v 79.3788 8.21571 9.01889 0 0 0
v 84.3788 10.6658 4.01889 0 0 0
v 84.3788 10.3657 9.01889 0 0 0
v 84.3788 10.6658 4.01889 0 0 0
v 89.3788 11.7657 4.01889 0 0 0
v 84.3788 10.3657 9.01889 0 0 0
v 84.3788 10.3657 9.01889 0 0 0
v 89.3788 11.7657 4.01889 0 0 0
v 89.3788 12.1658 9.01889 0 0 0
v 89.3788 11.7657 4.01889 0 0 0
v 94.3788 32.9407 4.01889 0 0 0
v 89.3788 12.1658 9.01889 0 0 0
v 89.3788 12.1658 9.01889 0 0 0
v 94.3788 32.9407 4.01889 0 0 0
v 94.3788 34.6324 9.01889 0 0 0
v 94.3788 32.9407 4.01889 0 0 0
v 99.3788 32.3157 4.01889 0 0 0
v 94.3788 34.6324 9.01889 0 0 0
v 94.3788 34.6324 9.01889 0 0 0
v 99.3788 32.3157 4.01889 0 0 0
v 99.3788 40.4514 9.01889 0 0 0
v 99.3788 32.3157 4.01889 0 0 0
v 104.379 35.6858 4.01889 0 0 0
v 99.3788 40.4514 9.01889 0 0 0
v 99.3788 40.4514 9.01889 0 0 0
v 104.379 35.6858 4.01889 0 0 0
v 104.379 46.2324 9.01889 0 0 0
v 104.379 35.6858 4.01889 0 0 0
v 109.379 36.4325 4.01889 0 0 0
v 104.379 46.2324 9.01889 0 0 0
v 104.379 46.2324 9.01889 0 0 0
v 109.379 36.4325 4.01889 0 0 0
v 109.379 39.0857 9.01889 0 0 0
v 109.379 36.4325 4.01889 0 0 0
v 114.379 37.5407 4.01889 0 0 0
v 109.379 39.0857 9.01889 0 0 0
v 109.379 39.0857 9.01889 0 0 0
v 114.379 37.5407 4.01889 0 0 0
v 114.379 42.4323 9.01889 0 0 0
v 114.379 37.5407 4.01889 0 0 0
v 119.379 35.4407 4.01889 0 0 0
v 114.379 42.4323 9.01889 0 0 0
v 114.379 42.4323 9.01889 0 0 0
v 119.379 35.4407 4.01889 0 0 0
v 119.379 30.4257 9.01889 0 0 0
v 119.379 35.4407 4.01889 0 0 0
v 124.379 32.1157 4.01889 0 0 0
v 119.379 30.4257 9.01889 0 0 0
v 119.379 30.4257 9.01889 0 0 0
v 124.379 32.1157 4.01889 0 0 0
v 124.379 33.1323 9.01889 0 0 0
v 124.379 32.1157 4.01889 0 0 0
v 129.379 26.3657 4.01889 0 0 0
v 124.379 33.1323 9.01889 0 0 0
v 124.379 33.1323 9.01889 0 0 0
v 129.379 26.3657 4.01889 0 0 0
v 129.379 24.8658 9.01889 0 0 0
v 129.379 26.3657 4.01889 0 0 0
v 134.379 29.9657 4.01889 0 0 0
v 129.379 24.8658 9.01889 0 0 0
v 129.379 24.8658 9.01889 0 0 0
v 134.379 29.9657 4.01889 0 0 0
v 134.379 27.5657 9.01889 0 0 0
v 134.379 29.9657 4.01889 0 0 0
v 139.379 31.8656 4.01889 0 0 0
v 134.379 27.5657 9.01889 0 0 0
v 134.379 27.5657 9.01889 0 0 0
v 139.379 31.8656 4.01889 0 0 0
v 139.379 30.3657 9.01889 0 0 0
v 139.379 31.8656 4.01889 0 0 0
v 144.379 33.2157 4.01889 0 0 0
v 139.379 30.3657 9.01889 0 0 0
v 139.379 30.3657 9.01889 0 0 0
v 144.379 33.2157 4.01889 0 0 0
v 144.379 31.6657 9.01889 0 0 0
v 144.379 33.2157 4.01889 0 0 0
v 149.379 35.7157 4.01889 0 0 0
v 144.379 31.6657 9.01889 0 0 0
v 144.379 31.6657 9.01889 0 0 0
v 149.379 35.7157 4.01889 0 0 0
v 149.379 35.7656 9.01889 0 0 0
v 149.379 35.7157 4.01889 0 0 0
v 154.379 38.2658 4.01889 0 0 0
v 149.379 35.7656 9.01889 0 0 0
v 149.379 35.7656 9.01889 0 0 0
v 154.379 38.2658 4.01889 0 0 0
v 154.379 38.3659 9.01889 0 0 0
v 154.379 38.2658 4.01889 0 0 0
v 159.379 38.6325 4.01889 0 0 0
v 154.379 38.3659 9.01889 0 0 0
v 154.379 38.3659 9.01889 0 0 0
v 159.379 38.6325 4.01889 0 0 0
v 159.379 40.0657 9.01889 0 0 0
v 159.379 38.6325 4.01889 0 0 0
v 164.379 39.7323 4.01889 0 0 0
v 159.379 40.0657 9.01889 0 0 0
v 159.379 40.0657 9.01889 0 0 0
v 164.379 39.7323 4.01889 0 0 0
v 164.379 40.8659 9.01889 0 0 0
v 164.379 39.7323 4.01889 0 0 0
v 169.379 40.3658 4.01889 0 0 0
v 164.379 40.8659 9.01889 0 0 0
v 164.379 40.8659 9.01889 0 0 0
v 169.379 40.3658 4.01889 0 0 0
v 169.379 40.8659 9.01889 0 0 0
v 169.379 40.3658 4.01889 0 0 0
v 174.379 42.2323 4.01889 0 0 0
v 169.379 40.8659 9.01889 0 0 0
v 169.379 40.8659 9.01889 0 0 0
v 174.379 42.2323 4.01889 0 0 0
v 174.379 41.9657 9.01889 0 0 0
v 174.379 42.2323 4.01889 0 0 0
v 179.379 47.0658 4.01889 0 0 0
v 174.379 41.9657 9.01889 0 0 0
v 174.379 41.9657 9.01889 0 0 0
v 179.379 47.0658 4.01889 0 0 0
v 179.379 44.6656 9.01889 0 0 0
v 179.379 47.0658 4.01889 0 0 0
v 184.379 48.7656 4.01889 0 0 0
v 179.379 44.6656 9.01889 0 0 0
v 179.379 44.6656 9.01889 0 0 0
v 184.379 48.7656 4.01889 0 0 0
v 184.379 48.2658 9.01889 0 0 0
v 184.379 48.7656 4.01889 0 0 0
v 189.379 68.5657 4.01889 0 0 0
v 184.379 48.2658 9.01889 0 0 0
v 184.379 48.2658 9.01889 0 0 0
v 189.379 68.5657 4.01889 0 0 0
v 189.379 64.2657 9.01889 0 0 0
v 189.379 68.5657 4.01889 0 0 0
v 194.379 94.3157 4.01889 0 0 0
v 189.379 64.2657 9.01889 0 0 0
v 189.379 64.2657 9.01889 0 0 0
v 194.379 94.3157 4.01889 0 0 0
v 194.379 76.2658 9.01889 0 0 0
v 194.379 94.3157 4.01889 0 0 0
v 199.379 70.7324 4.01889 0 0 0
v 194.379 76.2658 9.01889 0 0 0
v 194.379 76.2658 9.01889 0 0 0
v 199.379 70.7324 4.01889 0 0 0
v 199.379 65.3156 9.01889 0 0 0
v 199.379 70.7324 4.01889 0 0 0
v 204.379 57.7659 4.01889 0 0 0
v 199.379 65.3156 9.01889 0 0 0
v 199.379 65.3156 9.01889 0 0 0
v 204.379 57.7659 4.01889 0 0 0
v 204.379 68.599 9.01889 0 0 0
v 204.379 57.7659 4.01889 0 0 0
v 209.379 59.2657 4.01889 0 0 0
v 204.379 68.599 9.01889 0 0 0
v 204.379 68.599 9.01889 0 0 0
v 209.379 59.2657 4.01889 0 0 0
v 209.379 58.9658 9.01889 0 0 0
v 209.379 59.2657 4.01889 0 0 0
v 214.379 63.7656 4.01889 0 0 0
v 209.379 58.9658 9.01889 0 0 0
v 209.379 58.9658 9.01889 0 0 0
v 214.379 63.7656 4.01889 0 0 0
v 214.379 60.8659 9.01889 0 0 0
v -200.621 -54.3343 4.01889 0 0 0
v -195.621 -54.1341 9.01889 0 0 0
v -200.621 -54.4341 14.0189 0 0 0
v -200.621 -54.4341 14.0189 0 0 0
v -195.621 -54.1341 9.01889 0 0 0
v -195.621 -53.9009 14.0189 0 0 0
v -195.621 -54.1341 9.01889 0 0 0
v -190.621 -53.9343 9.01889 0 0 0
v -195.621 -53.9009 14.0189 0 0 0
v -195.621 -53.9009 14.0189 0 0 0
v -190.621 -53.9343 9.01889 0 0 0
v -190.621 -53.5342 14.0189 0 0 0
v -190.621 -53.9343 9.01889 0 0 0
v -185.621 -53.3343 9.01889 0 0 0
v -190.621 -53.5342 14.0189 0 0 0
v -190.621 -53.5342 14.0189 0 0 0
v -185.621 -53.3343 9.01889 0 0 0
v -185.621 -53.1009 14.0189 0 0 0
v -185.621 -53.3343 9.01889 0 0 0
v -180.621 -53.0343 9.01889 0 0 0
v -185.621 -53.1009 14.0189 0 0 0
v -185.621 -53.1009 14.0189 0 0 0
v -180.621 -53.0343 9.01889 0 0 0
v -180.621 -52.6342 14.0189 0 0 0
v -180.621 -53.0343 9.01889 0 0 0
v -175.621 -52.9342 9.01889 0 0 0
v -180.621 -52.6342 14.0189 0 0 0
v -180.621 -52.6342 14.0189 0 0 0
v -175.621 -52.9342 9.01889 0 0 0
v -175.621 -52.5341 14.0189 0 0 0
v -175.621 -52.9342 9.01889 0 0 0
v -170.621 -52.7844 9.01889 0 0 0
v -175.621 -52.5341 14.0189 0 0 0
v -175.621 -52.5341 14.0189 0 0 0
v -170.621 -52.7844 9.01889 0 0 0
v -170.621 -52.1842 14.0189 0 0 0
v -170.621 -52.7844 9.01889 0 0 0
v -165.621 -52.6342 9.01889 0 0 0
v -170.621 -52.1842 14.0189 0 0 0
v -170.621 -52.1842 14.0189 0 0 0
v -165.621 -52.6342 9.01889 0 0 0
v -165.621 -51.9341 14.0189 0 0 0
v -165.621 -52.6342 9.01889 0 0 0
v -160.621 -52.2843 9.01889 0 0 0
v -165.621 -51.9341 14.0189 0 0 0
v -165.621 -51.9341 14.0189 0 0 0
v -160.621 -52.2843 9.01889 0 0 0
v -160.621 -51.8342 14.0189 0 0 0
v -160.621 -52.2843 9.01889 0 0 0
v -155.621 -51.5843 9.01889 0 0 0
v -160.621 -51.8342 14.0189 0 0 0
v -160.621 -51.8342 14.0189 0 0 0
v -155.621 -51.5843 9.01889 0 0 0
v -155.621 -51.7342 14.0189 0 0 0
v -155.621 -51.5843 9.01889 0 0 0
v -150.621 -49.7341 9.01889 0 0 0
v -155.621 -51.7342 14.0189 0 0 0
v -155.621 -51.7342 14.0189 0 0 0
v -150.621 -49.7341 9.01889 0 0 0
v -150.621 -51.2344 14.0189 0 0 0
v -150.621 -49.7341 9.01889 0 0 0
v -145.621 -48.9343 9.01889 0 0 0
v -150.621 -51.2344 14.0189 0 0 0
v -150.621 -51.2344 14.0189 0 0 0
v -145.621 -48.9343 9.01889 0 0 0
v -145.621 -49.0843 14.0189 0 0 0
v -145.621 -48.9343 9.01889 0 0 0
v -140.621 -45.6342 9.01889 0 0 0
v -145.621 -49.0843 14.0189 0 0 0
v -145.621 -49.0843 14.0189 0 0 0
v -140.621 -45.6342 9.01889 0 0 0
v -140.621 -47.0342 14.0189 0 0 0
v -140.621 -45.6342 9.01889 0 0 0
v -135.621 -43.9343 9.01889 0 0 0
v -140.621 -47.0342 14.0189 0 0 0
v -140.621 -47.0342 14.0189 0 0 0
v -135.621 -43.9343 9.01889 0 0 0
v -135.621 -45.2343 14.0189 0 0 0
v -135.621 -43.9343 9.01889 0 0 0
v -130.621 -41.7342 9.01889 0 0 0
v -135.621 -45.2343 14.0189 0 0 0
v -135.621 -45.2343 14.0189 0 0 0
v -130.621 -41.7342 9.01889 0 0 0
v -130.621 -42.3675 14.0189 0 0 0
v -130.621 -41.7342 9.01889 0 0 0
v -125.621 -38.8343 9.01889 0 0 0
v -130.621 -42.3675 14.0189 0 0 0
v -130.621 -42.3675 14.0189 0 0 0
v -125.621 -38.8343 9.01889 0 0 0
v -125.621 -39.1341 14.0189 0 0 0
v -125.621 -38.8343 9.01889 0 0 0
v -120.621 -34.7341 9.01889 0 0 0
v -125.621 -39.1341 14.0189 0 0 0
v -125.621 -39.1341 14.0189 0 0 0
v -120.621 -34.7341 9.01889 0 0 0
v -120.621 -35.6344 14.0189 0 0 0
v -120.621 -34.7341 9.01889 0 0 0
v -115.621 -31.3676 9.01889 0 0 0
v -120.621 -35.6344 14.0189 0 0 0
v -120.621 -35.6344 14.0189 0 0 0
v -115.621 -31.3676 9.01889 0 0 0
v -115.621 -32.4343 14.0189 0 0 0
v -115.621 -31.3676 9.01889 0 0 0
v -110.621 -28.7344 9.01889 0 0 0
v -115.621 -32.4343 14.0189 0 0 0
v -115.621 -32.4343 14.0189 0 0 0
v -110.621 -28.7344 9.01889 0 0 0
v -110.621 -27.0009 14.0189 0 0 0
v -110.621 -28.7344 9.01889 0 0 0
v -105.621 -25.9344 9.01889 0 0 0
v -110.621 -27.0009 14.0189 0 0 0
v -110.621 -27.0009 14.0189 0 0 0
v -105.621 -25.9344 9.01889 0 0 0
v -105.621 -25.0341 14.0189 0 0 0
v -105.621 -25.9344 9.01889 0 0 0
v -100.621 -21.1343 9.01889 0 0 0
v -105.621 -25.0341 14.0189 0 0 0
v -105.621 -25.0341 14.0189 0 0 0
v -100.621 -21.1343 9.01889 0 0 0
v -100.621 -21.6341 14.0189 0 0 0
v -100.621 -21.1343 9.01889 0 0 0
v -95.6212 -17.401 9.01889 0 0 0
v -100.621 -21.6341 14.0189 0 0 0
v -100.621 -21.6341 14.0189 0 0 0
v -95.6212 -17.401 9.01889 0 0 0
v -95.6212 -18.2842 14.0189 0 0 0
v -95.6212 -17.401 9.01889 0 0 0
v -90.6212 -11.8842 9.01889 0 0 0
v -95.6212 -18.2842 14.0189 0 0 0
v -95.6212 -18.2842 14.0189 0 0 0
v -90.6212 -11.8842 9.01889 0 0 0
v -90.6212 -16.5344 14.0189 0 0 0
v -90.6212 -11.8842 9.01889 0 0 0
v -85.6212 -6.93413 9.01889 0 0 0
v -90.6212 -16.5344 14.0189 0 0 0
v -90.6212 -16.5344 14.0189 0 0 0
v -85.6212 -6.93413 9.01889 0 0 0
v -85.6212 -9.93421 14.0189 0 0 0
v -85.6212 -6.93413 9.01889 0 0 0
v -80.6212 -6.73424 9.01889 0 0 0
v -85.6212 -9.93421 14.0189 0 0 0
v -85.6212 -9.93421 14.0189 0 0 0
v -80.6212 -6.73424 9.01889 0 0 0
v -85.6212 -6.93413 9.01889 0 0 0
v -80.6212 -6.73424 9.01889 0 0 0
v -75.6212 -7.03423 9.01889 0 0 0
v -85.6212 -6.93413 9.01889 0 0 0
v -85.6212 -6.93413 9.01889 0 0 0
v -75.6212 -7.03423 9.01889 0 0 0
v -80.6212 -6.73424 9.01889 0 0 0
v -75.6212 -7.03423 9.01889 0 0 0
v -70.6212 -7.43432 9.01889 0 0 0
v -80.6212 -6.73424 9.01889 0 0 0
v -80.6212 -6.73424 9.01889 0 0 0
v -70.6212 -7.43432 9.01889 0 0 0
v -70.6212 -6.93413 14.0189 0 0 0
v -70.6212 -7.43432 9.01889 0 0 0
v -65.6212 -7.23427 9.01889 0 0 0
v -70.6212 -6.93413 14.0189 0 0 0
v -70.6212 -6.93413 14.0189 0 0 0
v -65.6212 -7.23427 9.01889 0 0 0
v -65.6212 -6.73424 14.0189 0 0 0
v -65.6212 -7.23427 9.01889 0 0 0
v -60.6212 -6.03417 9.01889 0 0 0
v -65.6212 -6.73424 14.0189 0 0 0
v -65.6212 -6.73424 14.0189 0 0 0
v -60.6212 -6.03417 9.01889 0 0 0
v -60.6212 -5.98427 14.0189 0 0 0
v -60.6212 -6.03417 9.01889 0 0 0
v -55.6212 -6.23437 9.01889 0 0 0
v -60.6212 -5.98427 14.0189 0 0 0
v -60.6212 -5.98427 14.0189 0 0 0
v -55.6212 -6.23437 9.01889 0 0 0
v -55.6212 -10.2844 14.0189 0 0 0
v -55.6212 -6.23437 9.01889 0 0 0
v -50.6212 -10.5843 9.01889 0 0 0
v -55.6212 -10.2844 14.0189 0 0 0
v -55.6212 -10.2844 14.0189 0 0 0
v -50.6212 -10.5843 9.01889 0 0 0
v -50.6212 -15.4342 14.0189 0 0 0
v -50.6212 -10.5843 9.01889 0 0 0
v -45.6212 -15.5343 9.01889 0 0 0
v -50.6212 -15.4342 14.0189 0 0 0
v -50.6212 -15.4342 14.0189 0 0 0
v -45.6212 -15.5343 9.01889 0 0 0
v -45.6212 -15.4342 14.0189 0 0 0
v -45.6212 -15.5343 9.01889 0 0 0
v -40.6212 -15.3344 9.01889 0 0 0
v -45.6212 -15.4342 14.0189 0 0 0
v -45.6212 -15.4342 14.0189 0 0 0
v -40.6212 -15.3344 9.01889 0 0 0
v -40.6212 -15.6342 14.0189 0 0 0
v -40.6212 -15.3344 9.01889 0 0 0
v -35.6212 -15.3342 9.01889 0 0 0
v -40.6212 -15.6342 14.0189 0 0 0
v -40.6212 -15.6342 14.0189 0 0 0
v -35.6212 -15.3342 9.01889 0 0 0
v -35.6212 -15.1342 14.0189 0 0 0
v -35.6212 -15.3342 9.01889 0 0 0
v -30.6212 -14.7676 9.01889 0 0 0
v -35.6212 -15.1342 14.0189 0 0 0
v -35.6212 -15.1342 14.0189 0 0 0
v -30.6212 -14.7676 9.01889 0 0 0
v -30.6212 -14.3842 14.0189 0 0 0
v -30.6212 -14.7676 9.01889 0 0 0
v -25.6212 -14.3343 9.01889 0 0 0
v -30.6212 -14.3842 14.0189 0 0 0
v -30.6212 -14.3842 14.0189 0 0 0
v -25.6212 -14.3343 9.01889 0 0 0
v -25.6212 -14.5342 14.0189 0 0 0
v -25.6212 -14.3343 9.01889 0 0 0
v -20.6212 -14.0842 9.01889 0 0 0
v -25.6212 -14.5342 14.0189 0 0 0
v -25.6212 -14.5342 14.0189 0 0 0
v -20.6212 -14.0842 9.01889 0 0 0
v -20.6212 -13.2842 14.0189 0 0 0
v -20.6212 -14.0842 9.01889 0 0 0
v -15.6212 -12.9342 9.01889 0 0 0
v -20.6212 -13.2842 14.0189 0 0 0
v -20.6212 -13.2842 14.0189 0 0 0
v -15.6212 -12.9342 9.01889 0 0 0
v -15.6212 -12.1343 14.0189 0 0 0
v -15.6212 -12.9342 9.01889 0 0 0
v -10.6212 -12.0342 9.01889 0 0 0
v -15.6212 -12.1343 14.0189 0 0 0
v -15.6212 -12.1343 14.0189 0 0 0
v -10.6212 -12.0342 9.01889 0 0 0
v -10.6212 -11.2344 14.0189 0 0 0
v -10.6212 -12.0342 9.01889 0 0 0
v -5.62122 -10.9343 9.01889 0 0 0
v -10.6212 -11.2344 14.0189 0 0 0
v -10.6212 -11.2344 14.0189 0 0 0
v -5.62122 -10.9343 9.01889 0 0 0
v -5.62122 -10.2343 14.0189 0 0 0
v -5.62122 -10.9343 9.01889 0 0 0
v -0.621216 -10.2343 9.01889 0 0 0
v -5.62122 -10.2343 14.0189 0 0 0
v -5.62122 -10.2343 14.0189 0 0 0
v -0.621216 -10.2343 9.01889 0 0 0
v -0.621216 -10.2343 14.0189 0 0 0
v -0.621216 -10.2343 9.01889 0 0 0
v 4.37878 -9.63433 9.01889 0 0 0
v -0.621216 -10.2343 14.0189 0 0 0
v -0.621216 -10.2343 14.0189 0 0 0
v 4.37878 -9.63433 9.01889 0 0 0
v 4.37878 -9.93416 14.0189 0 0 0
v 4.37878 -9.63433 9.01889 0 0 0
v 9.37878 -8.9843 9.01889 0 0 0
v 4.37878 -9.93416 14.0189 0 0 0
v 4.37878 -9.93416 14.0189 0 0 0
v 9.37878 -8.9843 9.01889 0 0 0
v 9.37878 21.6657 14.0189 0 0 0
v 9.37878 -8.9843 9.01889 0 0 0
v 14.3788 -8.33428 9.01889 0 0 0
v 9.37878 21.6657 14.0189 0 0 0
v 9.37878 21.6657 14.0189 0 0 0
v 14.3788 -8.33428 9.01889 0 0 0
v 14.3788 17.3658 14.0189 0 0 0
v 14.3788 -8.33428 9.01889 0 0 0
v 14.3788 -8.63427 4.01889 0 0 0
v 14.3788 17.3658 14.0189 0 0 0
v 14.3788 17.3658 14.0189 0 0 0
v 14.3788 -8.63427 4.01889 0 0 0
v 19.3788 18.9656 14.0189 0 0 0
v 14.3788 -8.63427 4.01889 0 0 0
v 24.3788 -4.53423 9.01889 0 0 0
v 19.3788 18.9656 14.0189 0 0 0
v 19.3788 18.9656 14.0189 0 0 0
v 24.3788 -4.53423 9.01889 0 0 0
v 24.3788 8.43238 14.0189 0 0 0
v 24.3788 -4.53423 9.01889 0 0 0
v 29.3788 -4.33434 9.01889 0 0 0
v 24.3788 8.43238 14.0189 0 0 0
v 24.3788 8.43238 14.0189 0 0 0
v 29.3788 -4.33434 9.01889 0 0 0
v 29.3788 1.11579 14.0189 0 0 0
v 29.3788 -4.33434 9.01889 0 0 0
v 34.3788 2.2657 9.01889 0 0 0
v 29.3788 1.11579 14.0189 0 0 0
v 29.3788 1.11579 14.0189 0 0 0
v 34.3788 2.2657 9.01889 0 0 0
v 34.3788 1.93234 14.0189 0 0 0
v 34.3788 2.2657 9.01889 0 0 0
v 39.3788 -5.03426 9.01889 0 0 0
v 34.3788 1.93234 14.0189 0 0 0
v 34.3788 1.93234 14.0189 0 0 0
v 39.3788 -5.03426 9.01889 0 0 0
v 39.3788 -5.03411 14.0189 0 0 0
v 39.3788 -5.03426 9.01889 0 0 0
v 44.3788 5.41572 9.01889 0 0 0
v 39.3788 -5.03411 14.0189 0 0 0
v 39.3788 -5.03411 14.0189 0 0 0
v 44.3788 5.41572 9.01889 0 0 0
v 44.3788 -3.93426 14.0189 0 0 0
v 44.3788 5.41572 9.01889 0 0 0
v 49.3788 2.73241 9.01889 0 0 0
v 44.3788 -3.93426 14.0189 0 0 0
v 44.3788 -3.93426 14.0189 0 0 0
v 49.3788 2.73241 9.01889 0 0 0
v 49.3788 -3.13439 14.0189 0 0 0
v 49.3788 2.73241 9.01889 0 0 0
v 54.3788 1.79077 9.01889 0 0 0
v 49.3788 -3.13439 14.0189 0 0 0
v 49.3788 -3.13439 14.0189 0 0 0
v 54.3788 1.79077 9.01889 0 0 0
v 54.3788 -2.53411 14.0189 0 0 0
v 54.3788 1.79077 9.01889 0 0 0
v 59.3788 -1.63415 9.01889 0 0 0
v 54.3788 -2.53411 14.0189 0 0 0
v 54.3788 -2.53411 14.0189 0 0 0
v 59.3788 -1.63415 9.01889 0 0 0
v 54.3788 1.79077 9.01889 0 0 0
v 59.3788 -1.63415 9.01889 0 0 0
v 64.3788 0.465769 9.01889 0 0 0
v 54.3788 1.79077 9.01889 0 0 0
v 54.3788 1.79077 9.01889 0 0 0
v 64.3788 0.465769 9.01889 0 0 0
v 64.3788 0.465769 14.0189 0 0 0
v 64.3788 0.465769 9.01889 0 0 0
v 69.3788 4.29908 9.01889 0 0 0
v 64.3788 0.465769 14.0189 0 0 0
v 64.3788 0.465769 14.0189 0 0 0
v 69.3788 4.29908 9.01889 0 0 0
v 69.3788 4.46571 14.0189 0 0 0
v 69.3788 4.29908 9.01889 0 0 0
v 74.3788 7.03244 9.01889 0 0 0
v 69.3788 4.46571 14.0189 0 0 0
v 69.3788 4.46571 14.0189 0 0 0
v 74.3788 7.03244 9.01889 0 0 0
v 74.3788 5.36567 14.0189 0 0 0
v 74.3788 7.03244 9.01889 0 0 0
v 79.3788 8.21571 9.01889 0 0 0
v 74.3788 5.36567 14.0189 0 0 0
v 74.3788 5.36567 14.0189 0 0 0
v 79.3788 8.21571 9.01889 0 0 0
v 79.3788 7.59915 14.0189 0 0 0
v 79.3788 8.21571 9.01889 0 0 0
v 84.3788 10.3657 9.01889 0 0 0
v 79.3788 7.59915 14.0189 0 0 0
v 79.3788 7.59915 14.0189 0 0 0
v 84.3788 10.3657 9.01889 0 0 0
v 84.3788 10.1658 14.0189 0 0 0
v 84.3788 10.3657 9.01889 0 0 0
v 89.3788 12.1658 9.01889 0 0 0
v 84.3788 10.1658 14.0189 0 0 0
v 84.3788 10.1658 14.0189 0 0 0
v 89.3788 12.1658 9.01889 0 0 0
v 89.3788 30.5157 14.0189 0 0 0
v 89.3788 12.1658 9.01889 0 0 0
v 94.3788 34.6324 9.01889 0 0 0
v 89.3788 30.5157 14.0189 0 0 0
v 89.3788 30.5157 14.0189 0 0 0
v 94.3788 34.6324 9.01889 0 0 0
v 94.3788 41.8158 14.0189 0 0 0
v 94.3788 34.6324 9.01889 0 0 0
v 99.3788 40.4514 9.01889 0 0 0
v 94.3788 41.8158 14.0189 0 0 0
v 94.3788 41.8158 14.0189 0 0 0
v 99.3788 40.4514 9.01889 0 0 0
v 99.3788 31.6325 14.0189 0 0 0
v 99.3788 40.4514 9.01889 0 0 0
v 104.379 46.2324 9.01889 0 0 0
v 99.3788 31.6325 14.0189 0 0 0
v 99.3788 31.6325 14.0189 0 0 0
v 104.379 46.2324 9.01889 0 0 0
v 104.379 55.5857 14.0189 0 0 0
v 104.379 46.2324 9.01889 0 0 0
v 109.379 39.0857 9.01889 0 0 0
v 104.379 55.5857 14.0189 0 0 0
v 104.379 55.5857 14.0189 0 0 0
v 109.379 39.0857 9.01889 0 0 0
v 109.379 53.9058 14.0189 0 0 0
v 109.379 39.0857 9.01889 0 0 0
v 114.379 42.4323 9.01889 0 0 0
v 109.379 53.9058 14.0189 0 0 0
v 109.379 53.9058 14.0189 0 0 0
v 114.379 42.4323 9.01889 0 0 0
v 114.379 53.2457 14.0189 0 0 0
v 114.379 42.4323 9.01889 0 0 0
v 119.379 30.4257 9.01889 0 0 0
v 114.379 53.2457 14.0189 0 0 0
v 114.379 53.2457 14.0189 0 0 0
v 119.379 30.4257 9.01889 0 0 0
v 119.379 46.3657 14.0189 0 0 0
v 119.379 30.4257 9.01889 0 0 0
v 124.379 33.1323 9.01889 0 0 0
v 119.379 46.3657 14.0189 0 0 0
v 119.379 46.3657 14.0189 0 0 0
v 124.379 33.1323 9.01889 0 0 0
v 124.379 48.0658 14.0189 0 0 0
v 124.379 33.1323 9.01889 0 0 0
v 129.379 24.8658 9.01889 0 0 0
v 124.379 48.0658 14.0189 0 0 0
v 124.379 48.0658 14.0189 0 0 0
v 129.379 24.8658 9.01889 0 0 0
v 129.379 57.1657 14.0189 0 0 0
v 129.379 24.8658 9.01889 0 0 0
v 134.379 27.5657 9.01889 0 0 0
v 129.379 57.1657 14.0189 0 0 0
v 129.379 57.1657 14.0189 0 0 0
v 134.379 27.5657 9.01889 0 0 0
v 134.379 65.7157 14.0189 0 0 0
v 134.379 27.5657 9.01889 0 0 0
v 139.379 30.3657 9.01889 0 0 0
v 134.379 65.7157 14.0189 0 0 0
v 134.379 65.7157 14.0189 0 0 0
v 139.379 30.3657 9.01889 0 0 0
v 139.379 46.0407 14.0189 0 0 0
v 139.379 30.3657 9.01889 0 0 0
v 144.379 31.6657 9.01889 0 0 0
v 139.379 46.0407 14.0189 0 0 0
v 139.379 46.0407 14.0189 0 0 0
v 144.379 31.6657 9.01889 0 0 0
v 144.379 53.5907 14.0189 0 0 0
v 144.379 31.6657 9.01889 0 0 0
v 149.379 35.7656 9.01889 0 0 0
v 144.379 53.5907 14.0189 0 0 0
v 144.379 53.5907 14.0189 0 0 0
v 149.379 35.7656 9.01889 0 0 0
v 149.379 42.9157 14.0189 0 0 0
v 149.379 35.7656 9.01889 0 0 0
v 154.379 38.3659 9.01889 0 0 0
v 149.379 42.9157 14.0189 0 0 0
v 149.379 42.9157 14.0189 0 0 0
v 154.379 38.3659 9.01889 0 0 0
v 154.379 37.2657 14.0189 0 0 0
v 154.379 38.3659 9.01889 0 0 0
v 159.379 40.0657 9.01889 0 0 0
v 154.379 37.2657 14.0189 0 0 0
v 154.379 37.2657 14.0189 0 0 0
v 159.379 40.0657 9.01889 0 0 0
v 159.379 39.2657 14.0189 0 0 0
v 159.379 40.0657 9.01889 0 0 0
v 164.379 40.8659 9.01889 0 0 0
v 159.379 39.2657 14.0189 0 0 0
v 159.379 39.2657 14.0189 0 0 0
v 164.379 40.8659 9.01889 0 0 0
v 164.379 40.7658 14.0189 0 0 0
v 164.379 40.8659 9.01889 0 0 0
v 169.379 40.8659 9.01889 0 0 0
v 164.379 40.7658 14.0189 0 0 0
v 164.379 40.7658 14.0189 0 0 0
v 169.379 40.8659 9.01889 0 0 0
v 169.379 41.2157 14.0189 0 0 0
v 169.379 40.8659 9.01889 0 0 0
v 174.379 41.9657 9.01889 0 0 0
v 169.379 41.2157 14.0189 0 0 0
v 169.379 41.2157 14.0189 0 0 0
v 174.379 41.9657 9.01889 0 0 0
v 174.379 43.7658 14.0189 0 0 0
v 174.379 41.9657 9.01889 0 0 0
v 179.379 44.6656 9.01889 0 0 0
v 174.379 43.7658 14.0189 0 0 0
v 174.379 43.7658 14.0189 0 0 0
v 179.379 44.6656 9.01889 0 0 0
v 179.379 45.8659 14.0189 0 0 0
v 179.379 44.6656 9.01889 0 0 0
v 184.379 48.2658 9.01889 0 0 0
v 179.379 45.8659 14.0189 0 0 0
v 179.379 45.8659 14.0189 0 0 0
v 184.379 48.2658 9.01889 0 0 0
v 184.379 50.6658 14.0189 0 0 0
v 184.379 48.2658 9.01889 0 0 0
v 189.379 64.2657 9.01889 0 0 0
v 184.379 50.6658 14.0189 0 0 0
v 184.379 50.6658 14.0189 0 0 0
v 189.379 64.2657 9.01889 0 0 0
v 189.379 49.9659 14.0189 0 0 0
v 189.379 64.2657 9.01889 0 0 0
v 194.379 76.2658 9.01889 0 0 0
v 189.379 49.9659 14.0189 0 0 0
v 189.379 49.9659 14.0189 0 0 0
v 194.379 76.2658 9.01889 0 0 0
v 194.379 50.5659 14.0189 0 0 0
v 194.379 76.2658 9.01889 0 0 0
v 199.379 65.3156 9.01889 0 0 0
v 194.379 50.5659 14.0189 0 0 0
v 194.379 50.5659 14.0189 0 0 0
v 199.379 65.3156 9.01889 0 0 0
v 199.379 63.2158 14.0189 0 0 0
v 199.379 65.3156 9.01889 0 0 0
v 204.379 68.599 9.01889 0 0 0
v 199.379 63.2158 14.0189 0 0 0
v 199.379 63.2158 14.0189 0 0 0
v 204.379 68.599 9.01889 0 0 0
v 204.379 58.0659 14.0189 0 0 0
v 204.379 68.599 9.01889 0 0 0
v 209.379 58.9658 9.01889 0 0 0
v 204.379 58.0659 14.0189 0 0 0
v 204.379 58.0659 14.0189 0 0 0
v 209.379 58.9658 9.01889 0 0 0
v 209.379 58.2658 14.0189 0 0 0
v 209.379 58.9658 9.01889 0 0 0
v 214.379 60.8659 9.01889 0 0 0
v 209.379 58.2658 14.0189 0 0 0
v 209.379 58.2658 14.0189 0 0 0
v 214.379 60.8659 9.01889 0 0 0
v 209.379 58.9658 9.01889 0 0 0
v -200.621 -54.4341 14.0189 0 0 0
v -195.621 -53.9009 14.0189 0 0 0
v -200.621 -54.3342 19.0189 0 0 0
v -200.621 -54.3342 19.0189 0 0 0
v -195.621 -53.9009 14.0189 0 0 0
v -195.621 -54.0344 19.0189 0 0 0
v -195.621 -53.9009 14.0189 0 0 0
v -190.621 -53.5342 14.0189 0 0 0
v -195.621 -54.0344 19.0189 0 0 0
v -195.621 -54.0344 19.0189 0 0 0
v -190.621 -53.5342 14.0189 0 0 0
v -190.621 -53.8342 19.0189 0 0 0
v -190.621 -53.5342 14.0189 0 0 0
v -185.621 -53.1009 14.0189 0 0 0
v -190.621 -53.8342 19.0189 0 0 0
v -190.621 -53.8342 19.0189 0 0 0
v -185.621 -53.1009 14.0189 0 0 0
v -185.621 -53.1843 19.0189 0 0 0
v -185.621 -53.1009 14.0189 0 0 0
v -180.621 -52.6342 14.0189 0 0 0
v -185.621 -53.1843 19.0189 0 0 0
v -185.621 -53.1843 19.0189 0 0 0
v -180.621 -52.6342 14.0189 0 0 0
v -180.621 -52.6677 19.0189 0 0 0
v -180.621 -52.6342 14.0189 0 0 0
v -175.621 -52.5341 14.0189 0 0 0
v -180.621 -52.6677 19.0189 0 0 0
v -180.621 -52.6677 19.0189 0 0 0
v -175.621 -52.5341 14.0189 0 0 0
v -175.621 -52.4343 19.0189 0 0 0
v -175.621 -52.5341 14.0189 0 0 0
v -170.621 -52.1842 14.0189 0 0 0
v -175.621 -52.4343 19.0189 0 0 0
v -175.621 -52.4343 19.0189 0 0 0
v -170.621 -52.1842 14.0189 0 0 0
v -170.621 -52.0342 19.0189 0 0 0
v -170.621 -52.1842 14.0189 0 0 0
v -165.621 -51.9341 14.0189 0 0 0
v -170.621 -52.0342 19.0189 0 0 0
v -170.621 -52.0342 19.0189 0 0 0
v -165.621 -51.9341 14.0189 0 0 0
v -165.621 -51.5843 19.0189 0 0 0
v -165.621 -51.9341 14.0189 0 0 0
v -160.621 -51.8342 14.0189 0 0 0
v -165.621 -51.5843 19.0189 0 0 0
v -165.621 -51.5843 19.0189 0 0 0
v -160.621 -51.8342 14.0189 0 0 0
v -160.621 -51.2843 19.0189 0 0 0
v -160.621 -51.8342 14.0189 0 0 0
v -155.621 -51.7342 14.0189 0 0 0
v -160.621 -51.2843 19.0189 0 0 0
v -160.621 -51.2843 19.0189 0 0 0
v -155.621 -51.7342 14.0189 0 0 0
v -155.621 -51.1343 19.0189 0 0 0
v -155.621 -51.7342 14.0189 0 0 0
v -150.621 -51.2344 14.0189 0 0 0
v -155.621 -51.1343 19.0189 0 0 0
v -155.621 -51.1343 19.0189 0 0 0
v -150.621 -51.2344 14.0189 0 0 0
v -150.621 -50.6342 19.0189 0 0 0
v -150.621 -51.2344 14.0189 0 0 0
v -145.621 -49.0843 14.0189 0 0 0
v -150.621 -50.6342 19.0189 0 0 0
v -150.621 -50.6342 19.0189 0 0 0
v -145.621 -49.0843 14.0189 0 0 0
v -145.621 -49.1343 19.0189 0 0 0
v -145.621 -49.0843 14.0189 0 0 0
v -140.621 -47.0342 14.0189 0 0 0
v -145.621 -49.1343 19.0189 0 0 0
v -145.621 -49.1343 19.0189 0 0 0
v -140.621 -47.0342 14.0189 0 0 0
v -140.621 -46.9341 19.0189 0 0 0
v -140.621 -47.0342 14.0189 0 0 0
v -135.621 -45.2343 14.0189 0 0 0
v -140.621 -46.9341 19.0189 0 0 0
v -140.621 -46.9341 19.0189 0 0 0
v -135.621 -45.2343 14.0189 0 0 0
v -135.621 -44.2342 19.0189 0 0 0
v -135.621 -45.2343 14.0189 0 0 0
v -130.621 -42.3675 14.0189 0 0 0
v -135.621 -44.2342 19.0189 0 0 0
v -135.621 -44.2342 19.0189 0 0 0
v -130.621 -42.3675 14.0189 0 0 0
v -130.621 -42.9842 19.0189 0 0 0
v -130.621 -42.3675 14.0189 0 0 0
v -125.621 -39.1341 14.0189 0 0 0
v -130.621 -42.9842 19.0189 0 0 0
v -130.621 -42.9842 19.0189 0 0 0
v -125.621 -39.1341 14.0189 0 0 0
v -125.621 -40.2343 19.0189 0 0 0
v -125.621 -39.1341 14.0189 0 0 0
v -120.621 -35.6344 14.0189 0 0 0
v -125.621 -40.2343 19.0189 0 0 0
v -125.621 -40.2343 19.0189 0 0 0
v -120.621 -35.6344 14.0189 0 0 0
v -120.621 -38.1344 19.0189 0 0 0
v -120.621 -35.6344 14.0189 0 0 0
v -115.621 -32.4343 14.0189 0 0 0
v -120.621 -38.1344 19.0189 0 0 0
v -120.621 -38.1344 19.0189 0 0 0
v -115.621 -32.4343 14.0189 0 0 0
v -115.621 -32.9842 19.0189 0 0 0
v -115.621 -32.4343 14.0189 0 0 0
v -110.621 -27.0009 14.0189 0 0 0
v -115.621 -32.9842 19.0189 0 0 0
v -115.621 -32.9842 19.0189 0 0 0
v -110.621 -27.0009 14.0189 0 0 0
v -110.621 -28.1344 19.0189 0 0 0
v -110.621 -27.0009 14.0189 0 0 0
v -105.621 -25.0341 14.0189 0 0 0
v -110.621 -28.1344 19.0189 0 0 0
v -110.621 -28.1344 19.0189 0 0 0
v -105.621 -25.0341 14.0189 0 0 0
v -105.621 -24.4842 19.0189 0 0 0
v -105.621 -25.0341 14.0189 0 0 0
v -100.621 -21.6341 14.0189 0 0 0
v -105.621 -24.4842 19.0189 0 0 0
v -105.621 -24.4842 19.0189 0 0 0
v -100.621 -21.6341 14.0189 0 0 0
v -100.621 -22.3342 19.0189 0 0 0
v -100.621 -21.6341 14.0189 0 0 0
v -95.6212 -18.2842 14.0189 0 0 0
v -100.621 -22.3342 19.0189 0 0 0
v -100.621 -22.3342 19.0189 0 0 0
v -95.6212 -18.2842 14.0189 0 0 0
v -95.6212 -17.8342 19.0189 0 0 0
v -95.6212 -18.2842 14.0189 0 0 0
v -90.6212 -16.5344 14.0189 0 0 0
v -95.6212 -17.8342 19.0189 0 0 0
v -95.6212 -17.8342 19.0189 0 0 0
v -90.6212 -16.5344 14.0189 0 0 0
v -90.6212 -15.8343 19.0189 0 0 0
v -90.6212 -16.5344 14.0189 0 0 0
v -85.6212 -9.93421 14.0189 0 0 0
v -90.6212 -15.8343 19.0189 0 0 0
v -90.6212 -15.8343 19.0189 0 0 0
v -85.6212 -9.93421 14.0189 0 0 0
v -85.6212 -11.4343 19.0189 0 0 0
v -85.6212 -9.93421 14.0189 0 0 0
v -85.6212 -6.93413 9.01889 0 0 0
v -85.6212 -11.4343 19.0189 0 0 0
v -85.6212 -11.4343 19.0189 0 0 0
v -85.6212 -6.93413 9.01889 0 0 0
v -80.6212 -6.4843 19.0189 0 0 0
v -85.6212 -6.93413 9.01889 0 0 0
v -80.6212 -6.73424 9.01889 0 0 0
v -80.6212 -6.4843 19.0189 0 0 0
v -80.6212 -6.4843 19.0189 0 0 0
v -80.6212 -6.73424 9.01889 0 0 0
v -85.6212 -6.93413 9.01889 0 0 0
v -80.6212 -6.73424 9.01889 0 0 0
v -70.6212 -6.93413 14.0189 0 0 0
v -85.6212 -6.93413 9.01889 0 0 0
v -85.6212 -6.93413 9.01889 0 0 0
v -70.6212 -6.93413 14.0189 0 0 0
v -80.6212 -6.73424 9.01889 0 0 0
v -70.6212 -6.93413 14.0189 0 0 0
v -65.6212 -6.73424 14.0189 0 0 0
v -80.6212 -6.73424 9.01889 0 0 0
v -80.6212 -6.73424 9.01889 0 0 0
v -65.6212 -6.73424 14.0189 0 0 0
v -65.6212 -7.23412 19.0189 0 0 0
v -65.6212 -6.73424 14.0189 0 0 0
v -60.6212 -5.98427 14.0189 0 0 0
v -65.6212 -7.23412 19.0189 0 0 0
v -65.6212 -7.23412 19.0189 0 0 0
v -60.6212 -5.98427 14.0189 0 0 0
v -60.6212 -6.33416 19.0189 0 0 0
v -60.6212 -5.98427 14.0189 0 0 0
v -55.6212 -10.2844 14.0189 0 0 0
v -60.6212 -6.33416 19.0189 0 0 0
v -60.6212 -6.33416 19.0189 0 0 0
v -55.6212 -10.2844 14.0189 0 0 0
v -55.6212 -8.5093 19.0189 0 0 0
v -55.6212 -10.2844 14.0189 0 0 0
v -50.6212 -15.4342 14.0189 0 0 0
v -55.6212 -8.5093 19.0189 0 0 0
v -55.6212 -8.5093 19.0189 0 0 0
v -50.6212 -15.4342 14.0189 0 0 0
v -50.6212 -15.5343 19.0189 0 0 0
v -50.6212 -15.4342 14.0189 0 0 0
v -45.6212 -15.4342 14.0189 0 0 0
v -50.6212 -15.5343 19.0189 0 0 0
v -50.6212 -15.5343 19.0189 0 0 0
v -45.6212 -15.4342 14.0189 0 0 0
v -45.6212 -15.6677 19.0189 0 0 0
v -45.6212 -15.4342 14.0189 0 0 0
v -40.6212 -15.6342 14.0189 0 0 0
v -45.6212 -15.6677 19.0189 0 0 0
v -45.6212 -15.6677 19.0189 0 0 0
v -40.6212 -15.6342 14.0189 0 0 0
v -40.6212 -15.6344 19.0189 0 0 0
v -40.6212 -15.6342 14.0189 0 0 0
v -35.6212 -15.1342 14.0189 0 0 0
v -40.6212 -15.6344 19.0189 0 0 0
v -40.6212 -15.6344 19.0189 0 0 0
v -35.6212 -15.1342 14.0189 0 0 0
v -35.6212 -15.1344 19.0189 0 0 0
v -35.6212 -15.1342 14.0189 0 0 0
v -30.6212 -14.3842 14.0189 0 0 0
v -35.6212 -15.1344 19.0189 0 0 0
v -35.6212 -15.1344 19.0189 0 0 0
v -30.6212 -14.3842 14.0189 0 0 0
v -30.6212 -14.5342 19.0189 0 0 0
v -30.6212 -14.3842 14.0189 0 0 0
v -25.6212 -14.5342 14.0189 0 0 0
v -30.6212 -14.5342 19.0189 0 0 0
v -30.6212 -14.5342 19.0189 0 0 0
v -25.6212 -14.5342 14.0189 0 0 0
v -25.6212 -13.6343 19.0189 0 0 0
v -25.6212 -14.5342 14.0189 0 0 0
v -20.6212 -13.2842 14.0189 0 0 0
v -25.6212 -13.6343 19.0189 0 0 0
v -25.6212 -13.6343 19.0189 0 0 0
v -20.6212 -13.2842 14.0189 0 0 0
v -20.6212 -13.0343 19.0189 0 0 0
v -20.6212 -13.2842 14.0189 0 0 0
v -15.6212 -12.1343 14.0189 0 0 0
v -20.6212 -13.0343 19.0189 0 0 0
v -20.6212 -13.0343 19.0189 0 0 0
v -15.6212 -12.1343 14.0189 0 0 0
v -15.6212 21.9157 19.0189 0 0 0
v -15.6212 -12.1343 14.0189 0 0 0
v -10.6212 -11.2344 14.0189 0 0 0
v -15.6212 21.9157 19.0189 0 0 0
v -15.6212 21.9157 19.0189 0 0 0
v -10.6212 -11.2344 14.0189 0 0 0
v -10.6212 13.5657 19.0189 0 0 0
v -10.6212 -11.2344 14.0189 0 0 0
v -5.62122 -10.2343 14.0189 0 0 0
v -10.6212 13.5657 19.0189 0 0 0
v -10.6212 13.5657 19.0189 0 0 0
v -5.62122 -10.2343 14.0189 0 0 0
v -5.62122 15.9657 19.0189 0 0 0
v -5.62122 -10.2343 14.0189 0 0 0
v -0.621216 -10.2343 14.0189 0 0 0
v -5.62122 15.9657 19.0189 0 0 0
v -5.62122 15.9657 19.0189 0 0 0
v -0.621216 -10.2343 14.0189 0 0 0
v -0.621216 17.8156 19.0189 0 0 0
v -0.621216 -10.2343 14.0189 0 0 0
v 4.37878 -9.93416 14.0189 0 0 0
v -0.621216 17.8156 19.0189 0 0 0
v -0.621216 17.8156 19.0189 0 0 0
v 4.37878 -9.93416 14.0189 0 0 0
v 4.37878 12.9658 19.0189 0 0 0
v 4.37878 -9.93416 14.0189 0 0 0
v 9.37878 21.6657 14.0189 0 0 0
v 4.37878 12.9658 19.0189 0 0 0
v 4.37878 12.9658 19.0189 0 0 0
v 9.37878 21.6657 14.0189 0 0 0
v 9.37878 12.8657 19.0189 0 0 0
v 9.37878 21.6657 14.0189 0 0 0
v 14.3788 17.3658 14.0189 0 0 0
v 9.37878 12.8657 19.0189 0 0 0
v 9.37878 12.8657 19.0189 0 0 0
v 14.3788 17.3658 14.0189 0 0 0
v 14.3788 12.9157 19.0189 0 0 0
v 14.3788 17.3658 14.0189 0 0 0
v 19.3788 18.9656 14.0189 0 0 0
v 14.3788 12.9157 19.0189 0 0 0
v 14.3788 12.9157 19.0189 0 0 0
v 19.3788 18.9656 14.0189 0 0 0
v 19.3788 12.9658 19.0189 0 0 0
v 19.3788 18.9656 14.0189 0 0 0
v 24.3788 8.43238 14.0189 0 0 0
v 19.3788 12.9658 19.0189 0 0 0
v 19.3788 12.9658 19.0189 0 0 0
v 24.3788 8.43238 14.0189 0 0 0
v 24.3788 10.6658 19.0189 0 0 0
v 24.3788 8.43238 14.0189 0 0 0
v 29.3788 1.11579 14.0189 0 0 0
v 24.3788 10.6658 19.0189 0 0 0
v 24.3788 10.6658 19.0189 0 0 0
v 29.3788 1.11579 14.0189 0 0 0
v 29.3788 3.81584 19.0189 0 0 0
v 29.3788 1.11579 14.0189 0 0 0
v 34.3788 1.93234 14.0189 0 0 0
v 29.3788 3.81584 19.0189 0 0 0
v 29.3788 3.81584 19.0189 0 0 0
v 34.3788 1.93234 14.0189 0 0 0
v 34.3788 3.96568 19.0189 0 0 0
v 34.3788 1.93234 14.0189 0 0 0
v 39.3788 -5.03411 14.0189 0 0 0
v 34.3788 3.96568 19.0189 0 0 0
v 34.3788 3.96568 19.0189 0 0 0
v 39.3788 -5.03411 14.0189 0 0 0
v 39.3788 -5.78423 19.0189 0 0 0
v 39.3788 -5.03411 14.0189 0 0 0
v 44.3788 -3.93426 14.0189 0 0 0
v 39.3788 -5.78423 19.0189 0 0 0
v 39.3788 -5.78423 19.0189 0 0 0
v 44.3788 -3.93426 14.0189 0 0 0
v 44.3788 -5.08431 19.0189 0 0 0
v 44.3788 -3.93426 14.0189 0 0 0
v 49.3788 -3.13439 14.0189 0 0 0
v 44.3788 -5.08431 19.0189 0 0 0
v 44.3788 -5.08431 19.0189 0 0 0
v 49.3788 -3.13439 14.0189 0 0 0
v 49.3788 -4.13415 19.0189 0 0 0
v 49.3788 -3.13439 14.0189 0 0 0
v 54.3788 -2.53411 14.0189 0 0 0
v 49.3788 -4.13415 19.0189 0 0 0
v 49.3788 -4.13415 19.0189 0 0 0
v 54.3788 -2.53411 14.0189 0 0 0
v 54.3788 -3.23434 19.0189 0 0 0
v 54.3788 -2.53411 14.0189 0 0 0
v 54.3788 1.79077 9.01889 0 0 0
v 54.3788 -3.23434 19.0189 0 0 0
v 54.3788 -3.23434 19.0189 0 0 0
v 54.3788 1.79077 9.01889 0 0 0
v 59.3788 -1.30089 19.0189 0 0 0
v 54.3788 1.79077 9.01889 0 0 0
v 64.3788 0.465769 14.0189 0 0 0
v 59.3788 -1.30089 19.0189 0 0 0
v 59.3788 -1.30089 19.0189 0 0 0
v 64.3788 0.465769 14.0189 0 0 0
v 64.3788 0.715708 19.0189 0 0 0
v 64.3788 0.465769 14.0189 0 0 0
v 69.3788 4.46571 14.0189 0 0 0
v 64.3788 0.715708 19.0189 0 0 0
v 64.3788 0.715708 19.0189 0 0 0
v 69.3788 4.46571 14.0189 0 0 0
v 69.3788 4.96589 19.0189 0 0 0
v 69.3788 4.46571 14.0189 0 0 0
v 74.3788 5.36567 14.0189 0 0 0
v 69.3788 4.96589 19.0189 0 0 0
v 69.3788 4.96589 19.0189 0 0 0
v 74.3788 5.36567 14.0189 0 0 0
v 74.3788 10.7658 19.0189 0 0 0
v 74.3788 5.36567 14.0189 0 0 0
v 79.3788 7.59915 14.0189 0 0 0
v 74.3788 10.7658 19.0189 0 0 0
v 74.3788 10.7658 19.0189 0 0 0
v 79.3788 7.59915 14.0189 0 0 0
v 79.3788 7.2657 19.0189 0 0 0
v 79.3788 7.59915 14.0189 0 0 0
v 84.3788 10.1658 14.0189 0 0 0
v 79.3788 7.2657 19.0189 0 0 0
v 79.3788 7.2657 19.0189 0 0 0
v 84.3788 10.1658 14.0189 0 0 0
v 84.3788 9.6656 19.0189 0 0 0
v 84.3788 10.1658 14.0189 0 0 0
v 89.3788 30.5157 14.0189 0 0 0
v 84.3788 9.6656 19.0189 0 0 0
v 84.3788 9.6656 19.0189 0 0 0
v 89.3788 30.5157 14.0189 0 0 0
v 89.3788 39.3907 19.0189 0 0 0
v 89.3788 30.5157 14.0189 0 0 0
v 94.3788 41.8158 14.0189 0 0 0
v 89.3788 39.3907 19.0189 0 0 0
v 89.3788 39.3907 19.0189 0 0 0
v 94.3788 41.8158 14.0189 0 0 0
v 94.3788 51.7908 19.0189 0 0 0
v 94.3788 41.8158 14.0189 0 0 0
v 99.3788 31.6325 14.0189 0 0 0
v 94.3788 51.7908 19.0189 0 0 0
v 94.3788 51.7908 19.0189 0 0 0
v 99.3788 31.6325 14.0189 0 0 0
v 99.3788 83.7656 19.0189 0 0 0
v 99.3788 31.6325 14.0189 0 0 0
v 104.379 55.5857 14.0189 0 0 0
v 99.3788 83.7656 19.0189 0 0 0
v 99.3788 83.7656 19.0189 0 0 0
v 104.379 55.5857 14.0189 0 0 0
v 104.379 68.5158 19.0189 0 0 0
v 104.379 55.5857 14.0189 0 0 0
v 109.379 53.9058 14.0189 0 0 0
v 104.379 68.5158 19.0189 0 0 0
v 104.379 68.5158 19.0189 0 0 0
v 109.379 53.9058 14.0189 0 0 0
v 109.379 65.8991 19.0189 0 0 0
v 109.379 53.9058 14.0189 0 0 0
v 114.379 53.2457 14.0189 0 0 0
v 109.379 65.8991 19.0189 0 0 0
v 109.379 65.8991 19.0189 0 0 0
v 114.379 53.2457 14.0189 0 0 0
v 114.379 53.0257 19.0189 0 0 0
v 114.379 53.2457 14.0189 0 0 0
v 119.379 46.3657 14.0189 0 0 0
v 114.379 53.0257 19.0189 0 0 0
v 114.379 53.0257 19.0189 0 0 0
v 119.379 46.3657 14.0189 0 0 0
v 119.379 38.2325 19.0189 0 0 0
v 119.379 46.3657 14.0189 0 0 0
v 124.379 48.0658 14.0189 0 0 0
v 119.379 38.2325 19.0189 0 0 0
v 119.379 38.2325 19.0189 0 0 0
v 124.379 48.0658 14.0189 0 0 0
v 124.379 43.7157 19.0189 0 0 0
v 124.379 48.0658 14.0189 0 0 0
v 129.379 57.1657 14.0189 0 0 0
v 124.379 43.7157 19.0189 0 0 0
v 124.379 43.7157 19.0189 0 0 0
v 129.379 57.1657 14.0189 0 0 0
v 129.379 82.0657 19.0189 0 0 0
v 129.379 57.1657 14.0189 0 0 0
v 134.379 65.7157 14.0189 0 0 0
v 129.379 82.0657 19.0189 0 0 0
v 129.379 82.0657 19.0189 0 0 0
v 134.379 65.7157 14.0189 0 0 0
v 134.379 51.2157 19.0189 0 0 0
v 134.379 65.7157 14.0189 0 0 0
v 139.379 46.0407 14.0189 0 0 0
v 134.379 51.2157 19.0189 0 0 0
v 134.379 51.2157 19.0189 0 0 0
v 139.379 46.0407 14.0189 0 0 0
v 139.379 58.0158 19.0189 0 0 0
v 139.379 46.0407 14.0189 0 0 0
v 144.379 53.5907 14.0189 0 0 0
v 139.379 58.0158 19.0189 0 0 0
v 139.379 58.0158 19.0189 0 0 0
v 144.379 53.5907 14.0189 0 0 0
v 144.379 65.4858 19.0189 0 0 0
v 144.379 53.5907 14.0189 0 0 0
v 149.379 42.9157 14.0189 0 0 0
v 144.379 65.4858 19.0189 0 0 0
v 144.379 65.4858 19.0189 0 0 0
v 149.379 42.9157 14.0189 0 0 0
v 149.379 51.3657 19.0189 0 0 0
v 149.379 42.9157 14.0189 0 0 0
v 154.379 37.2657 14.0189 0 0 0
v 149.379 51.3657 19.0189 0 0 0
v 149.379 51.3657 19.0189 0 0 0
v 154.379 37.2657 14.0189 0 0 0
v 154.379 44.1657 19.0189 0 0 0
v 154.379 37.2657 14.0189 0 0 0
v 159.379 39.2657 14.0189 0 0 0
v 154.379 44.1657 19.0189 0 0 0
v 154.379 44.1657 19.0189 0 0 0
v 159.379 39.2657 14.0189 0 0 0
v 159.379 39.6656 19.0189 0 0 0
v 159.379 39.2657 14.0189 0 0 0
v 164.379 40.7658 14.0189 0 0 0
v 159.379 39.6656 19.0189 0 0 0
v 159.379 39.6656 19.0189 0 0 0
v 164.379 40.7658 14.0189 0 0 0
v 164.379 41.4658 19.0189 0 0 0
v 164.379 40.7658 14.0189 0 0 0
v 169.379 41.2157 14.0189 0 0 0
v 164.379 41.4658 19.0189 0 0 0
v 164.379 41.4658 19.0189 0 0 0
v 169.379 41.2157 14.0189 0 0 0
v 169.379 42.0658 19.0189 0 0 0
v 169.379 41.2157 14.0189 0 0 0
v 174.379 43.7658 14.0189 0 0 0
v 169.379 42.0658 19.0189 0 0 0
v 169.379 42.0658 19.0189 0 0 0
v 174.379 43.7658 14.0189 0 0 0
v 174.379 42.9157 19.0189 0 0 0
v 174.379 43.7658 14.0189 0 0 0
v 179.379 45.8659 14.0189 0 0 0
v 174.379 42.9157 19.0189 0 0 0
v 174.379 42.9157 19.0189 0 0 0
v 179.379 45.8659 14.0189 0 0 0
v 179.379 44.7657 19.0189 0 0 0
v 179.379 45.8659 14.0189 0 0 0
v 184.379 50.6658 14.0189 0 0 0
v 179.379 44.7657 19.0189 0 0 0
v 179.379 44.7657 19.0189 0 0 0
v 184.379 50.6658 14.0189 0 0 0
v 184.379 47.7158 19.0189 0 0 0
v 184.379 50.6658 14.0189 0 0 0
v 189.379 49.9659 14.0189 0 0 0
v 184.379 47.7158 19.0189 0 0 0
v 184.379 47.7158 19.0189 0 0 0
v 189.379 49.9659 14.0189 0 0 0
v 189.379 49.2658 19.0189 0 0 0
v 189.379 49.9659 14.0189 0 0 0
v 194.379 50.5659 14.0189 0 0 0
v 189.379 49.2658 19.0189 0 0 0
v 189.379 49.2658 19.0189 0 0 0
v 194.379 50.5659 14.0189 0 0 0
v 194.379 51.3657 19.0189 0 0 0
v 194.379 50.5659 14.0189 0 0 0
v 199.379 63.2158 14.0189 0 0 0
v 194.379 51.3657 19.0189 0 0 0
v 194.379 51.3657 19.0189 0 0 0
v 199.379 63.2158 14.0189 0 0 0
v 199.379 54.8658 19.0189 0 0 0
v 199.379 63.2158 14.0189 0 0 0
v 204.379 58.0659 14.0189 0 0 0
v 199.379 54.8658 19.0189 0 0 0
v 199.379 54.8658 19.0189 0 0 0
v 204.379 58.0659 14.0189 0 0 0
v 204.379 57.4659 19.0189 0 0 0
v 204.379 58.0659 14.0189 0 0 0
v 209.379 58.2658 14.0189 0 0 0
v 204.379 57.4659 19.0189 0 0 0
v 204.379 57.4659 19.0189 0 0 0
v 209.379 58.2658 14.0189 0 0 0
v 209.379 60.4656 19.0189 0 0 0
v 209.379 58.2658 14.0189 0 0 0
v 209.379 58.9658 9.01889 0 0 0
v 209.379 60.4656 19.0189 0 0 0
v 209.379 60.4656 19.0189 0 0 0
v 209.379 58.9658 9.01889 0 0 0
v 209.379 58.2658 14.0189 0 0 0
v -200.621 -54.3342 19.0189 0 0 0
v -195.621 -54.0344 19.0189 0 0 0
v -200.621 -54.9343 24.0189 0 0 0
v -200.621 -54.9343 24.0189 0 0 0
v -195.621 -54.0344 19.0189 0 0 0
v -195.621 -53.7344 24.0189 0 0 0
v -195.621 -54.0344 19.0189 0 0 0
v -190.621 -53.8342 19.0189 0 0 0
v -195.621 -53.7344 24.0189 0 0 0
v -195.621 -53.7344 24.0189 0 0 0
v -190.621 -53.8342 19.0189 0 0 0
v -190.621 -53.4344 24.0189 0 0 0
v -190.621 -53.8342 19.0189 0 0 0
v -185.621 -53.1843 19.0189 0 0 0
v -190.621 -53.4344 24.0189 0 0 0
v -190.621 -53.4344 24.0189 0 0 0
v -185.621 -53.1843 19.0189 0 0 0
v -185.621 -52.8343 24.0189 0 0 0
v -185.621 -53.1843 19.0189 0 0 0
v -180.621 -52.6677 19.0189 0 0 0
v -185.621 -52.8343 24.0189 0 0 0
v -185.621 -52.8343 24.0189 0 0 0
v -180.621 -52.6677 19.0189 0 0 0
v -180.621 -52.2341 24.0189 0 0 0
v -180.621 -52.6677 19.0189 0 0 0
v -175.621 -52.4343 19.0189 0 0 0
v -180.621 -52.2341 24.0189 0 0 0
v -180.621 -52.2341 24.0189 0 0 0
v -175.621 -52.4343 19.0189 0 0 0
v -175.621 -51.9341 24.0189 0 0 0
v -175.621 -52.4343 19.0189 0 0 0
v -170.621 -52.0342 19.0189 0 0 0
v -175.621 -51.9341 24.0189 0 0 0
v -175.621 -51.9341 24.0189 0 0 0
v -170.621 -52.0342 19.0189 0 0 0
v -170.621 -51.3844 24.0189 0 0 0
v -170.621 -52.0342 19.0189 0 0 0
v -165.621 -51.5843 19.0189 0 0 0
v -170.621 -51.3844 24.0189 0 0 0
v -170.621 -51.3844 24.0189 0 0 0
v -165.621 -51.5843 19.0189 0 0 0
v -165.621 -50.9344 24.0189 0 0 0
v -165.621 -51.5843 19.0189 0 0 0
v -160.621 -51.2843 19.0189 0 0 0
v -165.621 -50.9344 24.0189 0 0 0
v -165.621 -50.9344 24.0189 0 0 0
v -160.621 -51.2843 19.0189 0 0 0
v -160.621 -50.9843 24.0189 0 0 0
v -160.621 -51.2843 19.0189 0 0 0
v -155.621 -51.1343 19.0189 0 0 0
v -160.621 -50.9843 24.0189 0 0 0
v -160.621 -50.9843 24.0189 0 0 0
v -155.621 -51.1343 19.0189 0 0 0
v -155.621 -50.9344 24.0189 0 0 0
v -155.621 -51.1343 19.0189 0 0 0
v -150.621 -50.6342 19.0189 0 0 0
v -155.621 -50.9344 24.0189 0 0 0
v -155.621 -50.9344 24.0189 0 0 0
v -150.621 -50.6342 19.0189 0 0 0
v -150.621 -50.7342 24.0189 0 0 0
v -150.621 -50.6342 19.0189 0 0 0
v -145.621 -49.1343 19.0189 0 0 0
v -150.621 -50.7342 24.0189 0 0 0
v -150.621 -50.7342 24.0189 0 0 0
v -145.621 -49.1343 19.0189 0 0 0
v -145.621 -49.6343 24.0189 0 0 0
v -145.621 -49.1343 19.0189 0 0 0
v -140.621 -46.9341 19.0189 0 0 0
v -145.621 -49.6343 24.0189 0 0 0
v -145.621 -49.6343 24.0189 0 0 0
v -140.621 -46.9341 19.0189 0 0 0
v -140.621 -47.6342 24.0189 0 0 0
v -140.621 -46.9341 19.0189 0 0 0
v -135.621 -44.2342 19.0189 0 0 0
v -140.621 -47.6342 24.0189 0 0 0
v -140.621 -47.6342 24.0189 0 0 0
v -135.621 -44.2342 19.0189 0 0 0
v -135.621 -44.8344 24.0189 0 0 0
v -135.621 -44.2342 19.0189 0 0 0
v -130.621 -42.9842 19.0189 0 0 0
v -135.621 -44.8344 24.0189 0 0 0
v -135.621 -44.8344 24.0189 0 0 0
v -130.621 -42.9842 19.0189 0 0 0
v -130.621 -43.3676 24.0189 0 0 0
v -130.621 -42.9842 19.0189 0 0 0
v -125.621 -40.2343 19.0189 0 0 0
v -130.621 -43.3676 24.0189 0 0 0
v -130.621 -43.3676 24.0189 0 0 0
v -125.621 -40.2343 19.0189 0 0 0
v -125.621 -40.5677 24.0189 0 0 0
v -125.621 -40.2343 19.0189 0 0 0
v -120.621 -38.1344 19.0189 0 0 0
v -125.621 -40.5677 24.0189 0 0 0
v -125.621 -40.5677 24.0189 0 0 0
v -120.621 -38.1344 19.0189 0 0 0
v -120.621 -36.7843 24.0189 0 0 0
v -120.621 -38.1344 19.0189 0 0 0
v -115.621 -32.9842 19.0189 0 0 0
v -120.621 -36.7843 24.0189 0 0 0
v -120.621 -36.7843 24.0189 0 0 0
v -115.621 -32.9842 19.0189 0 0 0
v -115.621 -31.9842 24.0189 0 0 0
v -115.621 -32.9842 19.0189 0 0 0
v -110.621 -28.1344 19.0189 0 0 0
v -115.621 -31.9842 24.0189 0 0 0
v -115.621 -31.9842 24.0189 0 0 0
v -110.621 -28.1344 19.0189 0 0 0
v -110.621 -27.8344 24.0189 0 0 0
v -110.621 -28.1344 19.0189 0 0 0
v -105.621 -24.4842 19.0189 0 0 0
v -110.621 -27.8344 24.0189 0 0 0
v -110.621 -27.8344 24.0189 0 0 0
v -105.621 -24.4842 19.0189 0 0 0
v -105.621 -26.0342 24.0189 0 0 0
v -105.621 -24.4842 19.0189 0 0 0
v -100.621 -22.3342 19.0189 0 0 0
v -105.621 -26.0342 24.0189 0 0 0
v -105.621 -26.0342 24.0189 0 0 0
v -100.621 -22.3342 19.0189 0 0 0
v -100.621 -22.8342 24.0189 0 0 0
v -100.621 -22.3342 19.0189 0 0 0
v -95.6212 -17.8342 19.0189 0 0 0
v -100.621 -22.8342 24.0189 0 0 0
v -100.621 -22.8342 24.0189 0 0 0
v -95.6212 -17.8342 19.0189 0 0 0
v -95.6212 -18.6343 24.0189 0 0 0
v -95.6212 -17.8342 19.0189 0 0 0
v -90.6212 -15.8343 19.0189 0 0 0
v -95.6212 -18.6343 24.0189 0 0 0
v -95.6212 -18.6343 24.0189 0 0 0
v -90.6212 -15.8343 19.0189 0 0 0
v -90.6212 -16.3342 24.0189 0 0 0
v -90.6212 -15.8343 19.0189 0 0 0
v -85.6212 -11.4343 19.0189 0 0 0
v -90.6212 -16.3342 24.0189 0 0 0
v -90.6212 -16.3342 24.0189 0 0 0
v -85.6212 -11.4343 19.0189 0 0 0
v -85.6212 -15.6342 24.0189 0 0 0
v -85.6212 -11.4343 19.0189 0 0 0
v -80.6212 -6.4843 19.0189 0 0 0
v -85.6212 -15.6342 24.0189 0 0 0
v -85.6212 -15.6342 24.0189 0 0 0
v -80.6212 -6.4843 19.0189 0 0 0
v -80.6212 -10.8843 24.0189 0 0 0
v -80.6212 -6.4843 19.0189 0 0 0
v -85.6212 -6.93413 9.01889 0 0 0
v -80.6212 -10.8843 24.0189 0 0 0
v -80.6212 -10.8843 24.0189 0 0 0
v -85.6212 -6.93413 9.01889 0 0 0
v -75.6212 -10.7842 24.0189 0 0 0
v -85.6212 -6.93413 9.01889 0 0 0
v -80.6212 -6.73424 9.01889 0 0 0
v -75.6212 -10.7842 24.0189 0 0 0
v -75.6212 -10.7842 24.0189 0 0 0
v -80.6212 -6.73424 9.01889 0 0 0
v -70.6212 -10.9342 24.0189 0 0 0
v -80.6212 -6.73424 9.01889 0 0 0
v -65.6212 -7.23412 19.0189 0 0 0
v -70.6212 -10.9342 24.0189 0 0 0
v -70.6212 -10.9342 24.0189 0 0 0
v -65.6212 -7.23412 19.0189 0 0 0
v -65.6212 -6.38436 24.0189 0 0 0
v -65.6212 -7.23412 19.0189 0 0 0
v -60.6212 -6.33416 19.0189 0 0 0
v -65.6212 -6.38436 24.0189 0 0 0
v -65.6212 -6.38436 24.0189 0 0 0
v -60.6212 -6.33416 19.0189 0 0 0
v -60.6212 -15.1342 24.0189 0 0 0
v -60.6212 -6.33416 19.0189 0 0 0
v -55.6212 -8.5093 19.0189 0 0 0
v -60.6212 -15.1342 24.0189 0 0 0
v -60.6212 -15.1342 24.0189 0 0 0
v -55.6212 -8.5093 19.0189 0 0 0
v -55.6212 -15.2844 24.0189 0 0 0
v -55.6212 -8.5093 19.0189 0 0 0
v -50.6212 -15.5343 19.0189 0 0 0
v -55.6212 -15.2844 24.0189 0 0 0
v -55.6212 -15.2844 24.0189 0 0 0
v -50.6212 -15.5343 19.0189 0 0 0
v -50.6212 -15.0341 24.0189 0 0 0
v -50.6212 -15.5343 19.0189 0 0 0
v -45.6212 -15.6677 19.0189 0 0 0
v -50.6212 -15.0341 24.0189 0 0 0
v -50.6212 -15.0341 24.0189 0 0 0
v -45.6212 -15.6677 19.0189 0 0 0
v -45.6212 -15.5343 24.0189 0 0 0
v -45.6212 -15.6677 19.0189 0 0 0
v -40.6212 -15.6344 19.0189 0 0 0
v -45.6212 -15.5343 24.0189 0 0 0
v -45.6212 -15.5343 24.0189 0 0 0
v -40.6212 -15.6344 19.0189 0 0 0
v -40.6212 -15.1342 24.0189 0 0 0
v -40.6212 -15.6344 19.0189 0 0 0
v -35.6212 -15.1344 19.0189 0 0 0
v -40.6212 -15.1342 24.0189 0 0 0
v -40.6212 -15.1342 24.0189 0 0 0
v -35.6212 -15.1344 19.0189 0 0 0
v -35.6212 17.7657 24.0189 0 0 0
v -35.6212 -15.1344 19.0189 0 0 0
v -30.6212 -14.5342 19.0189 0 0 0
v -35.6212 17.7657 24.0189 0 0 0
v -35.6212 17.7657 24.0189 0 0 0
v -30.6212 -14.5342 19.0189 0 0 0
v -30.6212 12.8657 24.0189 0 0 0
v -30.6212 -14.5342 19.0189 0 0 0
v -25.6212 -13.6343 19.0189 0 0 0
v -30.6212 12.8657 24.0189 0 0 0
v -30.6212 12.8657 24.0189 0 0 0
v -25.6212 -13.6343 19.0189 0 0 0
v -25.6212 18.7658 24.0189 0 0 0
v -25.6212 -13.6343 19.0189 0 0 0
v -20.6212 -13.0343 19.0189 0 0 0
v -25.6212 18.7658 24.0189 0 0 0
v -25.6212 18.7658 24.0189 0 0 0
v -20.6212 -13.0343 19.0189 0 0 0
v -20.6212 13.2658 24.0189 0 0 0
v -20.6212 -13.0343 19.0189 0 0 0
v -15.6212 21.9157 19.0189 0 0 0
v -20.6212 13.2658 24.0189 0 0 0
v -20.6212 13.2658 24.0189 0 0 0
v -15.6212 21.9157 19.0189 0 0 0
v -15.6212 12.8158 24.0189 0 0 0
v -15.6212 21.9157 19.0189 0 0 0
v -10.6212 13.5657 19.0189 0 0 0
v -15.6212 12.8158 24.0189 0 0 0
v -15.6212 12.8158 24.0189 0 0 0
v -10.6212 13.5657 19.0189 0 0 0
v -10.6212 12.8657 24.0189 0 0 0
v -10.6212 13.5657 19.0189 0 0 0
v -5.62122 15.9657 19.0189 0 0 0
v -10.6212 12.8657 24.0189 0 0 0
v -10.6212 12.8657 24.0189 0 0 0
v -5.62122 15.9657 19.0189 0 0 0
v -5.62122 12.9658 24.0189 0 0 0
v -5.62122 15.9657 19.0189 0 0 0
v -0.621216 17.8156 19.0189 0 0 0
v -5.62122 12.9658 24.0189 0 0 0
v -5.62122 12.9658 24.0189 0 0 0
v -0.621216 17.8156 19.0189 0 0 0
v -0.621216 12.899 24.0189 0 0 0
v -0.621216 17.8156 19.0189 0 0 0
v 4.37878 12.9658 19.0189 0 0 0
v -0.621216 12.899 24.0189 0 0 0
v -0.621216 12.899 24.0189 0 0 0
v 4.37878 12.9658 19.0189 0 0 0
v 4.37878 12.9658 24.0189 0 0 0
v 4.37878 12.9658 19.0189 0 0 0
v 9.37878 12.8657 19.0189 0 0 0
v 4.37878 12.9658 24.0189 0 0 0
v 4.37878 12.9658 24.0189 0 0 0
v 9.37878 12.8657 19.0189 0 0 0
v 9.37878 12.9658 24.0189 0 0 0
v 9.37878 12.8657 19.0189 0 0 0
v 14.3788 12.9157 19.0189 0 0 0
v 9.37878 12.9658 24.0189 0 0 0
v 9.37878 12.9658 24.0189 0 0 0
v 14.3788 12.9157 19.0189 0 0 0
v 14.3788 13.0158 24.0189 0 0 0
v 14.3788 12.9157 19.0189 0 0 0
v 19.3788 12.9658 19.0189 0 0 0
v 14.3788 13.0158 24.0189 0 0 0
v 14.3788 13.0158 24.0189 0 0 0
v 19.3788 12.9658 19.0189 0 0 0
v 19.3788 13.0659 24.0189 0 0 0
v 19.3788 12.9658 19.0189 0 0 0
v 24.3788 10.6658 19.0189 0 0 0
v 19.3788 13.0659 24.0189 0 0 0
v 19.3788 13.0659 24.0189 0 0 0
v 24.3788 10.6658 19.0189 0 0 0
v 24.3788 13.0659 24.0189 0 0 0
v 24.3788 10.6658 19.0189 0 0 0
v 29.3788 3.81584 19.0189 0 0 0
v 24.3788 13.0659 24.0189 0 0 0
v 24.3788 13.0659 24.0189 0 0 0
v 29.3788 3.81584 19.0189 0 0 0
v 29.3788 10.7157 24.0189 0 0 0
v 29.3788 3.81584 19.0189 0 0 0
v 34.3788 3.96568 19.0189 0 0 0
v 29.3788 10.7157 24.0189 0 0 0
v 29.3788 10.7157 24.0189 0 0 0
v 34.3788 3.96568 19.0189 0 0 0
v 34.3788 3.59901 24.0189 0 0 0
v 34.3788 3.96568 19.0189 0 0 0
v 39.3788 -5.78423 19.0189 0 0 0
v 34.3788 3.59901 24.0189 0 0 0
v 34.3788 3.59901 24.0189 0 0 0
v 39.3788 -5.78423 19.0189 0 0 0
v 39.3788 -6.03417 24.0189 0 0 0
v 39.3788 -5.78423 19.0189 0 0 0
v 44.3788 -5.08431 19.0189 0 0 0
v 39.3788 -6.03417 24.0189 0 0 0
v 39.3788 -6.03417 24.0189 0 0 0
v 44.3788 -5.08431 19.0189 0 0 0
v 44.3788 -5.2842 24.0189 0 0 0
v 44.3788 -5.08431 19.0189 0 0 0
v 49.3788 -4.13415 19.0189 0 0 0
v 44.3788 -5.2842 24.0189 0 0 0
v 44.3788 -5.2842 24.0189 0 0 0
v 49.3788 -4.13415 19.0189 0 0 0
v 49.3788 -4.53423 24.0189 0 0 0
v 49.3788 -4.13415 19.0189 0 0 0
v 54.3788 -3.23434 19.0189 0 0 0
v 49.3788 -4.53423 24.0189 0 0 0
v 49.3788 -4.53423 24.0189 0 0 0
v 54.3788 -3.23434 19.0189 0 0 0
v 54.3788 -4.13415 24.0189 0 0 0
v 54.3788 -3.23434 19.0189 0 0 0
v 59.3788 -1.30089 19.0189 0 0 0
v 54.3788 -4.13415 24.0189 0 0 0
v 54.3788 -4.13415 24.0189 0 0 0
v 59.3788 -1.30089 19.0189 0 0 0
v 54.3788 -3.23434 19.0189 0 0 0
v 59.3788 -1.30089 19.0189 0 0 0
v 64.3788 0.715708 19.0189 0 0 0
v 54.3788 -3.23434 19.0189 0 0 0
v 54.3788 -3.23434 19.0189 0 0 0
v 64.3788 0.715708 19.0189 0 0 0
v 64.3788 18.3158 24.0189 0 0 0
v 64.3788 0.715708 19.0189 0 0 0
v 69.3788 4.96589 19.0189 0 0 0
v 64.3788 18.3158 24.0189 0 0 0
v 64.3788 18.3158 24.0189 0 0 0
v 69.3788 4.96589 19.0189 0 0 0
v 69.3788 4.49907 24.0189 0 0 0
v 69.3788 4.96589 19.0189 0 0 0
v 74.3788 10.7658 19.0189 0 0 0
v 69.3788 4.49907 24.0189 0 0 0
v 69.3788 4.49907 24.0189 0 0 0
v 74.3788 10.7658 19.0189 0 0 0
v 74.3788 13.7656 24.0189 0 0 0
v 74.3788 10.7658 19.0189 0 0 0
v 79.3788 7.2657 19.0189 0 0 0
v 74.3788 13.7656 24.0189 0 0 0
v 74.3788 13.7656 24.0189 0 0 0
v 79.3788 7.2657 19.0189 0 0 0
v 79.3788 8.56574 24.0189 0 0 0
v 79.3788 7.2657 19.0189 0 0 0
v 84.3788 9.6656 19.0189 0 0 0
v 79.3788 8.56574 24.0189 0 0 0
v 79.3788 8.56574 24.0189 0 0 0
v 84.3788 9.6656 19.0189 0 0 0
v 84.3788 10.3658 24.0189 0 0 0
v 84.3788 9.6656 19.0189 0 0 0
v 89.3788 39.3907 19.0189 0 0 0
v 84.3788 10.3658 24.0189 0 0 0
v 84.3788 10.3658 24.0189 0 0 0
v 89.3788 39.3907 19.0189 0 0 0
v 89.3788 24.9658 24.0189 0 0 0
v 89.3788 39.3907 19.0189 0 0 0
v 94.3788 51.7908 19.0189 0 0 0
v 89.3788 24.9658 24.0189 0 0 0
v 89.3788 24.9658 24.0189 0 0 0
v 94.3788 51.7908 19.0189 0 0 0
v 94.3788 38.2408 24.0189 0 0 0
v 94.3788 51.7908 19.0189 0 0 0
v 99.3788 83.7656 19.0189 0 0 0
v 94.3788 38.2408 24.0189 0 0 0
v 94.3788 38.2408 24.0189 0 0 0
v 99.3788 83.7656 19.0189 0 0 0
v 99.3788 41.4991 24.0189 0 0 0
v 99.3788 83.7656 19.0189 0 0 0
v 104.379 68.5158 19.0189 0 0 0
v 99.3788 41.4991 24.0189 0 0 0
v 99.3788 41.4991 24.0189 0 0 0
v 104.379 68.5158 19.0189 0 0 0
v 104.379 69.8657 24.0189 0 0 0
v 104.379 68.5158 19.0189 0 0 0
v 109.379 65.8991 19.0189 0 0 0
v 104.379 69.8657 24.0189 0 0 0
v 104.379 69.8657 24.0189 0 0 0
v 109.379 65.8991 19.0189 0 0 0
v 109.379 58.2658 24.0189 0 0 0
v 109.379 65.8991 19.0189 0 0 0
v 114.379 53.0257 19.0189 0 0 0
v 109.379 58.2658 24.0189 0 0 0
v 109.379 58.2658 24.0189 0 0 0
v 114.379 53.0257 19.0189 0 0 0
v 114.379 77.5824 24.0189 0 0 0
v 114.379 53.0257 19.0189 0 0 0
v 119.379 38.2325 19.0189 0 0 0
v 114.379 77.5824 24.0189 0 0 0
v 114.379 77.5824 24.0189 0 0 0
v 119.379 38.2325 19.0189 0 0 0
v 119.379 57.6907 24.0189 0 0 0
v 119.379 38.2325 19.0189 0 0 0
v 124.379 43.7157 19.0189 0 0 0
v 119.379 57.6907 24.0189 0 0 0
v 119.379 57.6907 24.0189 0 0 0
v 124.379 43.7157 19.0189 0 0 0
v 124.379 76.2324 24.0189 0 0 0
v 124.379 43.7157 19.0189 0 0 0
v 129.379 82.0657 19.0189 0 0 0
v 124.379 76.2324 24.0189 0 0 0
v 124.379 76.2324 24.0189 0 0 0
v 129.379 82.0657 19.0189 0 0 0
v 129.379 76.4907 24.0189 0 0 0
v 129.379 82.0657 19.0189 0 0 0
v 134.379 51.2157 19.0189 0 0 0
v 129.379 76.4907 24.0189 0 0 0
v 129.379 76.4907 24.0189 0 0 0
v 134.379 51.2157 19.0189 0 0 0
v 134.379 82.9407 24.0189 0 0 0
v 134.379 51.2157 19.0189 0 0 0
v 139.379 58.0158 19.0189 0 0 0
v 134.379 82.9407 24.0189 0 0 0
v 134.379 82.9407 24.0189 0 0 0
v 139.379 58.0158 19.0189 0 0 0
v 139.379 78.5157 24.0189 0 0 0
v 139.379 58.0158 19.0189 0 0 0
v 144.379 65.4858 19.0189 0 0 0
v 139.379 78.5157 24.0189 0 0 0
v 139.379 78.5157 24.0189 0 0 0
v 144.379 65.4858 19.0189 0 0 0
v 144.379 51.3514 24.0189 0 0 0
v 144.379 65.4858 19.0189 0 0 0
v 149.379 51.3657 19.0189 0 0 0
v 144.379 51.3514 24.0189 0 0 0
v 144.379 51.3514 24.0189 0 0 0
v 149.379 51.3657 19.0189 0 0 0
v 149.379 67.0158 24.0189 0 0 0
v 149.379 51.3657 19.0189 0 0 0
v 154.379 44.1657 19.0189 0 0 0
v 149.379 67.0158 24.0189 0 0 0
v 149.379 67.0158 24.0189 0 0 0
v 154.379 44.1657 19.0189 0 0 0
v 154.379 54.3407 24.0189 0 0 0
v 154.379 44.1657 19.0189 0 0 0
v 159.379 39.6656 19.0189 0 0 0
v 154.379 54.3407 24.0189 0 0 0
v 154.379 54.3407 24.0189 0 0 0
v 159.379 39.6656 19.0189 0 0 0
v 159.379 39.1657 24.0189 0 0 0
v 159.379 39.6656 19.0189 0 0 0
v 164.379 41.4658 19.0189 0 0 0
v 159.379 39.1657 24.0189 0 0 0
v 159.379 39.1657 24.0189 0 0 0
v 164.379 41.4658 19.0189 0 0 0
v 164.379 41.8657 24.0189 0 0 0
v 164.379 41.4658 19.0189 0 0 0
v 169.379 42.0658 19.0189 0 0 0
v 164.379 41.8657 24.0189 0 0 0
v 164.379 41.8657 24.0189 0 0 0
v 169.379 42.0658 19.0189 0 0 0
v 169.379 43.2157 24.0189 0 0 0
v 169.379 42.0658 19.0189 0 0 0
v 174.379 42.9157 19.0189 0 0 0
v 169.379 43.2157 24.0189 0 0 0
v 169.379 43.2157 24.0189 0 0 0
v 174.379 42.9157 19.0189 0 0 0
v 174.379 43.0659 24.0189 0 0 0
v 174.379 42.9157 19.0189 0 0 0
v 179.379 44.7657 19.0189 0 0 0
v 174.379 43.0659 24.0189 0 0 0
v 174.379 43.0659 24.0189 0 0 0
v 179.379 44.7657 19.0189 0 0 0
v 179.379 44.1157 24.0189 0 0 0
v 179.379 44.7657 19.0189 0 0 0
v 184.379 47.7158 19.0189 0 0 0
v 179.379 44.1157 24.0189 0 0 0
v 179.379 44.1157 24.0189 0 0 0
v 184.379 47.7158 19.0189 0 0 0
v 184.379 46.8658 24.0189 0 0 0
v 184.379 47.7158 19.0189 0 0 0
v 189.379 49.2658 19.0189 0 0 0
v 184.379 46.8658 24.0189 0 0 0
v 184.379 46.8658 24.0189 0 0 0
v 189.379 49.2658 19.0189 0 0 0
v 189.379 49.6323 24.0189 0 0 0
v 189.379 49.2658 19.0189 0 0 0
v 194.379 51.3657 19.0189 0 0 0
v 189.379 49.6323 24.0189 0 0 0
v 189.379 49.6323 24.0189 0 0 0
v 194.379 51.3657 19.0189 0 0 0
v 194.379 51.5656 24.0189 0 0 0
v 194.379 51.3657 19.0189 0 0 0
v 199.379 54.8658 19.0189 0 0 0
v 194.379 51.5656 24.0189 0 0 0
v 194.379 51.5656 24.0189 0 0 0
v 199.379 54.8658 19.0189 0 0 0
v 199.379 53.4656 24.0189 0 0 0
v 199.379 54.8658 19.0189 0 0 0
v 204.379 57.4659 19.0189 0 0 0
v 199.379 53.4656 24.0189 0 0 0
v 199.379 53.4656 24.0189 0 0 0
v 204.379 57.4659 19.0189 0 0 0
v 204.379 56.3992 24.0189 0 0 0
v 204.379 57.4659 19.0189 0 0 0
v 209.379 60.4656 19.0189 0 0 0
v 204.379 56.3992 24.0189 0 0 0
v 204.379 56.3992 24.0189 0 0 0
v 209.379 60.4656 19.0189 0 0 0
v 209.379 58.199 24.0189 0 0 0
v 209.379 60.4656 19.0189 0 0 0
v 209.379 58.2658 14.0189 0 0 0
v 209.379 58.199 24.0189 0 0 0
v 209.379 58.199 24.0189 0 0 0
v 209.379 58.2658 14.0189 0 0 0
v 209.379 60.4656 19.0189 0 0 0
v -200.621 -54.9343 24.0189 0 0 0
v -195.621 -53.7344 24.0189 0 0 0
v -200.621 -54.8342 29.0189 0 0 0
v -200.621 -54.8342 29.0189 0 0 0
v -195.621 -53.7344 24.0189 0 0 0
v -195.621 -54.2843 29.0189 0 0 0
v -195.621 -53.7344 24.0189 0 0 0
v -190.621 -53.4344 24.0189 0 0 0
v -195.621 -54.2843 29.0189 0 0 0
v -195.621 -54.2843 29.0189 0 0 0
v -190.621 -53.4344 24.0189 0 0 0
v -190.621 -53.8343 29.0189 0 0 0
v -190.621 -53.4344 24.0189 0 0 0
v -185.621 -52.8343 24.0189 0 0 0
v -190.621 -53.8343 29.0189 0 0 0
v -190.621 -53.8343 29.0189 0 0 0
v -185.621 -52.8343 24.0189 0 0 0
v -185.621 -53.2343 29.0189 0 0 0
v -185.621 -52.8343 24.0189 0 0 0
v -180.621 -52.2341 24.0189 0 0 0
v -185.621 -53.2343 29.0189 0 0 0
v -185.621 -53.2343 29.0189 0 0 0
v -180.621 -52.2341 24.0189 0 0 0
v -180.621 -52.5676 29.0189 0 0 0
v -180.621 -52.2341 24.0189 0 0 0
v -175.621 -51.9341 24.0189 0 0 0
v -180.621 -52.5676 29.0189 0 0 0
v -180.621 -52.5676 29.0189 0 0 0
v -175.621 -51.9341 24.0189 0 0 0
v -175.621 -51.7342 29.0189 0 0 0
v -175.621 -51.9341 24.0189 0 0 0
v -170.621 -51.3844 24.0189 0 0 0
v -175.621 -51.7342 29.0189 0 0 0
v -175.621 -51.7342 29.0189 0 0 0
v -170.621 -51.3844 24.0189 0 0 0
v -170.621 -51.4343 29.0189 0 0 0
v -170.621 -51.3844 24.0189 0 0 0
v -165.621 -50.9344 24.0189 0 0 0
v -170.621 -51.4343 29.0189 0 0 0
v -170.621 -51.4343 29.0189 0 0 0
v -165.621 -50.9344 24.0189 0 0 0
v -165.621 -50.9843 29.0189 0 0 0
v -165.621 -50.9344 24.0189 0 0 0
v -160.621 -50.9843 24.0189 0 0 0
v -165.621 -50.9843 29.0189 0 0 0
v -165.621 -50.9843 29.0189 0 0 0
v -160.621 -50.9843 24.0189 0 0 0
v -165.621 -50.9344 24.0189 0 0 0
v -160.621 -50.9843 24.0189 0 0 0
v -155.621 -50.9344 24.0189 0 0 0
v -165.621 -50.9344 24.0189 0 0 0
v -165.621 -50.9344 24.0189 0 0 0
v -155.621 -50.9344 24.0189 0 0 0
v -155.621 -50.2343 29.0189 0 0 0
v -155.621 -50.9344 24.0189 0 0 0
v -150.621 -50.7342 24.0189 0 0 0
v -155.621 -50.2343 29.0189 0 0 0
v -155.621 -50.2343 29.0189 0 0 0
v -150.621 -50.7342 24.0189 0 0 0
v -150.621 -50.0341 29.0189 0 0 0
v -150.621 -50.7342 24.0189 0 0 0
v -145.621 -49.6343 24.0189 0 0 0
v -150.621 -50.0341 29.0189 0 0 0
v -150.621 -50.0341 29.0189 0 0 0
v -145.621 -49.6343 24.0189 0 0 0
v -145.621 -49.0342 29.0189 0 0 0
v -145.621 -49.6343 24.0189 0 0 0
v -140.621 -47.6342 24.0189 0 0 0
v -145.621 -49.0342 29.0189 0 0 0
v -145.621 -49.0342 29.0189 0 0 0
v -140.621 -47.6342 24.0189 0 0 0
v -140.621 -46.8343 29.0189 0 0 0
v -140.621 -47.6342 24.0189 0 0 0
v -135.621 -44.8344 24.0189 0 0 0
v -140.621 -46.8343 29.0189 0 0 0
v -140.621 -46.8343 29.0189 0 0 0
v -135.621 -44.8344 24.0189 0 0 0
v -135.621 -43.9343 29.0189 0 0 0
v -135.621 -44.8344 24.0189 0 0 0
v -130.621 -43.3676 24.0189 0 0 0
v -135.621 -43.9343 29.0189 0 0 0
v -135.621 -43.9343 29.0189 0 0 0
v -130.621 -43.3676 24.0189 0 0 0
v -130.621 -42.1343 29.0189 0 0 0
v -130.621 -43.3676 24.0189 0 0 0
v -125.621 -40.5677 24.0189 0 0 0
v -130.621 -42.1343 29.0189 0 0 0
v -130.621 -42.1343 29.0189 0 0 0
v -125.621 -40.5677 24.0189 0 0 0
v -125.621 -39.8342 29.0189 0 0 0
v -125.621 -40.5677 24.0189 0 0 0
v -120.621 -36.7843 24.0189 0 0 0
v -125.621 -39.8342 29.0189 0 0 0
v -125.621 -39.8342 29.0189 0 0 0
v -120.621 -36.7843 24.0189 0 0 0
v -120.621 -38.2342 29.0189 0 0 0
v -120.621 -36.7843 24.0189 0 0 0
v -115.621 -31.9842 24.0189 0 0 0
v -120.621 -38.2342 29.0189 0 0 0
v -120.621 -38.2342 29.0189 0 0 0
v -115.621 -31.9842 24.0189 0 0 0
v -115.621 -33.7675 29.0189 0 0 0
v -115.621 -31.9842 24.0189 0 0 0
v -110.621 -27.8344 24.0189 0 0 0
v -115.621 -33.7675 29.0189 0 0 0
v -115.621 -33.7675 29.0189 0 0 0
v -110.621 -27.8344 24.0189 0 0 0
v -110.621 -29.201 29.0189 0 0 0
v -110.621 -27.8344 24.0189 0 0 0
v -105.621 -26.0342 24.0189 0 0 0
v -110.621 -29.201 29.0189 0 0 0
v -110.621 -29.201 29.0189 0 0 0
v -105.621 -26.0342 24.0189 0 0 0
v -105.621 -26.0842 29.0189 0 0 0
v -105.621 -26.0342 24.0189 0 0 0
v -100.621 -22.8342 24.0189 0 0 0
v -105.621 -26.0842 29.0189 0 0 0
v -105.621 -26.0842 29.0189 0 0 0
v -100.621 -22.8342 24.0189 0 0 0
v -100.621 -24.0342 29.0189 0 0 0
v -100.621 -22.8342 24.0189 0 0 0
v -95.6212 -18.6343 24.0189 0 0 0
v -100.621 -24.0342 29.0189 0 0 0
v -100.621 -24.0342 29.0189 0 0 0
v -95.6212 -18.6343 24.0189 0 0 0
v -95.6212 -18.7592 29.0189 0 0 0
v -95.6212 -18.6343 24.0189 0 0 0
v -90.6212 -16.3342 24.0189 0 0 0
v -95.6212 -18.7592 29.0189 0 0 0
v -95.6212 -18.7592 29.0189 0 0 0
v -90.6212 -16.3342 24.0189 0 0 0
v -90.6212 -15.7342 29.0189 0 0 0
v -90.6212 -16.3342 24.0189 0 0 0
v -85.6212 -15.6342 24.0189 0 0 0
v -90.6212 -15.7342 29.0189 0 0 0
v -90.6212 -15.7342 29.0189 0 0 0
v -85.6212 -15.6342 24.0189 0 0 0
v -85.6212 -15.4842 29.0189 0 0 0
v -85.6212 -15.6342 24.0189 0 0 0
v -80.6212 -10.8843 24.0189 0 0 0
v -85.6212 -15.4842 29.0189 0 0 0
v -85.6212 -15.4842 29.0189 0 0 0
v -80.6212 -10.8843 24.0189 0 0 0
v -80.6212 -14.9343 29.0189 0 0 0
v -80.6212 -10.8843 24.0189 0 0 0
v -75.6212 -10.7842 24.0189 0 0 0
v -80.6212 -14.9343 29.0189 0 0 0
v -80.6212 -14.9343 29.0189 0 0 0
v -75.6212 -10.7842 24.0189 0 0 0
v -75.6212 -15.0341 29.0189 0 0 0
v -75.6212 -10.7842 24.0189 0 0 0
v -70.6212 -10.9342 24.0189 0 0 0
v -75.6212 -15.0341 29.0189 0 0 0
v -75.6212 -15.0341 29.0189 0 0 0
v -70.6212 -10.9342 24.0189 0 0 0
v -70.6212 -14.9842 29.0189 0 0 0
v -70.6212 -10.9342 24.0189 0 0 0
v -65.6212 -6.38436 24.0189 0 0 0
v -70.6212 -14.9842 29.0189 0 0 0
v -70.6212 -14.9842 29.0189 0 0 0
v -65.6212 -6.38436 24.0189 0 0 0
v -65.6212 -15.0341 29.0189 0 0 0
v -65.6212 -6.38436 24.0189 0 0 0
v -60.6212 -15.1342 24.0189 0 0 0
v -65.6212 -15.0341 29.0189 0 0 0
v -65.6212 -15.0341 29.0189 0 0 0
v -60.6212 -15.1342 24.0189 0 0 0
v -60.6212 -15.2844 29.0189 0 0 0
v -60.6212 -15.1342 24.0189 0 0 0
v -55.6212 -15.2844 24.0189 0 0 0
v -60.6212 -15.2844 29.0189 0 0 0
v -60.6212 -15.2844 29.0189 0 0 0
v -55.6212 -15.2844 24.0189 0 0 0
v -55.6212 -15.2343 29.0189 0 0 0
v -55.6212 -15.2844 24.0189 0 0 0
v -50.6212 -15.0341 24.0189 0 0 0
v -55.6212 -15.2343 29.0189 0 0 0
v -55.6212 -15.2343 29.0189 0 0 0
v -50.6212 -15.0341 24.0189 0 0 0
v -55.6212 -15.2844 24.0189 0 0 0
v -50.6212 -15.0341 24.0189 0 0 0
v -45.6212 -15.5343 24.0189 0 0 0
v -55.6212 -15.2844 24.0189 0 0 0
v -55.6212 -15.2844 24.0189 0 0 0
v -45.6212 -15.5343 24.0189 0 0 0
v -45.6212 17.8158 29.0189 0 0 0
v -45.6212 -15.5343 24.0189 0 0 0
v -40.6212 -15.1342 24.0189 0 0 0
v -45.6212 17.8158 29.0189 0 0 0
v -45.6212 17.8158 29.0189 0 0 0
v -40.6212 -15.1342 24.0189 0 0 0
v -40.6212 12.7659 29.0189 0 0 0
v -40.6212 -15.1342 24.0189 0 0 0
v -35.6212 17.7657 24.0189 0 0 0
v -40.6212 12.7659 29.0189 0 0 0
v -40.6212 12.7659 29.0189 0 0 0
v -35.6212 17.7657 24.0189 0 0 0
v -35.6212 12.8158 29.0189 0 0 0
v -35.6212 17.7657 24.0189 0 0 0
v -30.6212 12.8657 24.0189 0 0 0
v -35.6212 12.8158 29.0189 0 0 0
v -35.6212 12.8158 29.0189 0 0 0
v -30.6212 12.8657 24.0189 0 0 0
v -30.6212 12.8657 29.0189 0 0 0
v -30.6212 12.8657 24.0189 0 0 0
v -25.6212 18.7658 24.0189 0 0 0
v -30.6212 12.8657 29.0189 0 0 0
v -30.6212 12.8657 29.0189 0 0 0
v -25.6212 18.7658 24.0189 0 0 0
v -25.6212 12.8657 29.0189 0 0 0
v -25.6212 18.7658 24.0189 0 0 0
v -20.6212 13.2658 24.0189 0 0 0
v -25.6212 12.8657 29.0189 0 0 0
v -25.6212 12.8657 29.0189 0 0 0
v -20.6212 13.2658 24.0189 0 0 0
v -20.6212 12.9158 29.0189 0 0 0
v -20.6212 13.2658 24.0189 0 0 0
v -15.6212 12.8158 24.0189 0 0 0
v -20.6212 12.9158 29.0189 0 0 0
v -20.6212 12.9158 29.0189 0 0 0
v -15.6212 12.8158 24.0189 0 0 0
v -15.6212 12.7659 29.0189 0 0 0
v -15.6212 12.8158 24.0189 0 0 0
v -10.6212 12.8657 24.0189 0 0 0
v -15.6212 12.7659 29.0189 0 0 0
v -15.6212 12.7659 29.0189 0 0 0
v -10.6212 12.8657 24.0189 0 0 0
v -10.6212 12.9658 29.0189 0 0 0
v -10.6212 12.8657 24.0189 0 0 0
v -5.62122 12.9658 24.0189 0 0 0
v -10.6212 12.9658 29.0189 0 0 0
v -10.6212 12.9658 29.0189 0 0 0
v -5.62122 12.9658 24.0189 0 0 0
v -5.62122 12.9658 29.0189 0 0 0
v -5.62122 12.9658 24.0189 0 0 0
v -0.621216 12.899 24.0189 0 0 0
v -5.62122 12.9658 29.0189 0 0 0
v -5.62122 12.9658 29.0189 0 0 0
v -0.621216 12.899 24.0189 0 0 0
v -0.621216 13.0657 29.0189 0 0 0
v -0.621216 12.899 24.0189 0 0 0
v 4.37878 12.9658 24.0189 0 0 0
v -0.621216 13.0657 29.0189 0 0 0
v -0.621216 13.0657 29.0189 0 0 0
v 4.37878 12.9658 24.0189 0 0 0
v 4.37878 13.3659 29.0189 0 0 0
v 4.37878 12.9658 24.0189 0 0 0
v 9.37878 12.9658 24.0189 0 0 0
v 4.37878 13.3659 29.0189 0 0 0
v 4.37878 13.3659 29.0189 0 0 0
v 9.37878 12.9658 24.0189 0 0 0
v 9.37878 13.6657 29.0189 0 0 0
v 9.37878 12.9658 24.0189 0 0 0
v 14.3788 13.0158 24.0189 0 0 0
v 9.37878 13.6657 29.0189 0 0 0
v 9.37878 13.6657 29.0189 0 0 0
v 14.3788 13.0158 24.0189 0 0 0
v 14.3788 12.9658 29.0189 0 0 0
v 14.3788 13.0158 24.0189 0 0 0
v 19.3788 13.0659 24.0189 0 0 0
v 14.3788 12.9658 29.0189 0 0 0
v 14.3788 12.9658 29.0189 0 0 0
v 19.3788 13.0659 24.0189 0 0 0
v 19.3788 12.8657 29.0189 0 0 0
v 19.3788 13.0659 24.0189 0 0 0
v 24.3788 13.0659 24.0189 0 0 0
v 19.3788 12.8657 29.0189 0 0 0
v 19.3788 12.8657 29.0189 0 0 0
v 24.3788 13.0659 24.0189 0 0 0
v 24.3788 12.8657 29.0189 0 0 0
v 24.3788 13.0659 24.0189 0 0 0
v 29.3788 10.7157 24.0189 0 0 0
v 24.3788 12.8657 29.0189 0 0 0
v 24.3788 12.8657 29.0189 0 0 0
v 29.3788 10.7157 24.0189 0 0 0
v 29.3788 12.6658 29.0189 0 0 0
v 29.3788 10.7157 24.0189 0 0 0
v 34.3788 3.59901 24.0189 0 0 0
v 29.3788 12.6658 29.0189 0 0 0
v 29.3788 12.6658 29.0189 0 0 0
v 34.3788 3.59901 24.0189 0 0 0
v 34.3788 11.4658 29.0189 0 0 0
v 34.3788 3.59901 24.0189 0 0 0
v 39.3788 -6.03417 24.0189 0 0 0
v 34.3788 11.4658 29.0189 0 0 0
v 34.3788 11.4658 29.0189 0 0 0
v 39.3788 -6.03417 24.0189 0 0 0
v 34.3788 3.59901 24.0189 0 0 0
v 39.3788 -6.03417 24.0189 0 0 0
v 44.3788 -5.2842 24.0189 0 0 0
v 34.3788 3.59901 24.0189 0 0 0
v 34.3788 3.59901 24.0189 0 0 0
v 44.3788 -5.2842 24.0189 0 0 0
v 44.3788 36.4158 29.0189 0 0 0
v 44.3788 -5.2842 24.0189 0 0 0
v 49.3788 -4.53423 24.0189 0 0 0
v 44.3788 36.4158 29.0189 0 0 0
v 44.3788 36.4158 29.0189 0 0 0
v 49.3788 -4.53423 24.0189 0 0 0
v 49.3788 38.0659 29.0189 0 0 0
v 49.3788 -4.53423 24.0189 0 0 0
v 54.3788 -4.13415 24.0189 0 0 0
v 49.3788 38.0659 29.0189 0 0 0
v 49.3788 38.0659 29.0189 0 0 0
v 54.3788 -4.13415 24.0189 0 0 0
v 54.3788 37.3658 29.0189 0 0 0
v 54.3788 -4.13415 24.0189 0 0 0
v 54.3788 -3.23434 19.0189 0 0 0
v 54.3788 37.3658 29.0189 0 0 0
v 54.3788 37.3658 29.0189 0 0 0
v 54.3788 -3.23434 19.0189 0 0 0
v 59.3788 36.3657 29.0189 0 0 0
v 54.3788 -3.23434 19.0189 0 0 0
v 64.3788 18.3158 24.0189 0 0 0
v 59.3788 36.3657 29.0189 0 0 0
v 59.3788 36.3657 29.0189 0 0 0
v 64.3788 18.3158 24.0189 0 0 0
v 64.3788 18.3158 29.0189 0 0 0
v 64.3788 18.3158 24.0189 0 0 0
v 69.3788 4.49907 24.0189 0 0 0
v 64.3788 18.3158 29.0189 0 0 0
v 64.3788 18.3158 29.0189 0 0 0
v 69.3788 4.49907 24.0189 0 0 0
v 69.3788 10.6158 29.0189 0 0 0
v 69.3788 4.49907 24.0189 0 0 0
v 74.3788 13.7656 24.0189 0 0 0
v 69.3788 10.6158 29.0189 0 0 0
v 69.3788 10.6158 29.0189 0 0 0
v 74.3788 13.7656 24.0189 0 0 0
v 74.3788 11.1991 29.0189 0 0 0
v 74.3788 13.7656 24.0189 0 0 0
v 79.3788 8.56574 24.0189 0 0 0
v 74.3788 11.1991 29.0189 0 0 0
v 74.3788 11.1991 29.0189 0 0 0
v 79.3788 8.56574 24.0189 0 0 0
v 79.3788 9.46571 29.0189 0 0 0
v 79.3788 8.56574 24.0189 0 0 0
v 84.3788 10.3658 24.0189 0 0 0
v 79.3788 9.46571 29.0189 0 0 0
v 79.3788 9.46571 29.0189 0 0 0
v 84.3788 10.3658 24.0189 0 0 0
v 84.3788 8.96583 29.0189 0 0 0
v 84.3788 10.3658 24.0189 0 0 0
v 89.3788 24.9658 24.0189 0 0 0
v 84.3788 8.96583 29.0189 0 0 0
v 84.3788 8.96583 29.0189 0 0 0
v 89.3788 24.9658 24.0189 0 0 0
v 89.3788 33.8991 29.0189 0 0 0
v 89.3788 24.9658 24.0189 0 0 0
v 94.3788 38.2408 24.0189 0 0 0
v 89.3788 33.8991 29.0189 0 0 0
v 89.3788 33.8991 29.0189 0 0 0
v 94.3788 38.2408 24.0189 0 0 0
v 94.3788 45.9857 29.0189 0 0 0
v 94.3788 38.2408 24.0189 0 0 0
v 99.3788 41.4991 24.0189 0 0 0
v 94.3788 45.9857 29.0189 0 0 0
v 94.3788 45.9857 29.0189 0 0 0
v 99.3788 41.4991 24.0189 0 0 0
v 99.3788 41.4371 29.0189 0 0 0
v 99.3788 41.4991 24.0189 0 0 0
v 104.379 69.8657 24.0189 0 0 0
v 99.3788 41.4371 29.0189 0 0 0
v 99.3788 41.4371 29.0189 0 0 0
v 104.379 69.8657 24.0189 0 0 0
v 104.379 60.3407 29.0189 0 0 0
v 104.379 69.8657 24.0189 0 0 0
v 109.379 58.2658 24.0189 0 0 0
v 104.379 60.3407 29.0189 0 0 0
v 104.379 60.3407 29.0189 0 0 0
v 109.379 58.2658 24.0189 0 0 0
v 109.379 47.8908 29.0189 0 0 0
v 109.379 58.2658 24.0189 0 0 0
v 114.379 77.5824 24.0189 0 0 0
v 109.379 47.8908 29.0189 0 0 0
v 109.379 47.8908 29.0189 0 0 0
v 114.379 77.5824 24.0189 0 0 0
v 114.379 52.2824 29.0189 0 0 0
v 114.379 77.5824 24.0189 0 0 0
v 119.379 57.6907 24.0189 0 0 0
v 114.379 52.2824 29.0189 0 0 0
v 114.379 52.2824 29.0189 0 0 0
v 119.379 57.6907 24.0189 0 0 0
v 119.379 46.4325 29.0189 0 0 0
v 119.379 57.6907 24.0189 0 0 0
v 124.379 76.2324 24.0189 0 0 0
v 119.379 46.4325 29.0189 0 0 0
v 119.379 46.4325 29.0189 0 0 0
v 124.379 76.2324 24.0189 0 0 0
v 124.379 95.1658 29.0189 0 0 0
v 124.379 76.2324 24.0189 0 0 0
v 129.379 76.4907 24.0189 0 0 0
v 124.379 95.1658 29.0189 0 0 0
v 124.379 95.1658 29.0189 0 0 0
v 129.379 76.4907 24.0189 0 0 0
v 129.379 64.6157 29.0189 0 0 0
v 129.379 76.4907 24.0189 0 0 0
v 134.379 82.9407 24.0189 0 0 0
v 129.379 64.6157 29.0189 0 0 0
v 129.379 64.6157 29.0189 0 0 0
v 134.379 82.9407 24.0189 0 0 0
v 134.379 109.366 29.0189 0 0 0
v 134.379 82.9407 24.0189 0 0 0
v 139.379 78.5157 24.0189 0 0 0
v 134.379 109.366 29.0189 0 0 0
v 134.379 109.366 29.0189 0 0 0
v 139.379 78.5157 24.0189 0 0 0
v 139.379 92.2157 29.0189 0 0 0
v 139.379 78.5157 24.0189 0 0 0
v 144.379 51.3514 24.0189 0 0 0
v 139.379 92.2157 29.0189 0 0 0
v 139.379 92.2157 29.0189 0 0 0
v 144.379 51.3514 24.0189 0 0 0
v 144.379 74.4992 29.0189 0 0 0
v 144.379 51.3514 24.0189 0 0 0
v 149.379 67.0158 24.0189 0 0 0
v 144.379 74.4992 29.0189 0 0 0
v 144.379 74.4992 29.0189 0 0 0
v 149.379 67.0158 24.0189 0 0 0
v 149.379 61.6157 29.0189 0 0 0
v 149.379 67.0158 24.0189 0 0 0
v 154.379 54.3407 24.0189 0 0 0
v 149.379 61.6157 29.0189 0 0 0
v 149.379 61.6157 29.0189 0 0 0
v 154.379 54.3407 24.0189 0 0 0
v 154.379 52.4158 29.0189 0 0 0
v 154.379 54.3407 24.0189 0 0 0
v 159.379 39.1657 24.0189 0 0 0
v 154.379 52.4158 29.0189 0 0 0
v 154.379 52.4158 29.0189 0 0 0
v 159.379 39.1657 24.0189 0 0 0
v 159.379 49.3658 29.0189 0 0 0
v 159.379 39.1657 24.0189 0 0 0
v 164.379 41.8657 24.0189 0 0 0
v 159.379 49.3658 29.0189 0 0 0
v 159.379 49.3658 29.0189 0 0 0
v 164.379 41.8657 24.0189 0 0 0
v 164.379 40.5659 29.0189 0 0 0
v 164.379 41.8657 24.0189 0 0 0
v 169.379 43.2157 24.0189 0 0 0
v 164.379 40.5659 29.0189 0 0 0
v 164.379 40.5659 29.0189 0 0 0
v 169.379 43.2157 24.0189 0 0 0
v 169.379 44.1657 29.0189 0 0 0
v 169.379 43.2157 24.0189 0 0 0
v 174.379 43.0659 24.0189 0 0 0
v 169.379 44.1657 29.0189 0 0 0
v 169.379 44.1657 29.0189 0 0 0
v 174.379 43.0659 24.0189 0 0 0
v 174.379 43.999 29.0189 0 0 0
v 174.379 43.0659 24.0189 0 0 0
v 179.379 44.1157 24.0189 0 0 0
v 174.379 43.999 29.0189 0 0 0
v 174.379 43.999 29.0189 0 0 0
v 179.379 44.1157 24.0189 0 0 0
v 179.379 44.1657 29.0189 0 0 0
v 179.379 44.1157 24.0189 0 0 0
v 184.379 46.8658 24.0189 0 0 0
v 179.379 44.1657 29.0189 0 0 0
v 179.379 44.1657 29.0189 0 0 0
v 184.379 46.8658 24.0189 0 0 0
v 184.379 46.5658 29.0189 0 0 0
v 184.379 46.8658 24.0189 0 0 0
v 189.379 49.6323 24.0189 0 0 0
v 184.379 46.5658 29.0189 0 0 0
v 184.379 46.5658 29.0189 0 0 0
v 189.379 49.6323 24.0189 0 0 0
v 189.379 50.8657 29.0189 0 0 0
v 189.379 49.6323 24.0189 0 0 0
v 194.379 51.5656 24.0189 0 0 0
v 189.379 50.8657 29.0189 0 0 0
v 189.379 50.8657 29.0189 0 0 0
v 194.379 51.5656 24.0189 0 0 0
v 194.379 52.0156 29.0189 0 0 0
v 194.379 51.5656 24.0189 0 0 0
v 199.379 53.4656 24.0189 0 0 0
v 194.379 52.0156 29.0189 0 0 0
v 194.379 52.0156 29.0189 0 0 0
v 199.379 53.4656 24.0189 0 0 0
v 199.379 52.5658 29.0189 0 0 0
v 199.379 53.4656 24.0189 0 0 0
v 204.379 56.3992 24.0189 0 0 0
v 199.379 52.5658 29.0189 0 0 0
v 199.379 52.5658 29.0189 0 0 0
v 204.379 56.3992 24.0189 0 0 0
v 204.379 54.9657 29.0189 0 0 0
v 204.379 56.3992 24.0189 0 0 0
v 209.379 58.199 24.0189 0 0 0
v 204.379 54.9657 29.0189 0 0 0
v 204.379 54.9657 29.0189 0 0 0
v 209.379 58.199 24.0189 0 0 0
v 209.379 57.5657 29.0189 0 0 0
v 209.379 58.199 24.0189 0 0 0
v 209.379 60.4656 19.0189 0 0 0
v 209.379 57.5657 29.0189 0 0 0
v 209.379 57.5657 29.0189 0 0 0
v 209.379 60.4656 19.0189 0 0 0
v 214.379 59.4657 29.0189 0 0 0
v -200.621 -54.8342 29.0189 0 0 0
v -195.621 -54.2843 29.0189 0 0 0
v -200.621 -55.0341 34.0189 0 0 0
v -200.621 -55.0341 34.0189 0 0 0
v -195.621 -54.2843 29.0189 0 0 0
v -195.621 -54.3342 34.0189 0 0 0
v -195.621 -54.2843 29.0189 0 0 0
v -190.621 -53.8343 29.0189 0 0 0
v -195.621 -54.3342 34.0189 0 0 0
v -195.621 -54.3342 34.0189 0 0 0
v -190.621 -53.8343 29.0189 0 0 0
v -190.621 -53.7344 34.0189 0 0 0
v -190.621 -53.8343 29.0189 0 0 0
v -185.621 -53.2343 29.0189 0 0 0
v -190.621 -53.7344 34.0189 0 0 0
v -190.621 -53.7344 34.0189 0 0 0
v -185.621 -53.2343 29.0189 0 0 0
v -190.621 -53.8343 29.0189 0 0 0
v -185.621 -53.2343 29.0189 0 0 0
v -180.621 -52.5676 29.0189 0 0 0
v -190.621 -53.8343 29.0189 0 0 0
v -190.621 -53.8343 29.0189 0 0 0
v -180.621 -52.5676 29.0189 0 0 0
v -185.621 -53.2343 29.0189 0 0 0
v -180.621 -52.5676 29.0189 0 0 0
v -175.621 -51.7342 29.0189 0 0 0
v -185.621 -53.2343 29.0189 0 0 0
v -185.621 -53.2343 29.0189 0 0 0
v -175.621 -51.7342 29.0189 0 0 0
v -175.621 -51.8842 34.0189 0 0 0
v -175.621 -51.7342 29.0189 0 0 0
v -170.621 -51.4343 29.0189 0 0 0
v -175.621 -51.8842 34.0189 0 0 0
v -175.621 -51.8842 34.0189 0 0 0
v -170.621 -51.4343 29.0189 0 0 0
v -170.621 -51.3342 34.0189 0 0 0
v -170.621 -51.4343 29.0189 0 0 0
v -165.621 -50.9843 29.0189 0 0 0
v -170.621 -51.3342 34.0189 0 0 0
v -170.621 -51.3342 34.0189 0 0 0
v -165.621 -50.9843 29.0189 0 0 0
v -165.621 -50.8343 34.0189 0 0 0
v -165.621 -50.9843 29.0189 0 0 0
v -165.621 -50.9344 24.0189 0 0 0
v -165.621 -50.8343 34.0189 0 0 0
v -165.621 -50.8343 34.0189 0 0 0
v -165.621 -50.9344 24.0189 0 0 0
v -160.621 -50.5843 34.0189 0 0 0
v -165.621 -50.9344 24.0189 0 0 0
v -155.621 -50.2343 29.0189 0 0 0
v -160.621 -50.5843 34.0189 0 0 0
v -160.621 -50.5843 34.0189 0 0 0
v -155.621 -50.2343 29.0189 0 0 0
v -155.621 -50.1342 34.0189 0 0 0
v -155.621 -50.2343 29.0189 0 0 0
v -150.621 -50.0341 29.0189 0 0 0
v -155.621 -50.1342 34.0189 0 0 0
v -155.621 -50.1342 34.0189 0 0 0
v -150.621 -50.0341 29.0189 0 0 0
v -150.621 -49.8342 34.0189 0 0 0
v -150.621 -50.0341 29.0189 0 0 0
v -145.621 -49.0342 29.0189 0 0 0
v -150.621 -49.8342 34.0189 0 0 0
v -150.621 -49.8342 34.0189 0 0 0
v -145.621 -49.0342 29.0189 0 0 0
v -145.621 -49.5342 34.0189 0 0 0
v -145.621 -49.0342 29.0189 0 0 0
v -140.621 -46.8343 29.0189 0 0 0
v -145.621 -49.5342 34.0189 0 0 0
v -145.621 -49.5342 34.0189 0 0 0
v -140.621 -46.8343 29.0189 0 0 0
v -145.621 -49.0342 29.0189 0 0 0
v -140.621 -46.8343 29.0189 0 0 0
v -135.621 -43.9343 29.0189 0 0 0
v -145.621 -49.0342 29.0189 0 0 0
v -145.621 -49.0342 29.0189 0 0 0
v -135.621 -43.9343 29.0189 0 0 0
v -140.621 -46.8343 29.0189 0 0 0
v -135.621 -43.9343 29.0189 0 0 0
v -130.621 -42.1343 29.0189 0 0 0
v -140.621 -46.8343 29.0189 0 0 0
v -140.621 -46.8343 29.0189 0 0 0
v -130.621 -42.1343 29.0189 0 0 0
v -130.621 -38.5342 34.0189 0 0 0
v -130.621 -42.1343 29.0189 0 0 0
v -125.621 -39.8342 29.0189 0 0 0
v -130.621 -38.5342 34.0189 0 0 0
v -130.621 -38.5342 34.0189 0 0 0
v -125.621 -39.8342 29.0189 0 0 0
v -125.621 -36.6341 34.0189 0 0 0
v -125.621 -39.8342 29.0189 0 0 0
v -120.621 -38.2342 29.0189 0 0 0
v -125.621 -36.6341 34.0189 0 0 0
v -125.621 -36.6341 34.0189 0 0 0
v -120.621 -38.2342 29.0189 0 0 0
v -120.621 -35.0341 34.0189 0 0 0
v -120.621 -38.2342 29.0189 0 0 0
v -115.621 -33.7675 29.0189 0 0 0
v -120.621 -35.0341 34.0189 0 0 0
v -120.621 -35.0341 34.0189 0 0 0
v -115.621 -33.7675 29.0189 0 0 0
v -115.621 -33.0343 34.0189 0 0 0
v -115.621 -33.7675 29.0189 0 0 0
v -110.621 -29.201 29.0189 0 0 0
v -115.621 -33.0343 34.0189 0 0 0
v -115.621 -33.0343 34.0189 0 0 0
v -110.621 -29.201 29.0189 0 0 0
v -115.621 -33.7675 29.0189 0 0 0
v -110.621 -29.201 29.0189 0 0 0
v -105.621 -26.0842 29.0189 0 0 0
v -115.621 -33.7675 29.0189 0 0 0
v -115.621 -33.7675 29.0189 0 0 0
v -105.621 -26.0842 29.0189 0 0 0
v -110.621 -29.201 29.0189 0 0 0
v -105.621 -26.0842 29.0189 0 0 0
v -100.621 -24.0342 29.0189 0 0 0
v -110.621 -29.201 29.0189 0 0 0
v -110.621 -29.201 29.0189 0 0 0
v -100.621 -24.0342 29.0189 0 0 0
v -100.621 -22.5341 34.0189 0 0 0
v -100.621 -24.0342 29.0189 0 0 0
v -95.6212 -18.7592 29.0189 0 0 0
v -100.621 -22.5341 34.0189 0 0 0
v -100.621 -22.5341 34.0189 0 0 0
v -95.6212 -18.7592 29.0189 0 0 0
v -95.6212 -18.6343 34.0189 0 0 0
v -95.6212 -18.7592 29.0189 0 0 0
v -90.6212 -15.7342 29.0189 0 0 0
v -95.6212 -18.6343 34.0189 0 0 0
v -95.6212 -18.6343 34.0189 0 0 0
v -90.6212 -15.7342 29.0189 0 0 0
v -90.6212 -15.9843 34.0189 0 0 0
v -90.6212 -15.7342 29.0189 0 0 0
v -85.6212 -15.4842 29.0189 0 0 0
v -90.6212 -15.9843 34.0189 0 0 0
v -90.6212 -15.9843 34.0189 0 0 0
v -85.6212 -15.4842 29.0189 0 0 0
v -85.6212 -15.9843 34.0189 0 0 0
v -85.6212 -15.4842 29.0189 0 0 0
v -80.6212 -14.9343 29.0189 0 0 0
v -85.6212 -15.9843 34.0189 0 0 0
v -85.6212 -15.9843 34.0189 0 0 0
v -80.6212 -14.9343 29.0189 0 0 0
v -80.6212 -14.8843 34.0189 0 0 0
v -80.6212 -14.9343 29.0189 0 0 0
v -75.6212 -15.0341 29.0189 0 0 0
v -80.6212 -14.8843 34.0189 0 0 0
v -80.6212 -14.8843 34.0189 0 0 0
v -75.6212 -15.0341 29.0189 0 0 0
v -75.6212 -14.8342 34.0189 0 0 0
v -75.6212 -15.0341 29.0189 0 0 0
v -70.6212 -14.9842 29.0189 0 0 0
v -75.6212 -14.8342 34.0189 0 0 0
v -75.6212 -14.8342 34.0189 0 0 0
v -70.6212 -14.9842 29.0189 0 0 0
v -75.6212 -15.0341 29.0189 0 0 0
v -70.6212 -14.9842 29.0189 0 0 0
v -65.6212 -15.0341 29.0189 0 0 0
v -75.6212 -15.0341 29.0189 0 0 0
v -75.6212 -15.0341 29.0189 0 0 0
v -65.6212 -15.0341 29.0189 0 0 0
v -65.6212 -14.9343 34.0189 0 0 0
v -65.6212 -15.0341 29.0189 0 0 0
v -60.6212 -15.2844 29.0189 0 0 0
v -65.6212 -14.9343 34.0189 0 0 0
v -65.6212 -14.9343 34.0189 0 0 0
v -60.6212 -15.2844 29.0189 0 0 0
v -60.6212 -15.1342 34.0189 0 0 0
v -60.6212 -15.2844 29.0189 0 0 0
v -55.6212 -15.2343 29.0189 0 0 0
v -60.6212 -15.1342 34.0189 0 0 0
v -60.6212 -15.1342 34.0189 0 0 0
v -55.6212 -15.2343 29.0189 0 0 0
v -55.6212 -14.7842 34.0189 0 0 0
v -55.6212 -15.2343 29.0189 0 0 0
v -55.6212 -15.2844 24.0189 0 0 0
v -55.6212 -14.7842 34.0189 0 0 0
v -55.6212 -14.7842 34.0189 0 0 0
v -55.6212 -15.2844 24.0189 0 0 0
v -55.6212 -15.2343 29.0189 0 0 0
v -55.6212 -15.2844 24.0189 0 0 0
v -45.6212 17.8158 29.0189 0 0 0
v -55.6212 -15.2343 29.0189 0 0 0
v -55.6212 -15.2343 29.0189 0 0 0
v -45.6212 17.8158 29.0189 0 0 0
v -45.6212 15.9656 34.0189 0 0 0
v -45.6212 17.8158 29.0189 0 0 0
v -40.6212 12.7659 29.0189 0 0 0
v -45.6212 15.9656 34.0189 0 0 0
v -45.6212 15.9656 34.0189 0 0 0
v -40.6212 12.7659 29.0189 0 0 0
v -40.6212 12.6658 34.0189 0 0 0
v -40.6212 12.7659 29.0189 0 0 0
v -35.6212 12.8158 29.0189 0 0 0
v -40.6212 12.6658 34.0189 0 0 0
v -40.6212 12.6658 34.0189 0 0 0
v -35.6212 12.8158 29.0189 0 0 0
v -35.6212 12.7158 34.0189 0 0 0
v -35.6212 12.8158 29.0189 0 0 0
v -30.6212 12.8657 29.0189 0 0 0
v -35.6212 12.7158 34.0189 0 0 0
v -35.6212 12.7158 34.0189 0 0 0
v -30.6212 12.8657 29.0189 0 0 0
v -30.6212 12.7659 34.0189 0 0 0
v -30.6212 12.8657 29.0189 0 0 0
v -25.6212 12.8657 29.0189 0 0 0
v -30.6212 12.7659 34.0189 0 0 0
v -30.6212 12.7659 34.0189 0 0 0
v -25.6212 12.8657 29.0189 0 0 0
v -25.6212 12.7659 34.0189 0 0 0
v -25.6212 12.8657 29.0189 0 0 0
v -20.6212 12.9158 29.0189 0 0 0
v -25.6212 12.7659 34.0189 0 0 0
v -25.6212 12.7659 34.0189 0 0 0
v -20.6212 12.9158 29.0189 0 0 0
v -25.6212 12.8657 29.0189 0 0 0
v -20.6212 12.9158 29.0189 0 0 0
v -15.6212 12.7659 29.0189 0 0 0
v -25.6212 12.8657 29.0189 0 0 0
v -25.6212 12.8657 29.0189 0 0 0
v -15.6212 12.7659 29.0189 0 0 0
v -15.6212 12.9658 34.0189 0 0 0
v -15.6212 12.7659 29.0189 0 0 0
v -10.6212 12.9658 29.0189 0 0 0
v -15.6212 12.9658 34.0189 0 0 0
v -15.6212 12.9658 34.0189 0 0 0
v -10.6212 12.9658 29.0189 0 0 0
v -10.6212 13.0659 34.0189 0 0 0
v -10.6212 12.9658 29.0189 0 0 0
v -5.62122 12.9658 29.0189 0 0 0
v -10.6212 13.0659 34.0189 0 0 0
v -10.6212 13.0659 34.0189 0 0 0
v -5.62122 12.9658 29.0189 0 0 0
v -5.62122 12.9658 34.0189 0 0 0
v -5.62122 12.9658 29.0189 0 0 0
v -0.621216 13.0657 29.0189 0 0 0
v -5.62122 12.9658 34.0189 0 0 0
v -5.62122 12.9658 34.0189 0 0 0
v -0.621216 13.0657 29.0189 0 0 0
v -0.621216 14.3656 34.0189 0 0 0
v -0.621216 13.0657 29.0189 0 0 0
v 4.37878 13.3659 29.0189 0 0 0
v -0.621216 14.3656 34.0189 0 0 0
v -0.621216 14.3656 34.0189 0 0 0
v 4.37878 13.3659 29.0189 0 0 0
v -0.621216 13.0657 29.0189 0 0 0
v 4.37878 13.3659 29.0189 0 0 0
v 9.37878 13.6657 29.0189 0 0 0
v -0.621216 13.0657 29.0189 0 0 0
v -0.621216 13.0657 29.0189 0 0 0
v 9.37878 13.6657 29.0189 0 0 0
v 4.37878 13.3659 29.0189 0 0 0
v 9.37878 13.6657 29.0189 0 0 0
v 14.3788 12.9658 29.0189 0 0 0
v 4.37878 13.3659 29.0189 0 0 0
v 4.37878 13.3659 29.0189 0 0 0
v 14.3788 12.9658 29.0189 0 0 0
v 14.3788 13.3657 34.0189 0 0 0
v 14.3788 12.9658 29.0189 0 0 0
v 19.3788 12.8657 29.0189 0 0 0
v 14.3788 13.3657 34.0189 0 0 0
v 14.3788 13.3657 34.0189 0 0 0
v 19.3788 12.8657 29.0189 0 0 0
v 19.3788 13.0659 34.0189 0 0 0
v 19.3788 12.8657 29.0189 0 0 0
v 24.3788 12.8657 29.0189 0 0 0
v 19.3788 13.0659 34.0189 0 0 0
v 19.3788 13.0659 34.0189 0 0 0
v 24.3788 12.8657 29.0189 0 0 0
v 24.3788 12.8657 34.0189 0 0 0
v 24.3788 12.8657 29.0189 0 0 0
v 29.3788 12.6658 29.0189 0 0 0
v 24.3788 12.8657 34.0189 0 0 0
v 24.3788 12.8657 34.0189 0 0 0
v 29.3788 12.6658 29.0189 0 0 0
v 24.3788 12.8657 29.0189 0 0 0
v 29.3788 12.6658 29.0189 0 0 0
v 34.3788 11.4658 29.0189 0 0 0
v 24.3788 12.8657 29.0189 0 0 0
v 24.3788 12.8657 29.0189 0 0 0
v 34.3788 11.4658 29.0189 0 0 0
v 34.3788 36.3657 34.0189 0 0 0
v 34.3788 11.4658 29.0189 0 0 0
v 34.3788 3.59901 24.0189 0 0 0
v 34.3788 36.3657 34.0189 0 0 0
v 34.3788 36.3657 34.0189 0 0 0
v 34.3788 3.59901 24.0189 0 0 0
v 39.3788 36.9659 34.0189 0 0 0
v 34.3788 3.59901 24.0189 0 0 0
v 44.3788 36.4158 29.0189 0 0 0
v 39.3788 36.9659 34.0189 0 0 0
v 39.3788 36.9659 34.0189 0 0 0
v 44.3788 36.4158 29.0189 0 0 0
v 44.3788 38.6658 34.0189 0 0 0
v 44.3788 36.4158 29.0189 0 0 0
v 49.3788 38.0659 29.0189 0 0 0
v 44.3788 38.6658 34.0189 0 0 0
v 44.3788 38.6658 34.0189 0 0 0
v 49.3788 38.0659 29.0189 0 0 0
v 44.3788 36.4158 29.0189 0 0 0
v 49.3788 38.0659 29.0189 0 0 0
v 54.3788 37.3658 29.0189 0 0 0
v 44.3788 36.4158 29.0189 0 0 0
v 44.3788 36.4158 29.0189 0 0 0
v 54.3788 37.3658 29.0189 0 0 0
v 49.3788 38.0659 29.0189 0 0 0
v 54.3788 37.3658 29.0189 0 0 0
v 59.3788 36.3657 29.0189 0 0 0
v 49.3788 38.0659 29.0189 0 0 0
v 49.3788 38.0659 29.0189 0 0 0
v 59.3788 36.3657 29.0189 0 0 0
v 59.3788 39.3656 34.0189 0 0 0
v 59.3788 36.3657 29.0189 0 0 0
v 64.3788 18.3158 29.0189 0 0 0
v 59.3788 39.3656 34.0189 0 0 0
v 59.3788 39.3656 34.0189 0 0 0
v 64.3788 18.3158 29.0189 0 0 0
v 64.3788 40.1658 34.0189 0 0 0
v 64.3788 18.3158 29.0189 0 0 0
v 69.3788 10.6158 29.0189 0 0 0
v 64.3788 40.1658 34.0189 0 0 0
v 64.3788 40.1658 34.0189 0 0 0
v 69.3788 10.6158 29.0189 0 0 0
v 64.3788 18.3158 29.0189 0 0 0
v 69.3788 10.6158 29.0189 0 0 0
v 74.3788 11.1991 29.0189 0 0 0
v 64.3788 18.3158 29.0189 0 0 0
v 64.3788 18.3158 29.0189 0 0 0
v 74.3788 11.1991 29.0189 0 0 0
v 74.3788 14.1659 34.0189 0 0 0
v 74.3788 11.1991 29.0189 0 0 0
v 79.3788 9.46571 29.0189 0 0 0
v 74.3788 14.1659 34.0189 0 0 0
v 74.3788 14.1659 34.0189 0 0 0
v 79.3788 9.46571 29.0189 0 0 0
v 79.3788 8.66584 34.0189 0 0 0
v 79.3788 9.46571 29.0189 0 0 0
v 84.3788 8.96583 29.0189 0 0 0
v 79.3788 8.66584 34.0189 0 0 0
v 79.3788 8.66584 34.0189 0 0 0
v 84.3788 8.96583 29.0189 0 0 0
v 84.3788 9.56581 34.0189 0 0 0
v 84.3788 8.96583 29.0189 0 0 0
v 89.3788 33.8991 29.0189 0 0 0
v 84.3788 9.56581 34.0189 0 0 0
v 84.3788 9.56581 34.0189 0 0 0
v 89.3788 33.8991 29.0189 0 0 0
v 89.3788 11.3657 34.0189 0 0 0
v 89.3788 33.8991 29.0189 0 0 0
v 94.3788 45.9857 29.0189 0 0 0
v 89.3788 11.3657 34.0189 0 0 0
v 89.3788 11.3657 34.0189 0 0 0
v 94.3788 45.9857 29.0189 0 0 0
v 94.3788 46.1657 34.0189 0 0 0
v 94.3788 45.9857 29.0189 0 0 0
v 99.3788 41.4371 29.0189 0 0 0
v 94.3788 46.1657 34.0189 0 0 0
v 94.3788 46.1657 34.0189 0 0 0
v 99.3788 41.4371 29.0189 0 0 0
v 94.3788 45.9857 29.0189 0 0 0
v 99.3788 41.4371 29.0189 0 0 0
v 104.379 60.3407 29.0189 0 0 0
v 94.3788 45.9857 29.0189 0 0 0
v 94.3788 45.9857 29.0189 0 0 0
v 104.379 60.3407 29.0189 0 0 0
v 104.379 51.9157 34.0189 0 0 0
v 104.379 60.3407 29.0189 0 0 0
v 109.379 47.8908 29.0189 0 0 0
v 104.379 51.9157 34.0189 0 0 0
v 104.379 51.9157 34.0189 0 0 0
v 109.379 47.8908 29.0189 0 0 0
v 109.379 38.5325 34.0189 0 0 0
v 109.379 47.8908 29.0189 0 0 0
v 114.379 52.2824 29.0189 0 0 0
v 109.379 38.5325 34.0189 0 0 0
v 109.379 38.5325 34.0189 0 0 0
v 114.379 52.2824 29.0189 0 0 0
v 114.379 37.9656 34.0189 0 0 0
v 114.379 52.2824 29.0189 0 0 0
v 119.379 46.4325 29.0189 0 0 0
v 114.379 37.9656 34.0189 0 0 0
v 114.379 37.9656 34.0189 0 0 0
v 119.379 46.4325 29.0189 0 0 0
v 119.379 100.566 34.0189 0 0 0
v 119.379 46.4325 29.0189 0 0 0
v 124.379 95.1658 29.0189 0 0 0
v 119.379 100.566 34.0189 0 0 0
v 119.379 100.566 34.0189 0 0 0
v 124.379 95.1658 29.0189 0 0 0
v 119.379 46.4325 29.0189 0 0 0
v 124.379 95.1658 29.0189 0 0 0
v 129.379 64.6157 29.0189 0 0 0
v 119.379 46.4325 29.0189 0 0 0
v 119.379 46.4325 29.0189 0 0 0
v 129.379 64.6157 29.0189 0 0 0
v 129.379 23.4656 34.0189 0 0 0
v 129.379 64.6157 29.0189 0 0 0
v 134.379 109.366 29.0189 0 0 0
v 129.379 23.4656 34.0189 0 0 0
v 129.379 23.4656 34.0189 0 0 0
v 134.379 109.366 29.0189 0 0 0
v 134.379 43.3658 34.0189 0 0 0
v 134.379 109.366 29.0189 0 0 0
v 139.379 92.2157 29.0189 0 0 0
v 134.379 43.3658 34.0189 0 0 0
v 134.379 43.3658 34.0189 0 0 0
v 139.379 92.2157 29.0189 0 0 0
v 139.379 67.9658 34.0189 0 0 0
v 139.379 92.2157 29.0189 0 0 0
v 144.379 74.4992 29.0189 0 0 0
v 139.379 67.9658 34.0189 0 0 0
v 139.379 67.9658 34.0189 0 0 0
v 144.379 74.4992 29.0189 0 0 0
v 144.379 64.2658 34.0189 0 0 0
v 144.379 74.4992 29.0189 0 0 0
v 149.379 61.6157 29.0189 0 0 0
v 144.379 64.2658 34.0189 0 0 0
v 144.379 64.2658 34.0189 0 0 0
v 149.379 61.6157 29.0189 0 0 0
v 149.379 34.9157 34.0189 0 0 0
v 149.379 61.6157 29.0189 0 0 0
v 154.379 52.4158 29.0189 0 0 0
v 149.379 34.9157 34.0189 0 0 0
v 149.379 34.9157 34.0189 0 0 0
v 154.379 52.4158 29.0189 0 0 0
v 154.379 36.9657 34.0189 0 0 0
v 154.379 52.4158 29.0189 0 0 0
v 159.379 49.3658 29.0189 0 0 0
v 154.379 36.9657 34.0189 0 0 0
v 154.379 36.9657 34.0189 0 0 0
v 159.379 49.3658 29.0189 0 0 0
v 159.379 38.5657 34.0189 0 0 0
v 159.379 49.3658 29.0189 0 0 0
v 164.379 40.5659 29.0189 0 0 0
v 159.379 38.5657 34.0189 0 0 0
v 159.379 38.5657 34.0189 0 0 0
v 164.379 40.5659 29.0189 0 0 0
v 159.379 49.3658 29.0189 0 0 0
v 164.379 40.5659 29.0189 0 0 0
v 169.379 44.1657 29.0189 0 0 0
v 159.379 49.3658 29.0189 0 0 0
v 159.379 49.3658 29.0189 0 0 0
v 169.379 44.1657 29.0189 0 0 0
v 164.379 40.5659 29.0189 0 0 0
v 169.379 44.1657 29.0189 0 0 0
v 174.379 43.999 29.0189 0 0 0
v 164.379 40.5659 29.0189 0 0 0
v 164.379 40.5659 29.0189 0 0 0
v 174.379 43.999 29.0189 0 0 0
v 169.379 44.1657 29.0189 0 0 0
v 174.379 43.999 29.0189 0 0 0
v 179.379 44.1657 29.0189 0 0 0
v 169.379 44.1657 29.0189 0 0 0
v 169.379 44.1657 29.0189 0 0 0
v 179.379 44.1657 29.0189 0 0 0
v 179.379 45.0657 34.0189 0 0 0
v 179.379 44.1657 29.0189 0 0 0
v 184.379 46.5658 29.0189 0 0 0
v 179.379 45.0657 34.0189 0 0 0
v 179.379 45.0657 34.0189 0 0 0
v 184.379 46.5658 29.0189 0 0 0
v 184.379 46.3657 34.0189 0 0 0
v 184.379 46.5658 29.0189 0 0 0
v 189.379 50.8657 29.0189 0 0 0
v 184.379 46.3657 34.0189 0 0 0
v 184.379 46.3657 34.0189 0 0 0
v 189.379 50.8657 29.0189 0 0 0
v 189.379 46.4658 34.0189 0 0 0
v 189.379 50.8657 29.0189 0 0 0
v 194.379 52.0156 29.0189 0 0 0
v 189.379 46.4658 34.0189 0 0 0
v 189.379 46.4658 34.0189 0 0 0
v 194.379 52.0156 29.0189 0 0 0
v 194.379 49.7657 34.0189 0 0 0
v 194.379 52.0156 29.0189 0 0 0
v 199.379 52.5658 29.0189 0 0 0
v 194.379 49.7657 34.0189 0 0 0
v 194.379 49.7657 34.0189 0 0 0
v 199.379 52.5658 29.0189 0 0 0
v 199.379 52.8657 34.0189 0 0 0
v 199.379 52.5658 29.0189 0 0 0
v 204.379 54.9657 29.0189 0 0 0
v 199.379 52.8657 34.0189 0 0 0
v 199.379 52.8657 34.0189 0 0 0
v 204.379 54.9657 29.0189 0 0 0
v 204.379 54.1657 34.0189 0 0 0
v 204.379 54.9657 29.0189 0 0 0
v 209.379 57.5657 29.0189 0 0 0
v 204.379 54.1657 34.0189 0 0 0
v 204.379 54.1657 34.0189 0 0 0
v 209.379 57.5657 29.0189 0 0 0
v 209.379 57.5657 34.0189 0 0 0
v 209.379 57.5657 29.0189 0 0 0
v 214.379 59.4657 29.0189 0 0 0
v 209.379 57.5657 34.0189 0 0 0
v 209.379 57.5657 34.0189 0 0 0
v 214.379 59.4657 29.0189 0 0 0
v 209.379 57.5657 29.0189 0 0 0
vt 0 0
vt 0.0120482 0
vt 0 0.0625
vt 0 0.0625
vt 0.0120482 0
vt 0.0120482 0.0625
vt 0.0120482 0
vt 0.0240964 0
vt 0.0120482 0.0625
vt 0.0120482 0.0625
vt 0.0240964 0
vt 0.0240964 0.0625
vt 0.0240964 0
vt 0.0361446 0
vt 0.0240964 0.0625
vt 0.0240964 0.0625
vt 0.0361446 0
vt 0.0361446 0.0625
vt 0.0361446 0
vt 0.0481928 0
vt 0.0361446 0.0625
vt 0.0361446 0.0625
vt 0.0481928 0
vt 0.0481928 0.0625
vt 0.0481928 0
vt 0.060241 0
vt 0.0481928 0.0625
vt 0.0481928 0.0625
vt 0.060241 0
vt 0.060241 0.0625
vt 0.060241 0
vt 0.0722892 0
vt 0.060241 0.0625
vt 0.060241 0.0625
vt 0.0722892 0
vt 0.0722892 0.0625
vt 0.0722892 0
vt 0.0843373 0
vt 0.0722892 0.0625
vt 0.0722892 0.0625
vt 0.0843373 0
vt 0.0843373 0.0625
vt 0.0843373 0
vt 0.0963855 0
vt 0.0843373 0.0625
vt 0.0843373 0.0625
vt 0.0963855 0
vt 0.0963855 0.0625
vt 0.0963855 0
vt 0.108434 0
vt 0.0963855 0.0625
vt 0.0963855 0.0625
vt 0.108434 0
vt 0.108434 0.0625
vt 0.108434 0
vt 0.120482 0
vt 0.108434 0.0625
vt 0.108434 0.0625
vt 0.120482 0
vt 0.120482 0.0625
vt 0.120482 0
vt 0.13253 0
vt 0.120482 0.0625
vt 0.120482 0.0625
vt 0.13253 0
vt 0.13253 0.0625
vt 0.13253 0
vt 0.144578 0
vt 0.13253 0.0625
vt 0.13253 0.0625
vt 0.144578 0
vt 0.144578 0.0625
vt 0.144578 0
vt 0.156627 0
vt 0.144578 0.0625
vt 0.144578 0.0625
vt 0.156627 0
vt 0.156627 0.0625
vt 0.156627 0
vt 0.168675 0
vt 0.156627 0.0625
vt 0.156627 0.0625
vt 0.168675 0
vt 0.168675 0.0625
vt 0.168675 0
vt 0.180723 0
vt 0.168675 0.0625
vt 0.168675 0.0625
vt 0.180723 0
vt 0.180723 0.0625
vt 0.180723 0
vt 0.192771 0
vt 0.180723 0.0625
vt 0.180723 0.0625
vt 0.192771 0
vt 0.192771 0.0625
vt 0.192771 0
vt 0.204819 0
vt 0.192771 0.0625
vt 0.192771 0.0625
vt 0.204819 0
vt 0.204819 0.0625
vt 0.204819 0
vt 0.216867 0
vt 0.204819 0.0625
vt 0.204819 0.0625
vt 0.216867 0
vt 0.216867 0.0625
vt 0.216867 0
vt 0.228916 0
vt 0.216867 0.0625
vt 0.216867 0.0625
vt 0.228916 0
vt 0.228916 0.0625
vt 0.228916 0
vt 0.240964 0
vt 0.228916 0.0625
vt 0.228916 0.0625
vt 0.240964 0
vt 0.240964 0.0625
vt 0.240964 0
vt 0.253012 0
vt 0.240964 0.0625
vt 0.240964 0.0625
vt 0.253012 0
vt 0.253012 0.0625
vt 0.253012 0
vt 0.26506 0
vt 0.253012 0.0625
vt 0.253012 0.0625
vt 0.26506 0
vt 0.26506 0.0625
vt 0.26506 0
vt 0.277108 0
vt 0.26506 0.0625
vt 0.26506 0.0625
vt 0.277108 0
vt 0.277108 0.0625
vt 0.277108 0
vt 0.289157 0
vt 0.277108 0.0625
vt 0.277108 0.0625
vt 0.289157 0
vt 0.289157 0.0625
vt 0.289157 0
vt 0.301205 0
vt 0.289157 0.0625
vt 0.289157 0.0625
vt 0.301205 0
vt 0.301205 0.0625
vt 0.301205 0
vt 0.313253 0
vt 0.301205 0.0625
vt 0.301205 0.0625
vt 0.313253 0
vt 0.313253 0.0625
vt 0.313253 0
vt 0.325301 0
vt 0.313253 0.0625
vt 0.313253 0.0625
vt 0.325301 0
vt 0.325301 0.0625
vt 0.325301 0
vt 0.337349 0
vt 0.325301 0.0625
vt 0.325301 0.0625
vt 0.337349 0
vt 0.337349 0.0625
vt 0.337349 0
vt 0.349398 0
vt 0.337349 0.0625
vt 0.337349 0.0625
vt 0.349398 0
vt 0.349398 0.0625
vt 0.349398 0
vt 0.361446 0
vt 0.349398 0.0625
vt 0.349398 0.0625
vt 0.361446 0
vt 0.361446 0.0625
vt 0.361446 0
vt 0.373494 0
vt 0.361446 0.0625
vt 0.361446 0.0625
vt 0.373494 0
vt 0.373494 0.0625
vt 0.373494 0
vt 0.385542 0
vt 0.373494 0.0625
vt 0.373494 0.0625
vt 0.385542 0
vt 0.385542 0.0625
vt 0.385542 0
vt 0.39759 0
vt 0.385542 0.0625
vt 0.385542 0.0625
vt 0.39759 0
vt 0.39759 0.0625
vt 0.39759 0
vt 0.409639 0
vt 0.39759 0.0625
vt 0.39759 0.0625
vt 0.409639 0
vt 0.409639 0.0625
vt 0.409639 0
vt 0.421687 0
vt 0.409639 0.0625
vt 0.409639 0.0625
vt 0.421687 0
vt 0.421687 0.0625
vt 0.421687 0
vt 0.433735 0
vt 0.421687 0.0625
vt 0.421687 0.0625
vt 0.433735 0
vt 0.433735 0.0625
vt 0.433735 0
vt 0.445783 0
vt 0.433735 0.0625
vt 0.433735 0.0625
vt 0.445783 0
vt 0.445783 0.0625
vt 0.445783 0
vt 0.457831 0
vt 0.445783 0.0625
vt 0.445783 0.0625
vt 0.457831 0
vt 0.457831 0.0625
vt 0.457831 0
vt 0.46988 0
vt 0.457831 0.0625
vt 0.457831 0.0625
vt 0.46988 0
vt 0.46988 0.0625
vt 0.46988 0
vt 0.481928 0
vt 0.46988 0.0625
vt 0.46988 0.0625
vt 0.481928 0
vt 0.481928 0.0625
vt 0.481928 0
vt 0.493976 0
vt 0.481928 0.0625
vt 0.481928 0.0625
vt 0.493976 0
vt 0.493976 0.0625
vt 0.493976 0
vt 0.506024 0
vt 0.493976 0.0625
vt 0.493976 0.0625
vt 0.506024 0
vt 0.506024 0.0625
vt 0.506024 0
vt 0.518072 0
vt 0.506024 0.0625
vt 0.506024 0.0625
vt 0.518072 0
vt 0.518072 0.0625
vt 0.518072 0
vt 0.53012 0
vt 0.518072 0.0625
vt 0.518072 0.0625
vt 0.53012 0
vt 0.53012 0.0625
vt 0.53012 0
vt 0.542169 0
vt 0.53012 0.0625
vt 0.53012 0.0625
vt 0.542169 0
vt 0.542169 0.0625
vt 0.542169 0
vt 0.554217 0
vt 0.542169 0.0625
vt 0.542169 0.0625
vt 0.554217 0
vt 0.554217 0.0625
vt 0.554217 0
vt 0.566265 0
vt 0.554217 0.0625
vt 0.554217 0.0625
vt 0.566265 0
vt 0.566265 0.0625
vt 0.566265 0
vt 0.578313 0
vt 0.566265 0.0625
vt 0.566265 0.0625
vt 0.578313 0
vt 0.578313 0.0625
vt 0.578313 0
vt 0.590361 0
vt 0.578313 0.0625
vt 0.578313 0.0625
vt 0.590361 0
vt 0.590361 0.0625
vt 0.590361 0
vt 0.60241 0
vt 0.590361 0.0625
vt 0.590361 0.0625
vt 0.60241 0
vt 0.60241 0.0625
vt 0.60241 0
vt 0.614458 0
vt 0.60241 0.0625
vt 0.60241 0.0625
vt 0.614458 0
vt 0.614458 0.0625
vt 0.614458 0
vt 0.626506 0
vt 0.614458 0.0625
vt 0.614458 0.0625
vt 0.626506 0
vt 0.626506 0.0625
vt 0.626506 0
vt 0.638554 0
vt 0.626506 0.0625
vt 0.626506 0.0625
vt 0.638554 0
vt 0.638554 0.0625
vt 0.638554 0
vt 0.650602 0
vt 0.638554 0.0625
vt 0.638554 0.0625
vt 0.650602 0
vt 0.650602 0.0625
vt 0.650602 0
vt 0.662651 0
vt 0.650602 0.0625
vt 0.650602 0.0625
vt 0.662651 0
vt 0.662651 0.0625
vt 0.662651 0
vt 0.674699 0
vt 0.662651 0.0625
vt 0.662651 0.0625
vt 0.674699 0
vt 0.674699 0.0625
vt 0.674699 0
vt 0.686747 0
vt 0.674699 0.0625
vt 0.674699 0.0625
vt 0.686747 0
vt 0.686747 0.0625
vt 0.686747 0
vt 0.698795 0
vt 0.686747 0.0625
vt 0.686747 0.0625
vt 0.698795 0
vt 0.698795 0.0625
vt 0.698795 0
vt 0.710843 0
vt 0.698795 0.0625
vt 0.698795 0.0625
vt 0.710843 0
vt 0.710843 0.0625
vt 0.710843 0
vt 0.722892 0
vt 0.710843 0.0625
vt 0.710843 0.0625
vt 0.722892 0
vt 0.722892 0.0625
vt 0.722892 0
vt 0.73494 0
vt 0.722892 0.0625
vt 0.722892 0.0625
vt 0.73494 0
vt 0.73494 0.0625
vt 0.73494 0
vt 0.746988 0
vt 0.73494 0.0625
vt 0.73494 0.0625
vt 0.746988 0
vt 0.746988 0.0625
vt 0.746988 0
vt 0.759036 0
vt 0.746988 0.0625
vt 0.746988 0.0625
vt 0.759036 0
vt 0.759036 0.0625
vt 0.759036 0
vt 0.771084 0
vt 0.759036 0.0625
vt 0.759036 0.0625
vt 0.771084 0
vt 0.771084 0.0625
vt 0.771084 0
vt 0.783133 0
vt 0.771084 0.0625
vt 0.771084 0.0625
vt 0.783133 0
vt 0.783133 0.0625
vt 0.783133 0
vt 0.795181 0
vt 0.783133 0.0625
vt 0.783133 0.0625
vt 0.795181 0
vt 0.795181 0.0625
vt 0.795181 0
vt 0.807229 0
vt 0.795181 0.0625
vt 0.795181 0.0625
vt 0.807229 0
vt 0.807229 0.0625
vt 0.807229 0
vt 0.819277 0
vt 0.807229 0.0625
vt 0.807229 0.0625
vt 0.819277 0
vt 0.819277 0.0625
vt 0.819277 0
vt 0.831325 0
vt 0.819277 0.0625
vt 0.819277 0.0625
vt 0.831325 0
vt 0.831325 0.0625
vt 0.831325 0
vt 0.843373 0
vt 0.831325 0.0625
vt 0.831325 0.0625
vt 0.843373 0
vt 0.843373 0.0625
vt 0.843373 0
vt 0.855422 0
vt 0.843373 0.0625
vt 0.843373 0.0625
vt 0.855422 0
vt 0.855422 0.0625
vt 0.855422 0
vt 0.86747 0
vt 0.855422 0.0625
vt 0.855422 0.0625
vt 0.86747 0
vt 0.86747 0.0625
vt 0.86747 0
vt 0.879518 0
vt 0.86747 0.0625
vt 0.86747 0.0625
vt 0.879518 0
vt 0.879518 0.0625
vt 0.879518 0
vt 0.891566 0
vt 0.879518 0.0625
vt 0.879518 0.0625
vt 0.891566 0
vt 0.891566 0.0625
vt 0.891566 0
vt 0.903614 0
vt 0.891566 0.0625
vt 0.891566 0.0625
vt 0.903614 0
vt 0.903614 0.0625
vt 0.903614 0
vt 0.915663 0
vt 0.903614 0.0625
vt 0.903614 0.0625
vt 0.915663 0
vt 0.915663 0.0625
vt 0.915663 0
vt 0.927711 0
vt 0.915663 0.0625
vt 0.915663 0.0625
vt 0.927711 0
vt 0.927711 0.0625
vt 0.927711 0
vt 0.939759 0
vt 0.927711 0.0625
vt 0.927711 0.0625
vt 0.939759 0
vt 0.939759 0.0625
vt 0.939759 0
vt 0.951807 0
vt 0.939759 0.0625
vt 0.939759 0.0625
vt 0.951807 0
vt 0.951807 0.0625
vt 0.951807 0
vt 0.963855 0
vt 0.951807 0.0625
vt 0.951807 0.0625
vt 0.963855 0
vt 0.963855 0.0625
vt 0.963855 0
vt 0.975904 0
vt 0.963855 0.0625
vt 0.963855 0.0625
vt 0.975904 0
vt 0.975904 0.0625
vt 0.975904 0
vt 0.987952 0
vt 0.975904 0.0625
vt 0.975904 0.0625
vt 0.987952 0
vt 0.987952 0.0625
vt 0.987952 0
vt 1 0
vt 0.987952 0.0625
vt 0.987952 0.0625
vt 1 0
vt 1 0.0625
vt 0 0.0625
vt 0.0120482 0.0625
vt 0 0.125
vt 0 0.125
vt 0.0120482 0.0625
vt 0.0120482 0.125
vt 0.0120482 0.0625
vt 0.0240964 0.0625
vt 0.0120482 0.125
vt 0.0120482 0.125
vt 0.0240964 0.0625
vt 0.0240964 0.125
vt 0.0240964 0.0625
vt 0.0361446 0.0625
vt 0.0240964 0.125
vt 0.0240964 0.125
vt 0.0361446 0.0625
vt 0.0361446 0.125
vt 0.0361446 0.0625
vt 0.0481928 0.0625
vt 0.0361446 0.125
vt 0.0361446 0.125
vt 0.0481928 0.0625
vt 0.0481928 0.125
vt 0.0481928 0.0625
vt 0.060241 0.0625
vt 0.0481928 0.125
vt 0.0481928 0.125
vt 0.060241 0.0625
vt 0.060241 0.125
vt 0.060241 0.0625
vt 0.0722892 0.0625
vt 0.060241 0.125
vt 0.060241 0.125
vt 0.0722892 0.0625
vt 0.0722892 0.125
vt 0.0722892 0.0625
vt 0.0843373 0.0625
vt 0.0722892 0.125
vt 0.0722892 0.125
vt 0.0843373 0.0625
vt 0.0843373 0.125
vt 0.0843373 0.0625
vt 0.0963855 0.0625
vt 0.0843373 0.125
vt 0.0843373 0.125
vt 0.0963855 0.0625
vt 0.0963855 0.125
vt 0.0963855 0.0625
vt 0.108434 0.0625
vt 0.0963855 0.125
vt 0.0963855 0.125
vt 0.108434 0.0625
vt 0.108434 0.125
vt 0.108434 0.0625
vt 0.120482 0.0625
vt 0.108434 0.125
vt 0.108434 0.125
vt 0.120482 0.0625
vt 0.120482 0.125
vt 0.120482 0.0625
vt 0.13253 0.0625
vt 0.120482 0.125
vt 0.120482 0.125
vt 0.13253 0.0625
vt 0.13253 0.125
vt 0.13253 0.0625
vt 0.144578 0.0625
vt 0.13253 0.125
vt 0.13253 0.125
vt 0.144578 0.0625
vt 0.144578 0.125
vt 0.144578 0.0625
vt 0.156627 0.0625
vt 0.144578 0.125
vt 0.144578 0.125
vt 0.156627 0.0625
vt 0.156627 0.125
vt 0.156627 0.0625
vt 0.168675 0.0625
vt 0.156627 0.125
vt 0.156627 0.125
vt 0.168675 0.0625
vt 0.168675 0.125
vt 0.168675 0.0625
vt 0.180723 0.0625
vt 0.168675 0.125
vt 0.168675 0.125
vt 0.180723 0.0625
vt 0.180723 0.125
vt 0.180723 0.0625
vt 0.192771 0.0625
vt 0.180723 0.125
vt 0.180723 0.125
vt 0.192771 0.0625
vt 0.192771 0.125
vt 0.192771 0.0625
vt 0.204819 0.0625
vt 0.192771 0.125
vt 0.192771 0.125
vt 0.204819 0.0625
vt 0.204819 0.125
vt 0.204819 0.0625
vt 0.216867 0.0625
vt 0.204819 0.125
vt 0.204819 0.125
vt 0.216867 0.0625
vt 0.216867 0.125
vt 0.216867 0.0625
vt 0.228916 0.0625
vt 0.216867 0.125
vt 0.216867 0.125
vt 0.228916 0.0625
vt 0.228916 0.125
vt 0.228916 0.0625
vt 0.240964 0.0625
vt 0.228916 0.125
vt 0.228916 0.125
vt 0.240964 0.0625
vt 0.240964 0.125
vt 0.240964 0.0625
vt 0.253012 0.0625
vt 0.240964 0.125
vt 0.240964 0.125
vt 0.253012 0.0625
vt 0.253012 0.125
vt 0.253012 0.0625
vt 0.26506 0.0625
vt 0.253012 0.125
vt 0.253012 0.125
vt 0.26506 0.0625
vt 0.26506 0.125
vt 0.26506 0.0625
vt 0.277108 0.0625
vt 0.26506 0.125
vt 0.26506 0.125
vt 0.277108 0.0625
vt 0.277108 0.125
vt 0.277108 0.0625
vt 0.289157 0.0625
vt 0.277108 0.125
vt 0.277108 0.125
vt 0.289157 0.0625
vt 0.289157 0.125
vt 0.289157 0.0625
vt 0.301205 0.0625
vt 0.289157 0.125
vt 0.289157 0.125
vt 0.301205 0.0625
vt 0.301205 0.125
vt 0.301205 0.0625
vt 0.313253 0.0625
vt 0.301205 0.125
vt 0.301205 0.125
vt 0.313253 0.0625
vt 0.313253 0.125
vt 0.313253 0.0625
vt 0.325301 0.0625
vt 0.313253 0.125
vt 0.313253 0.125
vt 0.325301 0.0625
vt 0.325301 0.125
vt 0.325301 0.0625
vt 0.337349 0.0625
vt 0.325301 0.125
vt 0.325301 0.125
vt 0.337349 0.0625
vt 0.337349 0.125
vt 0.337349 0.0625
vt 0.349398 0.0625
vt 0.337349 0.125
vt 0.337349 0.125
vt 0.349398 0.0625
vt 0.349398 0.125
vt 0.349398 0.0625
vt 0.361446 0.0625
vt 0.349398 0.125
vt 0.349398 0.125
vt 0.361446 0.0625
vt 0.361446 0.125
vt 0.361446 0.0625
vt 0.373494 0.0625
vt 0.361446 0.125
vt 0.361446 0.125
vt 0.373494 0.0625
vt 0.373494 0.125
vt 0.373494 0.0625
vt 0.385542 0.0625
vt 0.373494 0.125
vt 0.373494 0.125
vt 0.385542 0.0625
vt 0.385542 0.125
vt 0.385542 0.0625
vt 0.39759 0.0625
vt 0.385542 0.125
vt 0.385542 0.125
vt 0.39759 0.0625
vt 0.39759 0.125
vt 0.39759 0.0625
vt 0.409639 0.0625
vt 0.39759 0.125
vt 0.39759 0.125
vt 0.409639 0.0625
vt 0.409639 0.125
vt 0.409639 0.0625
vt 0.421687 0.0625
vt 0.409639 0.125
vt 0.409639 0.125
vt 0.421687 0.0625
vt 0.421687 0.125
vt 0.421687 0.0625
vt 0.433735 0.0625
vt 0.421687 0.125
vt 0.421687 0.125
vt 0.433735 0.0625
vt 0.433735 0.125
vt 0.433735 0.0625
vt 0.445783 0.0625
vt 0.433735 0.125
vt 0.433735 0.125
vt 0.445783 0.0625
vt 0.445783 0.125
vt 0.445783 0.0625
vt 0.457831 0.0625
vt 0.445783 0.125
vt 0.445783 0.125
vt 0.457831 0.0625
vt 0.457831 0.125
vt 0.457831 0.0625
vt 0.46988 0.0625
vt 0.457831 0.125
vt 0.457831 0.125
vt 0.46988 0.0625
vt 0.46988 0.125
vt 0.46988 0.0625
vt 0.481928 0.0625
vt 0.46988 0.125
vt 0.46988 0.125
vt 0.481928 0.0625
vt 0.481928 0.125
vt 0.481928 0.0625
vt 0.493976 0.0625
vt 0.481928 0.125
vt 0.481928 0.125
vt 0.493976 0.0625
vt 0.493976 0.125
vt 0.493976 0.0625
vt 0.506024 0.0625
vt 0.493976 0.125
vt 0.493976 0.125
vt 0.506024 0.0625
vt 0.506024 0.125
vt 0.506024 0.0625
vt 0.518072 0.0625
vt 0.506024 0.125
vt 0.506024 0.125
vt 0.518072 0.0625
vt 0.518072 0.125
vt 0.518072 0.0625
vt 0.53012 0.0625
vt 0.518072 0.125
vt 0.518072 0.125
vt 0.53012 0.0625
vt 0.53012 0.125
vt 0.53012 0.0625
vt 0.542169 0.0625
vt 0.53012 0.125
vt 0.53012 0.125
vt 0.542169 0.0625
vt 0.542169 0.125
vt 0.542169 0.0625
vt 0.554217 0.0625
vt 0.542169 0.125
vt 0.542169 0.125
vt 0.554217 0.0625
vt 0.554217 0.125
vt 0.554217 0.0625
vt 0.566265 0.0625
vt 0.554217 0.125
vt 0.554217 0.125
vt 0.566265 0.0625
vt 0.566265 0.125
vt 0.566265 0.0625
vt 0.578313 0.0625
vt 0.566265 0.125
vt 0.566265 0.125
vt 0.578313 0.0625
vt 0.578313 0.125
vt 0.578313 0.0625
vt 0.590361 0.0625
vt 0.578313 0.125
vt 0.578313 0.125
vt 0.590361 0.0625
vt 0.590361 0.125
vt 0.590361 0.0625
vt 0.60241 0.0625
vt 0.590361 0.125
vt 0.590361 0.125
vt 0.60241 0.0625
vt 0.60241 0.125
vt 0.60241 0.0625
vt 0.614458 0.0625
vt 0.60241 0.125
vt 0.60241 0.125
vt 0.614458 0.0625
vt 0.614458 0.125
vt 0.614458 0.0625
vt 0.626506 0.0625
vt 0.614458 0.125
vt 0.614458 0.125
vt 0.626506 0.0625
vt 0.626506 0.125
vt 0.626506 0.0625
vt 0.638554 0.0625
vt 0.626506 0.125
vt 0.626506 0.125
vt 0.638554 0.0625
vt 0.638554 0.125
vt 0.638554 0.0625
vt 0.650602 0.0625
vt 0.638554 0.125
vt 0.638554 0.125
vt 0.650602 0.0625
vt 0.650602 0.125
vt 0.650602 0.0625
vt 0.662651 0.0625
vt 0.650602 0.125
vt 0.650602 0.125
vt 0.662651 0.0625
vt 0.662651 0.125
vt 0.662651 0.0625
vt 0.674699 0.0625
vt 0.662651 0.125
vt 0.662651 0.125
vt 0.674699 0.0625
vt 0.674699 0.125
vt 0.674699 0.0625
vt 0.686747 0.0625
vt 0.674699 0.125
vt 0.674699 0.125
vt 0.686747 0.0625
vt 0.686747 0.125
vt 0.686747 0.0625
vt 0.698795 0.0625
vt 0.686747 0.125
vt 0.686747 0.125
vt 0.698795 0.0625
vt 0.698795 0.125
vt 0.698795 0.0625
vt 0.710843 0.0625
vt 0.698795 0.125
vt 0.698795 0.125
vt 0.710843 0.0625
vt 0.710843 0.125
vt 0.710843 0.0625
vt 0.722892 0.0625
vt 0.710843 0.125
vt 0.710843 0.125
vt 0.722892 0.0625
vt 0.722892 0.125
vt 0.722892 0.0625
vt 0.73494 0.0625
vt 0.722892 0.125
vt 0.722892 0.125
vt 0.73494 0.0625
vt 0.73494 0.125
vt 0.73494 0.0625
vt 0.746988 0.0625
vt 0.73494 0.125
vt 0.73494 0.125
vt 0.746988 0.0625
vt 0.746988 0.125
vt 0.746988 0.0625
vt 0.759036 0.0625
vt 0.746988 0.125
vt 0.746988 0.125
vt 0.759036 0.0625
vt 0.759036 0.125
vt 0.759036 0.0625
vt 0.771084 0.0625
vt 0.759036 0.125
vt 0.759036 0.125
vt 0.771084 0.0625
vt 0.771084 0.125
vt 0.771084 0.0625
vt 0.783133 0.0625
vt 0.771084 0.125
vt 0.771084 0.125
vt 0.783133 0.0625
vt 0.783133 0.125
vt 0.783133 0.0625
vt 0.795181 0.0625
vt 0.783133 0.125
vt 0.783133 0.125
vt 0.795181 0.0625
vt 0.795181 0.125
vt 0.795181 0.0625
vt 0.807229 0.0625
vt 0.795181 0.125
vt 0.795181 0.125
vt 0.807229 0.0625
vt 0.807229 0.125
vt 0.807229 0.0625
vt 0.819277 0.0625
vt 0.807229 0.125
vt 0.807229 0.125
vt 0.819277 0.0625
vt 0.819277 0.125
vt 0.819277 0.0625
vt 0.831325 0.0625
vt 0.819277 0.125
vt 0.819277 0.125
vt 0.831325 0.0625
vt 0.831325 0.125
vt 0.831325 0.0625
vt 0.843373 0.0625
vt 0.831325 0.125
vt 0.831325 0.125
vt 0.843373 0.0625
vt 0.843373 0.125
vt 0.843373 0.0625
vt 0.855422 0.0625
vt 0.843373 0.125
vt 0.843373 0.125
vt 0.855422 0.0625
vt 0.855422 0.125
vt 0.855422 0.0625
vt 0.86747 0.0625
vt 0.855422 0.125
vt 0.855422 0.125
vt 0.86747 0.0625
vt 0.86747 0.125
vt 0.86747 0.0625
vt 0.879518 0.0625
vt 0.86747 0.125
vt 0.86747 0.125
vt 0.879518 0.0625
vt 0.879518 0.125
vt 0.879518 0.0625
vt 0.891566 0.0625
vt 0.879518 0.125
vt 0.879518 0.125
vt 0.891566 0.0625
vt 0.891566 0.125
vt 0.891566 0.0625
vt 0.903614 0.0625
vt 0.891566 0.125
vt 0.891566 0.125
vt 0.903614 0.0625
vt 0.903614 0.125
vt 0.903614 0.0625
vt 0.915663 0.0625
vt 0.903614 0.125
vt 0.903614 0.125
vt 0.915663 0.0625
vt 0.915663 0.125
vt 0.915663 0.0625
vt 0.927711 0.0625
vt 0.915663 0.125
vt 0.915663 0.125
vt 0.927711 0.0625
vt 0.927711 0.125
vt 0.927711 0.0625
vt 0.939759 0.0625
vt 0.927711 0.125
vt 0.927711 0.125
vt 0.939759 0.0625
vt 0.939759 0.125
vt 0.939759 0.0625
vt 0.951807 0.0625
vt 0.939759 0.125
vt 0.939759 0.125
vt 0.951807 0.0625
vt 0.951807 0.125
vt 0.951807 0.0625
vt 0.963855 0.0625
vt 0.951807 0.125
vt 0.951807 0.125
vt 0.963855 0.0625
vt 0.963855 0.125
vt 0.963855 0.0625
vt 0.975904 0.0625
vt 0.963855 0.125
vt 0.963855 0.125
vt 0.975904 0.0625
vt 0.975904 0.125
vt 0.975904 0.0625
vt 0.987952 0.0625
vt 0.975904 0.125
vt 0.975904 0.125
vt 0.987952 0.0625
vt 0.987952 0.125
vt 0.987952 0.0625
vt 1 0.0625
vt 0.987952 0.125
vt 0.987952 0.125
vt 1 0.0625
vt 1 0.125
vt 0 0.125
vt 0.0120482 0.125
vt 0 0.1875
vt 0 0.1875
vt 0.0120482 0.125
vt 0.0120482 0.1875
vt 0.0120482 0.125
vt 0.0240964 0.125
vt 0.0120482 0.1875
vt 0.0120482 0.1875
vt 0.0240964 0.125
vt 0.0240964 0.1875
vt 0.0240964 0.125
vt 0.0361446 0.125
vt 0.0240964 0.1875
vt 0.0240964 0.1875
vt 0.0361446 0.125
vt 0.0361446 0.1875
vt 0.0361446 0.125
vt 0.0481928 0.125
vt 0.0361446 0.1875
vt 0.0361446 0.1875
vt 0.0481928 0.125
vt 0.0481928 0.1875
vt 0.0481928 0.125
vt 0.060241 0.125
vt 0.0481928 0.1875
vt 0.0481928 0.1875
vt 0.060241 0.125
vt 0.060241 0.1875
vt 0.060241 0.125
vt 0.0722892 0.125
vt 0.060241 0.1875
vt 0.060241 0.1875
vt 0.0722892 0.125
vt 0.0722892 0.1875
vt 0.0722892 0.125
vt 0.0843373 0.125
vt 0.0722892 0.1875
vt 0.0722892 0.1875
vt 0.0843373 0.125
vt 0.0843373 0.1875
vt 0.0843373 0.125
vt 0.0963855 0.125
vt 0.0843373 0.1875
vt 0.0843373 0.1875
vt 0.0963855 0.125
vt 0.0963855 0.1875
vt 0.0963855 0.125
vt 0.108434 0.125
vt 0.0963855 0.1875
vt 0.0963855 0.1875
vt 0.108434 0.125
vt 0.108434 0.1875
vt 0.108434 0.125
vt 0.120482 0.125
vt 0.108434 0.1875
vt 0.108434 0.1875
vt 0.120482 0.125
vt 0.120482 0.1875
vt 0.120482 0.125
vt 0.13253 0.125
vt 0.120482 0.1875
vt 0.120482 0.1875
vt 0.13253 0.125
vt 0.13253 0.1875
vt 0.13253 0.125
vt 0.144578 0.125
vt 0.13253 0.1875
vt 0.13253 0.1875
vt 0.144578 0.125
vt 0.144578 0.1875
vt 0.144578 0.125
vt 0.156627 0.125
vt 0.144578 0.1875
vt 0.144578 0.1875
vt 0.156627 0.125
vt 0.156627 0.1875
vt 0.156627 0.125
vt 0.168675 0.125
vt 0.156627 0.1875
vt 0.156627 0.1875
vt 0.168675 0.125
vt 0.168675 0.1875
vt 0.168675 0.125
vt 0.180723 0.125
vt 0.168675 0.1875
vt 0.168675 0.1875
vt 0.180723 0.125
vt 0.180723 0.1875
vt 0.180723 0.125
vt 0.192771 0.125
vt 0.180723 0.1875
vt 0.180723 0.1875
vt 0.192771 0.125
vt 0.192771 0.1875
vt 0.192771 0.125
vt 0.204819 0.125
vt 0.192771 0.1875
vt 0.192771 0.1875
vt 0.204819 0.125
vt 0.204819 0.1875
vt 0.204819 0.125
vt 0.216867 0.125
vt 0.204819 0.1875
vt 0.204819 0.1875
vt 0.216867 0.125
vt 0.216867 0.1875
vt 0.216867 0.125
vt 0.228916 0.125
vt 0.216867 0.1875
vt 0.216867 0.1875
vt 0.228916 0.125
vt 0.228916 0.1875
vt 0.228916 0.125
vt 0.240964 0.125
vt 0.228916 0.1875
vt 0.228916 0.1875
vt 0.240964 0.125
vt 0.240964 0.1875
vt 0.240964 0.125
vt 0.253012 0.125
vt 0.240964 0.1875
vt 0.240964 0.1875
vt 0.253012 0.125
vt 0.253012 0.1875
vt 0.253012 0.125
vt 0.26506 0.125
vt 0.253012 0.1875
vt 0.253012 0.1875
vt 0.26506 0.125
vt 0.26506 0.1875
vt 0.26506 0.125
vt 0.277108 0.125
vt 0.26506 0.1875
vt 0.26506 0.1875
vt 0.277108 0.125
vt 0.277108 0.1875
vt 0.277108 0.125
vt 0.289157 0.125
vt 0.277108 0.1875
vt 0.277108 0.1875
vt 0.289157 0.125
vt 0.289157 0.1875
vt 0.289157 0.125
vt 0.301205 0.125
vt 0.289157 0.1875
vt 0.289157 0.1875
vt 0.301205 0.125
vt 0.301205 0.1875
vt 0.301205 0.125
vt 0.313253 0.125
vt 0.301205 0.1875
vt 0.301205 0.1875
vt 0.313253 0.125
vt 0.313253 0.1875
vt 0.313253 0.125
vt 0.325301 0.125
vt 0.313253 0.1875
vt 0.313253 0.1875
vt 0.325301 0.125
vt 0.325301 0.1875
vt 0.325301 0.125
vt 0.337349 0.125
vt 0.325301 0.1875
vt 0.325301 0.1875
vt 0.337349 0.125
vt 0.337349 0.1875
vt 0.337349 0.125
vt 0.349398 0.125
vt 0.337349 0.1875
vt 0.337349 0.1875
vt 0.349398 0.125
vt 0.349398 0.1875
vt 0.349398 0.125
vt 0.361446 0.125
vt 0.349398 0.1875
vt 0.349398 0.1875
vt 0.361446 0.125
vt 0.361446 0.1875
vt 0.361446 0.125
vt 0.373494 0.125
vt 0.361446 0.1875
vt 0.361446 0.1875
vt 0.373494 0.125
vt 0.373494 0.1875
vt 0.373494 0.125
vt 0.385542 0.125
vt 0.373494 0.1875
vt 0.373494 0.1875
vt 0.385542 0.125
vt 0.385542 0.1875
vt 0.385542 0.125
vt 0.39759 0.125
vt 0.385542 0.1875
vt 0.385542 0.1875
vt 0.39759 0.125
vt 0.39759 0.1875
vt 0.39759 0.125
vt 0.409639 0.125
vt 0.39759 0.1875
vt 0.39759 0.1875
vt 0.409639 0.125
vt 0.409639 0.1875
vt 0.409639 0.125
vt 0.421687 0.125
vt 0.409639 0.1875
vt 0.409639 0.1875
vt 0.421687 0.125
vt 0.421687 0.1875
vt 0.421687 0.125
vt 0.433735 0.125
vt 0.421687 0.1875
vt 0.421687 0.1875
vt 0.433735 0.125
vt 0.433735 0.1875
vt 0.433735 0.125
vt 0.445783 0.125
vt 0.433735 0.1875
vt 0.433735 0.1875
vt 0.445783 0.125
vt 0.445783 0.1875
vt 0.445783 0.125
vt 0.457831 0.125
vt 0.445783 0.1875
vt 0.445783 0.1875
vt 0.457831 0.125
vt 0.457831 0.1875
vt 0.457831 0.125
vt 0.46988 0.125
vt 0.457831 0.1875
vt 0.457831 0.1875
vt 0.46988 0.125
vt 0.46988 0.1875
vt 0.46988 0.125
vt 0.481928 0.125
vt 0.46988 0.1875
vt 0.46988 0.1875
vt 0.481928 0.125
vt 0.481928 0.1875
vt 0.481928 0.125
vt 0.493976 0.125
vt 0.481928 0.1875
vt 0.481928 0.1875
vt 0.493976 0.125
vt 0.493976 0.1875
vt 0.493976 0.125
vt 0.506024 0.125
vt 0.493976 0.1875
vt 0.493976 0.1875
vt 0.506024 0.125
vt 0.506024 0.1875
vt 0.506024 0.125
vt 0.518072 0.125
vt 0.506024 0.1875
vt 0.506024 0.1875
vt 0.518072 0.125
vt 0.518072 0.1875
vt 0.518072 0.125
vt 0.53012 0.125
vt 0.518072 0.1875
vt 0.518072 0.1875
vt 0.53012 0.125
vt 0.53012 0.1875
vt 0.53012 0.125
vt 0.542169 0.125
vt 0.53012 0.1875
vt 0.53012 0.1875
vt 0.542169 0.125
vt 0.542169 0.1875
vt 0.542169 0.125
vt 0.554217 0.125
vt 0.542169 0.1875
vt 0.542169 0.1875
vt 0.554217 0.125
vt 0.554217 0.1875
vt 0.554217 0.125
vt 0.566265 0.125
vt 0.554217 0.1875
vt 0.554217 0.1875
vt 0.566265 0.125
vt 0.566265 0.1875
vt 0.566265 0.125
vt 0.578313 0.125
vt 0.566265 0.1875
vt 0.566265 0.1875
vt 0.578313 0.125
vt 0.578313 0.1875
vt 0.578313 0.125
vt 0.590361 0.125
vt 0.578313 0.1875
vt 0.578313 0.1875
vt 0.590361 0.125
vt 0.590361 0.1875
vt 0.590361 0.125
vt 0.60241 0.125
vt 0.590361 0.1875
vt 0.590361 0.1875
vt 0.60241 0.125
vt 0.60241 0.1875
vt 0.60241 0.125
vt 0.614458 0.125
vt 0.60241 0.1875
vt 0.60241 0.1875
vt 0.614458 0.125
vt 0.614458 0.1875
vt 0.614458 0.125
vt 0.626506 0.125
vt 0.614458 0.1875
vt 0.614458 0.1875
vt 0.626506 0.125
vt 0.626506 0.1875
vt 0.626506 0.125
vt 0.638554 0.125
vt 0.626506 0.1875
vt 0.626506 0.1875
vt 0.638554 0.125
vt 0.638554 0.1875
vt 0.638554 0.125
vt 0.650602 0.125
vt 0.638554 0.1875
vt 0.638554 0.1875
vt 0.650602 0.125
vt 0.650602 0.1875
vt 0.650602 0.125
vt 0.662651 0.125
vt 0.650602 0.1875
vt 0.650602 0.1875
vt 0.662651 0.125
vt 0.662651 0.1875
vt 0.662651 0.125
vt 0.674699 0.125
vt 0.662651 0.1875
vt 0.662651 0.1875
vt 0.674699 0.125
vt 0.674699 0.1875
vt 0.674699 0.125
vt 0.686747 0.125
vt 0.674699 0.1875
vt 0.674699 0.1875
vt 0.686747 0.125
vt 0.686747 0.1875
vt 0.686747 0.125
vt 0.698795 0.125
vt 0.686747 0.1875
vt 0.686747 0.1875
vt 0.698795 0.125
vt 0.698795 0.1875
vt 0.698795 0.125
vt 0.710843 0.125
vt 0.698795 0.1875
vt 0.698795 0.1875
vt 0.710843 0.125
vt 0.710843 0.1875
vt 0.710843 0.125
vt 0.722892 0.125
vt 0.710843 0.1875
vt 0.710843 0.1875
vt 0.722892 0.125
vt 0.722892 0.1875
vt 0.722892 0.125
vt 0.73494 0.125
vt 0.722892 0.1875
vt 0.722892 0.1875
vt 0.73494 0.125
vt 0.73494 0.1875
vt 0.73494 0.125
vt 0.746988 0.125
vt 0.73494 0.1875
vt 0.73494 0.1875
vt 0.746988 0.125
vt 0.746988 0.1875
vt 0.746988 0.125
vt 0.759036 0.125
vt 0.746988 0.1875
vt 0.746988 0.1875
vt 0.759036 0.125
vt 0.759036 0.1875
vt 0.759036 0.125
vt 0.771084 0.125
vt 0.759036 0.1875
vt 0.759036 0.1875
vt 0.771084 0.125
vt 0.771084 0.1875
vt 0.771084 0.125
vt 0.783133 0.125
vt 0.771084 0.1875
vt 0.771084 0.1875
vt 0.783133 0.125
vt 0.783133 0.1875
vt 0.783133 0.125
vt 0.795181 0.125
vt 0.783133 0.1875
vt 0.783133 0.1875
vt 0.795181 0.125
vt 0.795181 0.1875
vt 0.795181 0.125
vt 0.807229 0.125
vt 0.795181 0.1875
vt 0.795181 0.1875
vt 0.807229 0.125
vt 0.807229 0.1875
vt 0.807229 0.125
vt 0.819277 0.125
vt 0.807229 0.1875
vt 0.807229 0.1875
vt 0.819277 0.125
vt 0.819277 0.1875
vt 0.819277 0.125
vt 0.831325 0.125
vt 0.819277 0.1875
vt 0.819277 0.1875
vt 0.831325 0.125
vt 0.831325 0.1875
vt 0.831325 0.125
vt 0.843373 0.125
vt 0.831325 0.1875
vt 0.831325 0.1875
vt 0.843373 0.125
vt 0.843373 0.1875
vt 0.843373 0.125
vt 0.855422 0.125
vt 0.843373 0.1875
vt 0.843373 0.1875
vt 0.855422 0.125
vt 0.855422 0.1875
vt 0.855422 0.125
vt 0.86747 0.125
vt 0.855422 0.1875
vt 0.855422 0.1875
vt 0.86747 0.125
vt 0.86747 0.1875
vt 0.86747 0.125
vt 0.879518 0.125
vt 0.86747 0.1875
vt 0.86747 0.1875
vt 0.879518 0.125
vt 0.879518 0.1875
vt 0.879518 0.125
vt 0.891566 0.125
vt 0.879518 0.1875
vt 0.879518 0.1875
vt 0.891566 0.125
vt 0.891566 0.1875
vt 0.891566 0.125
vt 0.903614 0.125
vt 0.891566 0.1875
vt 0.891566 0.1875
vt 0.903614 0.125
vt 0.903614 0.1875
vt 0.903614 0.125
vt 0.915663 0.125
vt 0.903614 0.1875
vt 0.903614 0.1875
vt 0.915663 0.125
vt 0.915663 0.1875
vt 0.915663 0.125
vt 0.927711 0.125
vt 0.915663 0.1875
vt 0.915663 0.1875
vt 0.927711 0.125
vt 0.927711 0.1875
vt 0.927711 0.125
vt 0.939759 0.125
vt 0.927711 0.1875
vt 0.927711 0.1875
vt 0.939759 0.125
vt 0.939759 0.1875
vt 0.939759 0.125
vt 0.951807 0.125
vt 0.939759 0.1875
vt 0.939759 0.1875
vt 0.951807 0.125
vt 0.951807 0.1875
vt 0.951807 0.125
vt 0.963855 0.125
vt 0.951807 0.1875
vt 0.951807 0.1875
vt 0.963855 0.125
vt 0.963855 0.1875
vt 0.963855 0.125
vt 0.975904 0.125
vt 0.963855 0.1875
vt 0.963855 0.1875
vt 0.975904 0.125
vt 0.975904 0.1875
vt 0.975904 0.125
vt 0.987952 0.125
vt 0.975904 0.1875
vt 0.975904 0.1875
vt 0.987952 0.125
vt 0.987952 0.1875
vt 0.987952 0.125
vt 1 0.125
vt 0.987952 0.1875
vt 0.987952 0.1875
vt 1 0.125
vt 1 0.1875
vt 0 0.1875
vt 0.0120482 0.1875
vt 0 0.25
vt 0 0.25
vt 0.0120482 0.1875
vt 0.0120482 0.25
vt 0.0120482 0.1875
vt 0.0240964 0.1875
vt 0.0120482 0.25
vt 0.0120482 0.25
vt 0.0240964 0.1875
vt 0.0240964 0.25
vt 0.0240964 0.1875
vt 0.0361446 0.1875
vt 0.0240964 0.25
vt 0.0240964 0.25
vt 0.0361446 0.1875
vt 0.0361446 0.25
vt 0.0361446 0.1875
vt 0.0481928 0.1875
vt 0.0361446 0.25
vt 0.0361446 0.25
vt 0.0481928 0.1875
vt 0.0481928 0.25
vt 0.0481928 0.1875
vt 0.060241 0.1875
vt 0.0481928 0.25
vt 0.0481928 0.25
vt 0.060241 0.1875
vt 0.060241 0.25
vt 0.060241 0.1875
vt 0.0722892 0.1875
vt 0.060241 0.25
vt 0.060241 0.25
vt 0.0722892 0.1875
vt 0.0722892 0.25
vt 0.0722892 0.1875
vt 0.0843373 0.1875
vt 0.0722892 0.25
vt 0.0722892 0.25
vt 0.0843373 0.1875
vt 0.0843373 0.25
vt 0.0843373 0.1875
vt 0.0963855 0.1875
vt 0.0843373 0.25
vt 0.0843373 0.25
vt 0.0963855 0.1875
vt 0.0963855 0.25
vt 0.0963855 0.1875
vt 0.108434 0.1875
vt 0.0963855 0.25
vt 0.0963855 0.25
vt 0.108434 0.1875
vt 0.108434 0.25
vt 0.108434 0.1875
vt 0.120482 0.1875
vt 0.108434 0.25
vt 0.108434 0.25
vt 0.120482 0.1875
vt 0.120482 0.25
vt 0.120482 0.1875
vt 0.13253 0.1875
vt 0.120482 0.25
vt 0.120482 0.25
vt 0.13253 0.1875
vt 0.13253 0.25
vt 0.13253 0.1875
vt 0.144578 0.1875
vt 0.13253 0.25
vt 0.13253 0.25
vt 0.144578 0.1875
vt 0.144578 0.25
vt 0.144578 0.1875
vt 0.156627 0.1875
vt 0.144578 0.25
vt 0.144578 0.25
vt 0.156627 0.1875
vt 0.156627 0.25
vt 0.156627 0.1875
vt 0.168675 0.1875
vt 0.156627 0.25
vt 0.156627 0.25
vt 0.168675 0.1875
vt 0.168675 0.25
vt 0.168675 0.1875
vt 0.180723 0.1875
vt 0.168675 0.25
vt 0.168675 0.25
vt 0.180723 0.1875
vt 0.180723 0.25
vt 0.180723 0.1875
vt 0.192771 0.1875
vt 0.180723 0.25
vt 0.180723 0.25
vt 0.192771 0.1875
vt 0.192771 0.25
vt 0.192771 0.1875
vt 0.204819 0.1875
vt 0.192771 0.25
vt 0.192771 0.25
vt 0.204819 0.1875
vt 0.204819 0.25
vt 0.204819 0.1875
vt 0.216867 0.1875
vt 0.204819 0.25
vt 0.204819 0.25
vt 0.216867 0.1875
vt 0.216867 0.25
vt 0.216867 0.1875
vt 0.228916 0.1875
vt 0.216867 0.25
vt 0.216867 0.25
vt 0.228916 0.1875
vt 0.228916 0.25
vt 0.228916 0.1875
vt 0.240964 0.1875
vt 0.228916 0.25
vt 0.228916 0.25
vt 0.240964 0.1875
vt 0.240964 0.25
vt 0.240964 0.1875
vt 0.253012 0.1875
vt 0.240964 0.25
vt 0.240964 0.25
vt 0.253012 0.1875
vt 0.253012 0.25
vt 0.253012 0.1875
vt 0.26506 0.1875
vt 0.253012 0.25
vt 0.253012 0.25
vt 0.26506 0.1875
vt 0.26506 0.25
vt 0.26506 0.1875
vt 0.277108 0.1875
vt 0.26506 0.25
vt 0.26506 0.25
vt 0.277108 0.1875
vt 0.277108 0.25
vt 0.277108 0.1875
vt 0.289157 0.1875
vt 0.277108 0.25
vt 0.277108 0.25
vt 0.289157 0.1875
vt 0.289157 0.25
vt 0.289157 0.1875
vt 0.301205 0.1875
vt 0.289157 0.25
vt 0.289157 0.25
vt 0.301205 0.1875
vt 0.301205 0.25
vt 0.301205 0.1875
vt 0.313253 0.1875
vt 0.301205 0.25
vt 0.301205 0.25
vt 0.313253 0.1875
vt 0.313253 0.25
vt 0.313253 0.1875
vt 0.325301 0.1875
vt 0.313253 0.25
vt 0.313253 0.25
vt 0.325301 0.1875
vt 0.325301 0.25
vt 0.325301 0.1875
vt 0.337349 0.1875
vt 0.325301 0.25
vt 0.325301 0.25
vt 0.337349 0.1875
vt 0.337349 0.25
vt 0.337349 0.1875
vt 0.349398 0.1875
vt 0.337349 0.25
vt 0.337349 0.25
vt 0.349398 0.1875
vt 0.349398 0.25
vt 0.349398 0.1875
vt 0.361446 0.1875
vt 0.349398 0.25
vt 0.349398 0.25
vt 0.361446 0.1875
vt 0.361446 0.25
vt 0.361446 0.1875
vt 0.373494 0.1875
vt 0.361446 0.25
vt 0.361446 0.25
vt 0.373494 0.1875
vt 0.373494 0.25
vt 0.373494 0.1875
vt 0.385542 0.1875
vt 0.373494 0.25
vt 0.373494 0.25
vt 0.385542 0.1875
vt 0.385542 0.25
vt 0.385542 0.1875
vt 0.39759 0.1875
vt 0.385542 0.25
vt 0.385542 0.25
vt 0.39759 0.1875
vt 0.39759 0.25
vt 0.39759 0.1875
vt 0.409639 0.1875
vt 0.39759 0.25
vt 0.39759 0.25
vt 0.409639 0.1875
vt 0.409639 0.25
vt 0.409639 0.1875
vt 0.421687 0.1875
vt 0.409639 0.25
vt 0.409639 0.25
vt 0.421687 0.1875
vt 0.421687 0.25
vt 0.421687 0.1875
vt 0.433735 0.1875
vt 0.421687 0.25
vt 0.421687 0.25
vt 0.433735 0.1875
vt 0.433735 0.25
vt 0.433735 0.1875
vt 0.445783 0.1875
vt 0.433735 0.25
vt 0.433735 0.25
vt 0.445783 0.1875
vt 0.445783 0.25
vt 0.445783 0.1875
vt 0.457831 0.1875
vt 0.445783 0.25
vt 0.445783 0.25
vt 0.457831 0.1875
vt 0.457831 0.25
vt 0.457831 0.1875
vt 0.46988 0.1875
vt 0.457831 0.25
vt 0.457831 0.25
vt 0.46988 0.1875
vt 0.46988 0.25
vt 0.46988 0.1875
vt 0.481928 0.1875
vt 0.46988 0.25
vt 0.46988 0.25
vt 0.481928 0.1875
vt 0.481928 0.25
vt 0.481928 0.1875
vt 0.493976 0.1875
vt 0.481928 0.25
vt 0.481928 0.25
vt 0.493976 0.1875
vt 0.493976 0.25
vt 0.493976 0.1875
vt 0.506024 0.1875
vt 0.493976 0.25
vt 0.493976 0.25
vt 0.506024 0.1875
vt 0.506024 0.25
vt 0.506024 0.1875
vt 0.518072 0.1875
vt 0.506024 0.25
vt 0.506024 0.25
vt 0.518072 0.1875
vt 0.518072 0.25
vt 0.518072 0.1875
vt 0.53012 0.1875
vt 0.518072 0.25
vt 0.518072 0.25
vt 0.53012 0.1875
vt 0.53012 0.25
vt 0.53012 0.1875
vt 0.542169 0.1875
vt 0.53012 0.25
vt 0.53012 0.25
vt 0.542169 0.1875
vt 0.542169 0.25
vt 0.542169 0.1875
vt 0.554217 0.1875
vt 0.542169 0.25
vt 0.542169 0.25
vt 0.554217 0.1875
vt 0.554217 0.25
vt 0.554217 0.1875
vt 0.566265 0.1875
vt 0.554217 0.25
vt 0.554217 0.25
vt 0.566265 0.1875
vt 0.566265 0.25
vt 0.566265 0.1875
vt 0.578313 0.1875
vt 0.566265 0.25
vt 0.566265 0.25
vt 0.578313 0.1875
vt 0.578313 0.25
vt 0.578313 0.1875
vt 0.590361 0.1875
vt 0.578313 0.25
vt 0.578313 0.25
vt 0.590361 0.1875
vt 0.590361 0.25
vt 0.590361 0.1875
vt 0.60241 0.1875
vt 0.590361 0.25
vt 0.590361 0.25
vt 0.60241 0.1875
vt 0.60241 0.25
vt 0.60241 0.1875
vt 0.614458 0.1875
vt 0.60241 0.25
vt 0.60241 0.25
vt 0.614458 0.1875
vt 0.614458 0.25
vt 0.614458 0.1875
vt 0.626506 0.1875
vt 0.614458 0.25
vt 0.614458 0.25
vt 0.626506 0.1875
vt 0.626506 0.25
vt 0.626506 0.1875
vt 0.638554 0.1875
vt 0.626506 0.25
vt 0.626506 0.25
vt 0.638554 0.1875
vt 0.638554 0.25
vt 0.638554 0.1875
vt 0.650602 0.1875
vt 0.638554 0.25
vt 0.638554 0.25
vt 0.650602 0.1875
vt 0.650602 0.25
vt 0.650602 0.1875
vt 0.662651 0.1875
vt 0.650602 0.25
vt 0.650602 0.25
vt 0.662651 0.1875
vt 0.662651 0.25
vt 0.662651 0.1875
vt 0.674699 0.1875
vt 0.662651 0.25
vt 0.662651 0.25
vt 0.674699 0.1875
vt 0.674699 0.25
vt 0.674699 0.1875
vt 0.686747 0.1875
vt 0.674699 0.25
vt 0.674699 0.25
vt 0.686747 0.1875
vt 0.686747 0.25
vt 0.686747 0.1875
vt 0.698795 0.1875
vt 0.686747 0.25
vt 0.686747 0.25
vt 0.698795 0.1875
vt 0.698795 0.25
vt 0.698795 0.1875
vt 0.710843 0.1875
vt 0.698795 0.25
vt 0.698795 0.25
vt 0.710843 0.1875
vt 0.710843 0.25
vt 0.710843 0.1875
vt 0.722892 0.1875
vt 0.710843 0.25
vt 0.710843 0.25
vt 0.722892 0.1875
vt 0.722892 0.25
vt 0.722892 0.1875
vt 0.73494 0.1875
vt 0.722892 0.25
vt 0.722892 0.25
vt 0.73494 0.1875
vt 0.73494 0.25
vt 0.73494 0.1875
vt 0.746988 0.1875
vt 0.73494 0.25
vt 0.73494 0.25
vt 0.746988 0.1875
vt 0.746988 0.25
vt 0.746988 0.1875
vt 0.759036 0.1875
vt 0.746988 0.25
vt 0.746988 0.25
vt 0.759036 0.1875
vt 0.759036 0.25
vt 0.759036 0.1875
vt 0.771084 0.1875
vt 0.759036 0.25
vt 0.759036 0.25
vt 0.771084 0.1875
vt 0.771084 0.25
vt 0.771084 0.1875
vt 0.783133 0.1875
vt 0.771084 0.25
vt 0.771084 0.25
vt 0.783133 0.1875
vt 0.783133 0.25
vt 0.783133 0.1875
vt 0.795181 0.1875
vt 0.783133 0.25
vt 0.783133 0.25
vt 0.795181 0.1875
vt 0.795181 0.25
vt 0.795181 0.1875
vt 0.807229 0.1875
vt 0.795181 0.25
vt 0.795181 0.25
vt 0.807229 0.1875
vt 0.807229 0.25
vt 0.807229 0.1875
vt 0.819277 0.1875
vt 0.807229 0.25
vt 0.807229 0.25
vt 0.819277 0.1875
vt 0.819277 0.25
vt 0.819277 0.1875
vt 0.831325 0.1875
vt 0.819277 0.25
vt 0.819277 0.25
vt 0.831325 0.1875
vt 0.831325 0.25
vt 0.831325 0.1875
vt 0.843373 0.1875
vt 0.831325 0.25
vt 0.831325 0.25
vt 0.843373 0.1875
vt 0.843373 0.25
vt 0.843373 0.1875
vt 0.855422 0.1875
vt 0.843373 0.25
vt 0.843373 0.25
vt 0.855422 0.1875
vt 0.855422 0.25
vt 0.855422 0.1875
vt 0.86747 0.1875
vt 0.855422 0.25
vt 0.855422 0.25
vt 0.86747 0.1875
vt 0.86747 0.25
vt 0.86747 0.1875
vt 0.879518 0.1875
vt 0.86747 0.25
vt 0.86747 0.25
vt 0.879518 0.1875
vt 0.879518 0.25
vt 0.879518 0.1875
vt 0.891566 0.1875
vt 0.879518 0.25
vt 0.879518 0.25
vt 0.891566 0.1875
vt 0.891566 0.25
vt 0.891566 0.1875
vt 0.903614 0.1875
vt 0.891566 0.25
vt 0.891566 0.25
vt 0.903614 0.1875
vt 0.903614 0.25
vt 0.903614 0.1875
vt 0.915663 0.1875
vt 0.903614 0.25
vt 0.903614 0.25
vt 0.915663 0.1875
vt 0.915663 0.25
vt 0.915663 0.1875
vt 0.927711 0.1875
vt 0.915663 0.25
vt 0.915663 0.25
vt 0.927711 0.1875
vt 0.927711 0.25
vt 0.927711 0.1875
vt 0.939759 0.1875
vt 0.927711 0.25
vt 0.927711 0.25
vt 0.939759 0.1875
vt 0.939759 0.25
vt 0.939759 0.1875
vt 0.951807 0.1875
vt 0.939759 0.25
vt 0.939759 0.25
vt 0.951807 0.1875
vt 0.951807 0.25
vt 0.951807 0.1875
vt 0.963855 0.1875
vt 0.951807 0.25
vt 0.951807 0.25
vt 0.963855 0.1875
vt 0.963855 0.25
vt 0.963855 0.1875
vt 0.975904 0.1875
vt 0.963855 0.25
vt 0.963855 0.25
vt 0.975904 0.1875
vt 0.975904 0.25
vt 0.975904 0.1875
vt 0.987952 0.1875
vt 0.975904 0.25
vt 0.975904 0.25
vt 0.987952 0.1875
vt 0.987952 0.25
vt 0.987952 0.1875
vt 1 0.1875
vt 0.987952 0.25
vt 0.987952 0.25
vt 1 0.1875
vt 1 0.25
vt 0 0.25
vt 0.0120482 0.25
vt 0 0.3125
vt 0 0.3125
vt 0.0120482 0.25
vt 0.0120482 0.3125
vt 0.0120482 0.25
vt 0.0240964 0.25
vt 0.0120482 0.3125
vt 0.0120482 0.3125
vt 0.0240964 0.25
vt 0.0240964 0.3125
vt 0.0240964 0.25
vt 0.0361446 0.25
vt 0.0240964 0.3125
vt 0.0240964 0.3125
vt 0.0361446 0.25
vt 0.0361446 0.3125
vt 0.0361446 0.25
vt 0.0481928 0.25
vt 0.0361446 0.3125
vt 0.0361446 0.3125
vt 0.0481928 0.25
vt 0.0481928 0.3125
vt 0.0481928 0.25
vt 0.060241 0.25
vt 0.0481928 0.3125
vt 0.0481928 0.3125
vt 0.060241 0.25
vt 0.060241 0.3125
vt 0.060241 0.25
vt 0.0722892 0.25
vt 0.060241 0.3125
vt 0.060241 0.3125
vt 0.0722892 0.25
vt 0.0722892 0.3125
vt 0.0722892 0.25
vt 0.0843373 0.25
vt 0.0722892 0.3125
vt 0.0722892 0.3125
vt 0.0843373 0.25
vt 0.0843373 0.3125
vt 0.0843373 0.25
vt 0.0963855 0.25
vt 0.0843373 0.3125
vt 0.0843373 0.3125
vt 0.0963855 0.25
vt 0.0963855 0.3125
vt 0.0963855 0.25
vt 0.108434 0.25
vt 0.0963855 0.3125
vt 0.0963855 0.3125
vt 0.108434 0.25
vt 0.108434 0.3125
vt 0.108434 0.25
vt 0.120482 0.25
vt 0.108434 0.3125
vt 0.108434 0.3125
vt 0.120482 0.25
vt 0.120482 0.3125
vt 0.120482 0.25
vt 0.13253 0.25
vt 0.120482 0.3125
vt 0.120482 0.3125
vt 0.13253 0.25
vt 0.13253 0.3125
vt 0.13253 0.25
vt 0.144578 0.25
vt 0.13253 0.3125
vt 0.13253 0.3125
vt 0.144578 0.25
vt 0.144578 0.3125
vt 0.144578 0.25
vt 0.156627 0.25
vt 0.144578 0.3125
vt 0.144578 0.3125
vt 0.156627 0.25
vt 0.156627 0.3125
vt 0.156627 0.25
vt 0.168675 0.25
vt 0.156627 0.3125
vt 0.156627 0.3125
vt 0.168675 0.25
vt 0.168675 0.3125
vt 0.168675 0.25
vt 0.180723 0.25
vt 0.168675 0.3125
vt 0.168675 0.3125
vt 0.180723 0.25
vt 0.180723 0.3125
vt 0.180723 0.25
vt 0.192771 0.25
vt 0.180723 0.3125
vt 0.180723 0.3125
vt 0.192771 0.25
vt 0.192771 0.3125
vt 0.192771 0.25
vt 0.204819 0.25
vt 0.192771 0.3125
vt 0.192771 0.3125
vt 0.204819 0.25
vt 0.204819 0.3125
vt 0.204819 0.25
vt 0.216867 0.25
vt 0.204819 0.3125
vt 0.204819 0.3125
vt 0.216867 0.25
vt 0.216867 0.3125
vt 0.216867 0.25
vt 0.228916 0.25
vt 0.216867 0.3125
vt 0.216867 0.3125
vt 0.228916 0.25
vt 0.228916 0.3125
vt 0.228916 0.25
vt 0.240964 0.25
vt 0.228916 0.3125
vt 0.228916 0.3125
vt 0.240964 0.25
vt 0.240964 0.3125
vt 0.240964 0.25
vt 0.253012 0.25
vt 0.240964 0.3125
vt 0.240964 0.3125
vt 0.253012 0.25
vt 0.253012 0.3125
vt 0.253012 0.25
vt 0.26506 0.25
vt 0.253012 0.3125
vt 0.253012 0.3125
vt 0.26506 0.25
vt 0.26506 0.3125
vt 0.26506 0.25
vt 0.277108 0.25
vt 0.26506 0.3125
vt 0.26506 0.3125
vt 0.277108 0.25
vt 0.277108 0.3125
vt 0.277108 0.25
vt 0.289157 0.25
vt 0.277108 0.3125
vt 0.277108 0.3125
vt 0.289157 0.25
vt 0.289157 0.3125
vt 0.289157 0.25
vt 0.301205 0.25
vt 0.289157 0.3125
vt 0.289157 0.3125
vt 0.301205 0.25
vt 0.301205 0.3125
vt 0.301205 0.25
vt 0.313253 0.25
vt 0.301205 0.3125
vt 0.301205 0.3125
vt 0.313253 0.25
vt 0.313253 0.3125
vt 0.313253 0.25
vt 0.325301 0.25
vt 0.313253 0.3125
vt 0.313253 0.3125
vt 0.325301 0.25
vt 0.325301 0.3125
vt 0.325301 0.25
vt 0.337349 0.25
vt 0.325301 0.3125
vt 0.325301 0.3125
vt 0.337349 0.25
vt 0.337349 0.3125
vt 0.337349 0.25
vt 0.349398 0.25
vt 0.337349 0.3125
vt 0.337349 0.3125
vt 0.349398 0.25
vt 0.349398 0.3125
vt 0.349398 0.25
vt 0.361446 0.25
vt 0.349398 0.3125
vt 0.349398 0.3125
vt 0.361446 0.25
vt 0.361446 0.3125
vt 0.361446 0.25
vt 0.373494 0.25
vt 0.361446 0.3125
vt 0.361446 0.3125
vt 0.373494 0.25
vt 0.373494 0.3125
vt 0.373494 0.25
vt 0.385542 0.25
vt 0.373494 0.3125
vt 0.373494 0.3125
vt 0.385542 0.25
vt 0.385542 0.3125
vt 0.385542 0.25
vt 0.39759 0.25
vt 0.385542 0.3125
vt 0.385542 0.3125
vt 0.39759 0.25
vt 0.39759 0.3125
vt 0.39759 0.25
vt 0.409639 0.25
vt 0.39759 0.3125
vt 0.39759 0.3125
vt 0.409639 0.25
vt 0.409639 0.3125
vt 0.409639 0.25
vt 0.421687 0.25
vt 0.409639 0.3125
vt 0.409639 0.3125
vt 0.421687 0.25
vt 0.421687 0.3125
vt 0.421687 0.25
vt 0.433735 0.25
vt 0.421687 0.3125
vt 0.421687 0.3125
vt 0.433735 0.25
vt 0.433735 0.3125
vt 0.433735 0.25
vt 0.445783 0.25
vt 0.433735 0.3125
vt 0.433735 0.3125
vt 0.445783 0.25
vt 0.445783 0.3125
vt 0.445783 0.25
vt 0.457831 0.25
vt 0.445783 0.3125
vt 0.445783 0.3125
vt 0.457831 0.25
vt 0.457831 0.3125
vt 0.457831 0.25
vt 0.46988 0.25
vt 0.457831 0.3125
vt 0.457831 0.3125
vt 0.46988 0.25
vt 0.46988 0.3125
vt 0.46988 0.25
vt 0.481928 0.25
vt 0.46988 0.3125
vt 0.46988 0.3125
vt 0.481928 0.25
vt 0.481928 0.3125
vt 0.481928 0.25
vt 0.493976 0.25
vt 0.481928 0.3125
vt 0.481928 0.3125
vt 0.493976 0.25
vt 0.493976 0.3125
vt 0.493976 0.25
vt 0.506024 0.25
vt 0.493976 0.3125
vt 0.493976 0.3125
vt 0.506024 0.25
vt 0.506024 0.3125
vt 0.506024 0.25
vt 0.518072 0.25
vt 0.506024 0.3125
vt 0.506024 0.3125
vt 0.518072 0.25
vt 0.518072 0.3125
vt 0.518072 0.25
vt 0.53012 0.25
vt 0.518072 0.3125
vt 0.518072 0.3125
vt 0.53012 0.25
vt 0.53012 0.3125
vt 0.53012 0.25
vt 0.542169 0.25
vt 0.53012 0.3125
vt 0.53012 0.3125
vt 0.542169 0.25
vt 0.542169 0.3125
vt 0.542169 0.25
vt 0.554217 0.25
vt 0.542169 0.3125
vt 0.542169 0.3125
vt 0.554217 0.25
vt 0.554217 0.3125
vt 0.554217 0.25
vt 0.566265 0.25
vt 0.554217 0.3125
vt 0.554217 0.3125
vt 0.566265 0.25
vt 0.566265 0.3125
vt 0.566265 0.25
vt 0.578313 0.25
vt 0.566265 0.3125
vt 0.566265 0.3125
vt 0.578313 0.25
vt 0.578313 0.3125
vt 0.578313 0.25
vt 0.590361 0.25
vt 0.578313 0.3125
vt 0.578313 0.3125
vt 0.590361 0.25
vt 0.590361 0.3125
vt 0.590361 0.25
vt 0.60241 0.25
vt 0.590361 0.3125
vt 0.590361 0.3125
vt 0.60241 0.25
vt 0.60241 0.3125
vt 0.60241 0.25
vt 0.614458 0.25
vt 0.60241 0.3125
vt 0.60241 0.3125
vt 0.614458 0.25
vt 0.614458 0.3125
vt 0.614458 0.25
vt 0.626506 0.25
vt 0.614458 0.3125
vt 0.614458 0.3125
vt 0.626506 0.25
vt 0.626506 0.3125
vt 0.626506 0.25
vt 0.638554 0.25
vt 0.626506 0.3125
vt 0.626506 0.3125
vt 0.638554 0.25
vt 0.638554 0.3125
vt 0.638554 0.25
vt 0.650602 0.25
vt 0.638554 0.3125
vt 0.638554 0.3125
vt 0.650602 0.25
vt 0.650602 0.3125
vt 0.650602 0.25
vt 0.662651 0.25
vt 0.650602 0.3125
vt 0.650602 0.3125
vt 0.662651 0.25
vt 0.662651 0.3125
vt 0.662651 0.25
vt 0.674699 0.25
vt 0.662651 0.3125
vt 0.662651 0.3125
vt 0.674699 0.25
vt 0.674699 0.3125
vt 0.674699 0.25
vt 0.686747 0.25
vt 0.674699 0.3125
vt 0.674699 0.3125
vt 0.686747 0.25
vt 0.686747 0.3125
vt 0.686747 0.25
vt 0.698795 0.25
vt 0.686747 0.3125
vt 0.686747 0.3125
vt 0.698795 0.25
vt 0.698795 0.3125
vt 0.698795 0.25
vt 0.710843 0.25
vt 0.698795 0.3125
vt 0.698795 0.3125
vt 0.710843 0.25
vt 0.710843 0.3125
vt 0.710843 0.25
vt 0.722892 0.25
vt 0.710843 0.3125
vt 0.710843 0.3125
vt 0.722892 0.25
vt 0.722892 0.3125
vt 0.722892 0.25
vt 0.73494 0.25
vt 0.722892 0.3125
vt 0.722892 0.3125
vt 0.73494 0.25
vt 0.73494 0.3125
vt 0.73494 0.25
vt 0.746988 0.25
vt 0.73494 0.3125
vt 0.73494 0.3125
vt 0.746988 0.25
vt 0.746988 0.3125
vt 0.746988 0.25
vt 0.759036 0.25
vt 0.746988 0.3125
vt 0.746988 0.3125
vt 0.759036 0.25
vt 0.759036 0.3125
vt 0.759036 0.25
vt 0.771084 0.25
vt 0.759036 0.3125
vt 0.759036 0.3125
vt 0.771084 0.25
vt 0.771084 0.3125
vt 0.771084 0.25
vt 0.783133 0.25
vt 0.771084 0.3125
vt 0.771084 0.3125
vt 0.783133 0.25
vt 0.783133 0.3125
vt 0.783133 0.25
vt 0.795181 0.25
vt 0.783133 0.3125
vt 0.783133 0.3125
vt 0.795181 0.25
vt 0.795181 0.3125
vt 0.795181 0.25
vt 0.807229 0.25
vt 0.795181 0.3125
vt 0.795181 0.3125
vt 0.807229 0.25
vt 0.807229 0.3125
vt 0.807229 0.25
vt 0.819277 0.25
vt 0.807229 0.3125
vt 0.807229 0.3125
vt 0.819277 0.25
vt 0.819277 0.3125
vt 0.819277 0.25
vt 0.831325 0.25
vt 0.819277 0.3125
vt 0.819277 0.3125
vt 0.831325 0.25
vt 0.831325 0.3125
vt 0.831325 0.25
vt 0.843373 0.25
vt 0.831325 0.3125
vt 0.831325 0.3125
vt 0.843373 0.25
vt 0.843373 0.3125
vt 0.843373 0.25
vt 0.855422 0.25
vt 0.843373 0.3125
vt 0.843373 0.3125
vt 0.855422 0.25
vt 0.855422 0.3125
vt 0.855422 0.25
vt 0.86747 0.25
vt 0.855422 0.3125
vt 0.855422 0.3125
vt 0.86747 0.25
vt 0.86747 0.3125
vt 0.86747 0.25
vt 0.879518 0.25
vt 0.86747 0.3125
vt 0.86747 0.3125
vt 0.879518 0.25
vt 0.879518 0.3125
vt 0.879518 0.25
vt 0.891566 0.25
vt 0.879518 0.3125
vt 0.879518 0.3125
vt 0.891566 0.25
vt 0.891566 0.3125
vt 0.891566 0.25
vt 0.903614 0.25
vt 0.891566 0.3125
vt 0.891566 0.3125
vt 0.903614 0.25
vt 0.903614 0.3125
vt 0.903614 0.25
vt 0.915663 0.25
vt 0.903614 0.3125
vt 0.903614 0.3125
vt 0.915663 0.25
vt 0.915663 0.3125
vt 0.915663 0.25
vt 0.927711 0.25
vt 0.915663 0.3125
vt 0.915663 0.3125
vt 0.927711 0.25
vt 0.927711 0.3125
vt 0.927711 0.25
vt 0.939759 0.25
vt 0.927711 0.3125
vt 0.927711 0.3125
vt 0.939759 0.25
vt 0.939759 0.3125
vt 0.939759 0.25
vt 0.951807 0.25
vt 0.939759 0.3125
vt 0.939759 0.3125
vt 0.951807 0.25
vt 0.951807 0.3125
vt 0.951807 0.25
vt 0.963855 0.25
vt 0.951807 0.3125
vt 0.951807 0.3125
vt 0.963855 0.25
vt 0.963855 0.3125
vt 0.963855 0.25
vt 0.975904 0.25
vt 0.963855 0.3125
vt 0.963855 0.3125
vt 0.975904 0.25
vt 0.975904 0.3125
vt 0.975904 0.25
vt 0.987952 0.25
vt 0.975904 0.3125
vt 0.975904 0.3125
vt 0.987952 0.25
vt 0.987952 0.3125
vt 0.987952 0.25
vt 1 0.25
vt 0.987952 0.3125
vt 0.987952 0.3125
vt 1 0.25
vt 1 0.3125
vt 0 0.3125
vt 0.0120482 0.3125
vt 0 0.375
vt 0 0.375
vt 0.0120482 0.3125
vt 0.0120482 0.375
vt 0.0120482 0.3125
vt 0.0240964 0.3125
vt 0.0120482 0.375
vt 0.0120482 0.375
vt 0.0240964 0.3125
vt 0.0240964 0.375
vt 0.0240964 0.3125
vt 0.0361446 0.3125
vt 0.0240964 0.375
vt 0.0240964 0.375
vt 0.0361446 0.3125
vt 0.0361446 0.375
vt 0.0361446 0.3125
vt 0.0481928 0.3125
vt 0.0361446 0.375
vt 0.0361446 0.375
vt 0.0481928 0.3125
vt 0.0481928 0.375
vt 0.0481928 0.3125
vt 0.060241 0.3125
vt 0.0481928 0.375
vt 0.0481928 0.375
vt 0.060241 0.3125
vt 0.060241 0.375
vt 0.060241 0.3125
vt 0.0722892 0.3125
vt 0.060241 0.375
vt 0.060241 0.375
vt 0.0722892 0.3125
vt 0.0722892 0.375
vt 0.0722892 0.3125
vt 0.0843373 0.3125
vt 0.0722892 0.375
vt 0.0722892 0.375
vt 0.0843373 0.3125
vt 0.0843373 0.375
vt 0.0843373 0.3125
vt 0.0963855 0.3125
vt 0.0843373 0.375
vt 0.0843373 0.375
vt 0.0963855 0.3125
vt 0.0963855 0.375
vt 0.0963855 0.3125
vt 0.108434 0.3125
vt 0.0963855 0.375
vt 0.0963855 0.375
vt 0.108434 0.3125
vt 0.108434 0.375
vt 0.108434 0.3125
vt 0.120482 0.3125
vt 0.108434 0.375
vt 0.108434 0.375
vt 0.120482 0.3125
vt 0.120482 0.375
vt 0.120482 0.3125
vt 0.13253 0.3125
vt 0.120482 0.375
vt 0.120482 0.375
vt 0.13253 0.3125
vt 0.13253 0.375
vt 0.13253 0.3125
vt 0.144578 0.3125
vt 0.13253 0.375
vt 0.13253 0.375
vt 0.144578 0.3125
vt 0.144578 0.375
vt 0.144578 0.3125
vt 0.156627 0.3125
vt 0.144578 0.375
vt 0.144578 0.375
vt 0.156627 0.3125
vt 0.156627 0.375
vt 0.156627 0.3125
vt 0.168675 0.3125
vt 0.156627 0.375
vt 0.156627 0.375
vt 0.168675 0.3125
vt 0.168675 0.375
vt 0.168675 0.3125
vt 0.180723 0.3125
vt 0.168675 0.375
vt 0.168675 0.375
vt 0.180723 0.3125
vt 0.180723 0.375
vt 0.180723 0.3125
vt 0.192771 0.3125
vt 0.180723 0.375
vt 0.180723 0.375
vt 0.192771 0.3125
vt 0.192771 0.375
vt 0.192771 0.3125
vt 0.204819 0.3125
vt 0.192771 0.375
vt 0.192771 0.375
vt 0.204819 0.3125
vt 0.204819 0.375
vt 0.204819 0.3125
vt 0.216867 0.3125
vt 0.204819 0.375
vt 0.204819 0.375
vt 0.216867 0.3125
vt 0.216867 0.375
vt 0.216867 0.3125
vt 0.228916 0.3125
vt 0.216867 0.375
vt 0.216867 0.375
vt 0.228916 0.3125
vt 0.228916 0.375
vt 0.228916 0.3125
vt 0.240964 0.3125
vt 0.228916 0.375
vt 0.228916 0.375
vt 0.240964 0.3125
vt 0.240964 0.375
vt 0.240964 0.3125
vt 0.253012 0.3125
vt 0.240964 0.375
vt 0.240964 0.375
vt 0.253012 0.3125
vt 0.253012 0.375
vt 0.253012 0.3125
vt 0.26506 0.3125
vt 0.253012 0.375
vt 0.253012 0.375
vt 0.26506 0.3125
vt 0.26506 0.375
vt 0.26506 0.3125
vt 0.277108 0.3125
vt 0.26506 0.375
vt 0.26506 0.375
vt 0.277108 0.3125
vt 0.277108 0.375
vt 0.277108 0.3125
vt 0.289157 0.3125
vt 0.277108 0.375
vt 0.277108 0.375
vt 0.289157 0.3125
vt 0.289157 0.375
vt 0.289157 0.3125
vt 0.301205 0.3125
vt 0.289157 0.375
vt 0.289157 0.375
vt 0.301205 0.3125
vt 0.301205 0.375
vt 0.301205 0.3125
vt 0.313253 0.3125
vt 0.301205 0.375
vt 0.301205 0.375
vt 0.313253 0.3125
vt 0.313253 0.375
vt 0.313253 0.3125
vt 0.325301 0.3125
vt 0.313253 0.375
vt 0.313253 0.375
vt 0.325301 0.3125
vt 0.325301 0.375
vt 0.325301 0.3125
vt 0.337349 0.3125
vt 0.325301 0.375
vt 0.325301 0.375
vt 0.337349 0.3125
vt 0.337349 0.375
vt 0.337349 0.3125
vt 0.349398 0.3125
vt 0.337349 0.375
vt 0.337349 0.375
vt 0.349398 0.3125
vt 0.349398 0.375
vt 0.349398 0.3125
vt 0.361446 0.3125
vt 0.349398 0.375
vt 0.349398 0.375
vt 0.361446 0.3125
vt 0.361446 0.375
vt 0.361446 0.3125
vt 0.373494 0.3125
vt 0.361446 0.375
vt 0.361446 0.375
vt 0.373494 0.3125
vt 0.373494 0.375
vt 0.373494 0.3125
vt 0.385542 0.3125
vt 0.373494 0.375
vt 0.373494 0.375
vt 0.385542 0.3125
vt 0.385542 0.375
vt 0.385542 0.3125
vt 0.39759 0.3125
vt 0.385542 0.375
vt 0.385542 0.375
vt 0.39759 0.3125
vt 0.39759 0.375
vt 0.39759 0.3125
vt 0.409639 0.3125
vt 0.39759 0.375
vt 0.39759 0.375
vt 0.409639 0.3125
vt 0.409639 0.375
vt 0.409639 0.3125
vt 0.421687 0.3125
vt 0.409639 0.375
vt 0.409639 0.375
vt 0.421687 0.3125
vt 0.421687 0.375
vt 0.421687 0.3125
vt 0.433735 0.3125
vt 0.421687 0.375
vt 0.421687 0.375
vt 0.433735 0.3125
vt 0.433735 0.375
vt 0.433735 0.3125
vt 0.445783 0.3125
vt 0.433735 0.375
vt 0.433735 0.375
vt 0.445783 0.3125
vt 0.445783 0.375
vt 0.445783 0.3125
vt 0.457831 0.3125
vt 0.445783 0.375
vt 0.445783 0.375
vt 0.457831 0.3125
vt 0.457831 0.375
vt 0.457831 0.3125
vt 0.46988 0.3125
vt 0.457831 0.375
vt 0.457831 0.375
vt 0.46988 0.3125
vt 0.46988 0.375
vt 0.46988 0.3125
vt 0.481928 0.3125
vt 0.46988 0.375
vt 0.46988 0.375
vt 0.481928 0.3125
vt 0.481928 0.375
vt 0.481928 0.3125
vt 0.493976 0.3125
vt 0.481928 0.375
vt 0.481928 0.375
vt 0.493976 0.3125
vt 0.493976 0.375
vt 0.493976 0.3125
vt 0.506024 0.3125
vt 0.493976 0.375
vt 0.493976 0.375
vt 0.506024 0.3125
vt 0.506024 0.375
vt 0.506024 0.3125
vt 0.518072 0.3125
vt 0.506024 0.375
vt 0.506024 0.375
vt 0.518072 0.3125
vt 0.518072 0.375
vt 0.518072 0.3125
vt 0.53012 0.3125
vt 0.518072 0.375
vt 0.518072 0.375
vt 0.53012 0.3125
vt 0.53012 0.375
vt 0.53012 0.3125
vt 0.542169 0.3125
vt 0.53012 0.375
vt 0.53012 0.375
vt 0.542169 0.3125
vt 0.542169 0.375
vt 0.542169 0.3125
vt 0.554217 0.3125
vt 0.542169 0.375
vt 0.542169 0.375
vt 0.554217 0.3125
vt 0.554217 0.375
vt 0.554217 0.3125
vt 0.566265 0.3125
vt 0.554217 0.375
vt 0.554217 0.375
vt 0.566265 0.3125
vt 0.566265 0.375
vt 0.566265 0.3125
vt 0.578313 0.3125
vt 0.566265 0.375
vt 0.566265 0.375
vt 0.578313 0.3125
vt 0.578313 0.375
vt 0.578313 0.3125
vt 0.590361 0.3125
vt 0.578313 0.375
vt 0.578313 0.375
vt 0.590361 0.3125
vt 0.590361 0.375
vt 0.590361 0.3125
vt 0.60241 0.3125
vt 0.590361 0.375
vt 0.590361 0.375
vt 0.60241 0.3125
vt 0.60241 0.375
vt 0.60241 0.3125
vt 0.614458 0.3125
vt 0.60241 0.375
vt 0.60241 0.375
vt 0.614458 0.3125
vt 0.614458 0.375
vt 0.614458 0.3125
vt 0.626506 0.3125
vt 0.614458 0.375
vt 0.614458 0.375
vt 0.626506 0.3125
vt 0.626506 0.375
vt 0.626506 0.3125
vt 0.638554 0.3125
vt 0.626506 0.375
vt 0.626506 0.375
vt 0.638554 0.3125
vt 0.638554 0.375
vt 0.638554 0.3125
vt 0.650602 0.3125
vt 0.638554 0.375
vt 0.638554 0.375
vt 0.650602 0.3125
vt 0.650602 0.375
vt 0.650602 0.3125
vt 0.662651 0.3125
vt 0.650602 0.375
vt 0.650602 0.375
vt 0.662651 0.3125
vt 0.662651 0.375
vt 0.662651 0.3125
vt 0.674699 0.3125
vt 0.662651 0.375
vt 0.662651 0.375
vt 0.674699 0.3125
vt 0.674699 0.375
vt 0.674699 0.3125
vt 0.686747 0.3125
vt 0.674699 0.375
vt 0.674699 0.375
vt 0.686747 0.3125
vt 0.686747 0.375
vt 0.686747 0.3125
vt 0.698795 0.3125
vt 0.686747 0.375
vt 0.686747 0.375
vt 0.698795 0.3125
vt 0.698795 0.375
vt 0.698795 0.3125
vt 0.710843 0.3125
vt 0.698795 0.375
vt 0.698795 0.375
vt 0.710843 0.3125
vt 0.710843 0.375
vt 0.710843 0.3125
vt 0.722892 0.3125
vt 0.710843 0.375
vt 0.710843 0.375
vt 0.722892 0.3125
vt 0.722892 0.375
vt 0.722892 0.3125
vt 0.73494 0.3125
vt 0.722892 0.375
vt 0.722892 0.375
vt 0.73494 0.3125
vt 0.73494 0.375
vt 0.73494 0.3125
vt 0.746988 0.3125
vt 0.73494 0.375
vt 0.73494 0.375
vt 0.746988 0.3125
vt 0.746988 0.375
vt 0.746988 0.3125
vt 0.759036 0.3125
vt 0.746988 0.375
vt 0.746988 0.375
vt 0.759036 0.3125
vt 0.759036 0.375
vt 0.759036 0.3125
vt 0.771084 0.3125
vt 0.759036 0.375
vt 0.759036 0.375
vt 0.771084 0.3125
vt 0.771084 0.375
vt 0.771084 0.3125
vt 0.783133 0.3125
vt 0.771084 0.375
vt 0.771084 0.375
vt 0.783133 0.3125
vt 0.783133 0.375
vt 0.783133 0.3125
vt 0.795181 0.3125
vt 0.783133 0.375
vt 0.783133 0.375
vt 0.795181 0.3125
vt 0.795181 0.375
vt 0.795181 0.3125
vt 0.807229 0.3125
vt 0.795181 0.375
vt 0.795181 0.375
vt 0.807229 0.3125
vt 0.807229 0.375
vt 0.807229 0.3125
vt 0.819277 0.3125
vt 0.807229 0.375
vt 0.807229 0.375
vt 0.819277 0.3125
vt 0.819277 0.375
vt 0.819277 0.3125
vt 0.831325 0.3125
vt 0.819277 0.375
vt 0.819277 0.375
vt 0.831325 0.3125
vt 0.831325 0.375
vt 0.831325 0.3125
vt 0.843373 0.3125
vt 0.831325 0.375
vt 0.831325 0.375
vt 0.843373 0.3125
vt 0.843373 0.375
vt 0.843373 0.3125
vt 0.855422 0.3125
vt 0.843373 0.375
vt 0.843373 0.375
vt 0.855422 0.3125
vt 0.855422 0.375
vt 0.855422 0.3125
vt 0.86747 0.3125
vt 0.855422 0.375
vt 0.855422 0.375
vt 0.86747 0.3125
vt 0.86747 0.375
vt 0.86747 0.3125
vt 0.879518 0.3125
vt 0.86747 0.375
vt 0.86747 0.375
vt 0.879518 0.3125
vt 0.879518 0.375
vt 0.879518 0.3125
vt 0.891566 0.3125
vt 0.879518 0.375
vt 0.879518 0.375
vt 0.891566 0.3125
vt 0.891566 0.375
vt 0.891566 0.3125
vt 0.903614 0.3125
vt 0.891566 0.375
vt 0.891566 0.375
vt 0.903614 0.3125
vt 0.903614 0.375
vt 0.903614 0.3125
vt 0.915663 0.3125
vt 0.903614 0.375
vt 0.903614 0.375
vt 0.915663 0.3125
vt 0.915663 0.375
vt 0.915663 0.3125
vt 0.927711 0.3125
vt 0.915663 0.375
vt 0.915663 0.375
vt 0.927711 0.3125
vt 0.927711 0.375
vt 0.927711 0.3125
vt 0.939759 0.3125
vt 0.927711 0.375
vt 0.927711 0.375
vt 0.939759 0.3125
vt 0.939759 0.375
vt 0.939759 0.3125
vt 0.951807 0.3125
vt 0.939759 0.375
vt 0.939759 0.375
vt 0.951807 0.3125
vt 0.951807 0.375
vt 0.951807 0.3125
vt 0.963855 0.3125
vt 0.951807 0.375
vt 0.951807 0.375
vt 0.963855 0.3125
vt 0.963855 0.375
vt 0.963855 0.3125
vt 0.975904 0.3125
vt 0.963855 0.375
vt 0.963855 0.375
vt 0.975904 0.3125
vt 0.975904 0.375
vt 0.975904 0.3125
vt 0.987952 0.3125
vt 0.975904 0.375
vt 0.975904 0.375
vt 0.987952 0.3125
vt 0.987952 0.375
vt 0.987952 0.3125
vt 1 0.3125
vt 0.987952 0.375
vt 0.987952 0.375
vt 1 0.3125
vt 1 0.375
vt 0 0.375
vt 0.0120482 0.375
vt 0 0.4375
vt 0 0.4375
vt 0.0120482 0.375
vt 0.0120482 0.4375
vt 0.0120482 0.375
vt 0.0240964 0.375
vt 0.0120482 0.4375
vt 0.0120482 0.4375
vt 0.0240964 0.375
vt 0.0240964 0.4375
vt 0.0240964 0.375
vt 0.0361446 0.375
vt 0.0240964 0.4375
vt 0.0240964 0.4375
vt 0.0361446 0.375
vt 0.0361446 0.4375
vt 0.0361446 0.375
vt 0.0481928 0.375
vt 0.0361446 0.4375
vt 0.0361446 0.4375
vt 0.0481928 0.375
vt 0.0481928 0.4375
vt 0.0481928 0.375
vt 0.060241 0.375
vt 0.0481928 0.4375
vt 0.0481928 0.4375
vt 0.060241 0.375
vt 0.060241 0.4375
vt 0.060241 0.375
vt 0.0722892 0.375
vt 0.060241 0.4375
vt 0.060241 0.4375
vt 0.0722892 0.375
vt 0.0722892 0.4375
vt 0.0722892 0.375
vt 0.0843373 0.375
vt 0.0722892 0.4375
vt 0.0722892 0.4375
vt 0.0843373 0.375
vt 0.0843373 0.4375
vt 0.0843373 0.375
vt 0.0963855 0.375
vt 0.0843373 0.4375
vt 0.0843373 0.4375
vt 0.0963855 0.375
vt 0.0963855 0.4375
vt 0.0963855 0.375
vt 0.108434 0.375
vt 0.0963855 0.4375
vt 0.0963855 0.4375
vt 0.108434 0.375
vt 0.108434 0.4375
vt 0.108434 0.375
vt 0.120482 0.375
vt 0.108434 0.4375
vt 0.108434 0.4375
vt 0.120482 0.375
vt 0.120482 0.4375
vt 0.120482 0.375
vt 0.13253 0.375
vt 0.120482 0.4375
vt 0.120482 0.4375
vt 0.13253 0.375
vt 0.13253 0.4375
vt 0.13253 0.375
vt 0.144578 0.375
vt 0.13253 0.4375
vt 0.13253 0.4375
vt 0.144578 0.375
vt 0.144578 0.4375
vt 0.144578 0.375
vt 0.156627 0.375
vt 0.144578 0.4375
vt 0.144578 0.4375
vt 0.156627 0.375
vt 0.156627 0.4375
vt 0.156627 0.375
vt 0.168675 0.375
vt 0.156627 0.4375
vt 0.156627 0.4375
vt 0.168675 0.375
vt 0.168675 0.4375
vt 0.168675 0.375
vt 0.180723 0.375
vt 0.168675 0.4375
vt 0.168675 0.4375
vt 0.180723 0.375
vt 0.180723 0.4375
vt 0.180723 0.375
vt 0.192771 0.375
vt 0.180723 0.4375
vt 0.180723 0.4375
vt 0.192771 0.375
vt 0.192771 0.4375
vt 0.192771 0.375
vt 0.204819 0.375
vt 0.192771 0.4375
vt 0.192771 0.4375
vt 0.204819 0.375
vt 0.204819 0.4375
vt 0.204819 0.375
vt 0.216867 0.375
vt 0.204819 0.4375
vt 0.204819 0.4375
vt 0.216867 0.375
vt 0.216867 0.4375
vt 0.216867 0.375
vt 0.228916 0.375
vt 0.216867 0.4375
vt 0.216867 0.4375
vt 0.228916 0.375
vt 0.228916 0.4375
vt 0.228916 0.375
vt 0.240964 0.375
vt 0.228916 0.4375
vt 0.228916 0.4375
vt 0.240964 0.375
vt 0.240964 0.4375
vt 0.240964 0.375
vt 0.253012 0.375
vt 0.240964 0.4375
vt 0.240964 0.4375
vt 0.253012 0.375
vt 0.253012 0.4375
vt 0.253012 0.375
vt 0.26506 0.375
vt 0.253012 0.4375
vt 0.253012 0.4375
vt 0.26506 0.375
vt 0.26506 0.4375
vt 0.26506 0.375
vt 0.277108 0.375
vt 0.26506 0.4375
vt 0.26506 0.4375
vt 0.277108 0.375
vt 0.277108 0.4375
vt 0.277108 0.375
vt 0.289157 0.375
vt 0.277108 0.4375
vt 0.277108 0.4375
vt 0.289157 0.375
vt 0.289157 0.4375
vt 0.289157 0.375
vt 0.301205 0.375
vt 0.289157 0.4375
vt 0.289157 0.4375
vt 0.301205 0.375
vt 0.301205 0.4375
vt 0.301205 0.375
vt 0.313253 0.375
vt 0.301205 0.4375
vt 0.301205 0.4375
vt 0.313253 0.375
vt 0.313253 0.4375
vt 0.313253 0.375
vt 0.325301 0.375
vt 0.313253 0.4375
vt 0.313253 0.4375
vt 0.325301 0.375
vt 0.325301 0.4375
vt 0.325301 0.375
vt 0.337349 0.375
vt 0.325301 0.4375
vt 0.325301 0.4375
vt 0.337349 0.375
vt 0.337349 0.4375
vt 0.337349 0.375
vt 0.349398 0.375
vt 0.337349 0.4375
vt 0.337349 0.4375
vt 0.349398 0.375
vt 0.349398 0.4375
vt 0.349398 0.375
vt 0.361446 0.375
vt 0.349398 0.4375
vt 0.349398 0.4375
vt 0.361446 0.375
vt 0.361446 0.4375
vt 0.361446 0.375
vt 0.373494 0.375
vt 0.361446 0.4375
vt 0.361446 0.4375
vt 0.373494 0.375
vt 0.373494 0.4375
vt 0.373494 0.375
vt 0.385542 0.375
vt 0.373494 0.4375
vt 0.373494 0.4375
vt 0.385542 0.375
vt 0.385542 0.4375
vt 0.385542 0.375
vt 0.39759 0.375
vt 0.385542 0.4375
vt 0.385542 0.4375
vt 0.39759 0.375
vt 0.39759 0.4375
vt 0.39759 0.375
vt 0.409639 0.375
vt 0.39759 0.4375
vt 0.39759 0.4375
vt 0.409639 0.375
vt 0.409639 0.4375
vt 0.409639 0.375
vt 0.421687 0.375
vt 0.409639 0.4375
vt 0.409639 0.4375
vt 0.421687 0.375
vt 0.421687 0.4375
vt 0.421687 0.375
vt 0.433735 0.375
vt 0.421687 0.4375
vt 0.421687 0.4375
vt 0.433735 0.375
vt 0.433735 0.4375
vt 0.433735 0.375
vt 0.445783 0.375
vt 0.433735 0.4375
vt 0.433735 0.4375
vt 0.445783 0.375
vt 0.445783 0.4375
vt 0.445783 0.375
vt 0.457831 0.375
vt 0.445783 0.4375
vt 0.445783 0.4375
vt 0.457831 0.375
vt 0.457831 0.4375
vt 0.457831 0.375
vt 0.46988 0.375
vt 0.457831 0.4375
vt 0.457831 0.4375
vt 0.46988 0.375
vt 0.46988 0.4375
vt 0.46988 0.375
vt 0.481928 0.375
vt 0.46988 0.4375
vt 0.46988 0.4375
vt 0.481928 0.375
vt 0.481928 0.4375
vt 0.481928 0.375
vt 0.493976 0.375
vt 0.481928 0.4375
vt 0.481928 0.4375
vt 0.493976 0.375
vt 0.493976 0.4375
vt 0.493976 0.375
vt 0.506024 0.375
vt 0.493976 0.4375
vt 0.493976 0.4375
vt 0.506024 0.375
vt 0.506024 0.4375
vt 0.506024 0.375
vt 0.518072 0.375
vt 0.506024 0.4375
vt 0.506024 0.4375
vt 0.518072 0.375
vt 0.518072 0.4375
vt 0.518072 0.375
vt 0.53012 0.375
vt 0.518072 0.4375
vt 0.518072 0.4375
vt 0.53012 0.375
vt 0.53012 0.4375
vt 0.53012 0.375
vt 0.542169 0.375
vt 0.53012 0.4375
vt 0.53012 0.4375
vt 0.542169 0.375
vt 0.542169 0.4375
vt 0.542169 0.375
vt 0.554217 0.375
vt 0.542169 0.4375
vt 0.542169 0.4375
vt 0.554217 0.375
vt 0.554217 0.4375
vt 0.554217 0.375
vt 0.566265 0.375
vt 0.554217 0.4375
vt 0.554217 0.4375
vt 0.566265 0.375
vt 0.566265 0.4375
vt 0.566265 0.375
vt 0.578313 0.375
vt 0.566265 0.4375
vt 0.566265 0.4375
vt 0.578313 0.375
vt 0.578313 0.4375
vt 0.578313 0.375
vt 0.590361 0.375
vt 0.578313 0.4375
vt 0.578313 0.4375
vt 0.590361 0.375
vt 0.590361 0.4375
vt 0.590361 0.375
vt 0.60241 0.375
vt 0.590361 0.4375
vt 0.590361 0.4375
vt 0.60241 0.375
vt 0.60241 0.4375
vt 0.60241 0.375
vt 0.614458 0.375
vt 0.60241 0.4375
vt 0.60241 0.4375
vt 0.614458 0.375
vt 0.614458 0.4375
vt 0.614458 0.375
vt 0.626506 0.375
vt 0.614458 0.4375
vt 0.614458 0.4375
vt 0.626506 0.375
vt 0.626506 0.4375
vt 0.626506 0.375
vt 0.638554 0.375
vt 0.626506 0.4375
vt 0.626506 0.4375
vt 0.638554 0.375
vt 0.638554 0.4375
vt 0.638554 0.375
vt 0.650602 0.375
vt 0.638554 0.4375
vt 0.638554 0.4375
vt 0.650602 0.375
vt 0.650602 0.4375
vt 0.650602 0.375
vt 0.662651 0.375
vt 0.650602 0.4375
vt 0.650602 0.4375
vt 0.662651 0.375
vt 0.662651 0.4375
vt 0.662651 0.375
vt 0.674699 0.375
vt 0.662651 0.4375
vt 0.662651 0.4375
vt 0.674699 0.375
vt 0.674699 0.4375
vt 0.674699 0.375
vt 0.686747 0.375
vt 0.674699 0.4375
vt 0.674699 0.4375
vt 0.686747 0.375
vt 0.686747 0.4375
vt 0.686747 0.375
vt 0.698795 0.375
vt 0.686747 0.4375
vt 0.686747 0.4375
vt 0.698795 0.375
vt 0.698795 0.4375
vt 0.698795 0.375
vt 0.710843 0.375
vt 0.698795 0.4375
vt 0.698795 0.4375
vt 0.710843 0.375
vt 0.710843 0.4375
vt 0.710843 0.375
vt 0.722892 0.375
vt 0.710843 0.4375
vt 0.710843 0.4375
vt 0.722892 0.375
vt 0.722892 0.4375
vt 0.722892 0.375
vt 0.73494 0.375
vt 0.722892 0.4375
vt 0.722892 0.4375
vt 0.73494 0.375
vt 0.73494 0.4375
vt 0.73494 0.375
vt 0.746988 0.375
vt 0.73494 0.4375
vt 0.73494 0.4375
vt 0.746988 0.375
vt 0.746988 0.4375
vt 0.746988 0.375
vt 0.759036 0.375
vt 0.746988 0.4375
vt 0.746988 0.4375
vt 0.759036 0.375
vt 0.759036 0.4375
vt 0.759036 0.375
vt 0.771084 0.375
vt 0.759036 0.4375
vt 0.759036 0.4375
vt 0.771084 0.375
vt 0.771084 0.4375
vt 0.771084 0.375
vt 0.783133 0.375
vt 0.771084 0.4375
vt 0.771084 0.4375
vt 0.783133 0.375
vt 0.783133 0.4375
vt 0.783133 0.375
vt 0.795181 0.375
vt 0.783133 0.4375
vt 0.783133 0.4375
vt 0.795181 0.375
vt 0.795181 0.4375
vt 0.795181 0.375
vt 0.807229 0.375
vt 0.795181 0.4375
vt 0.795181 0.4375
vt 0.807229 0.375
vt 0.807229 0.4375
vt 0.807229 0.375
vt 0.819277 0.375
vt 0.807229 0.4375
vt 0.807229 0.4375
vt 0.819277 0.375
vt 0.819277 0.4375
vt 0.819277 0.375
vt 0.831325 0.375
vt 0.819277 0.4375
vt 0.819277 0.4375
vt 0.831325 0.375
vt 0.831325 0.4375
vt 0.831325 0.375
vt 0.843373 0.375
vt 0.831325 0.4375
vt 0.831325 0.4375
vt 0.843373 0.375
vt 0.843373 0.4375
vt 0.843373 0.375
vt 0.855422 0.375
vt 0.843373 0.4375
vt 0.843373 0.4375
vt 0.855422 0.375
vt 0.855422 0.4375
vt 0.855422 0.375
vt 0.86747 0.375
vt 0.855422 0.4375
vt 0.855422 0.4375
vt 0.86747 0.375
vt 0.86747 0.4375
vt 0.86747 0.375
vt 0.879518 0.375
vt 0.86747 0.4375
vt 0.86747 0.4375
vt 0.879518 0.375
vt 0.879518 0.4375
vt 0.879518 0.375
vt 0.891566 0.375
vt 0.879518 0.4375
vt 0.879518 0.4375
vt 0.891566 0.375
vt 0.891566 0.4375
vt 0.891566 0.375
vt 0.903614 0.375
vt 0.891566 0.4375
vt 0.891566 0.4375
vt 0.903614 0.375
vt 0.903614 0.4375
vt 0.903614 0.375
vt 0.915663 0.375
vt 0.903614 0.4375
vt 0.903614 0.4375
vt 0.915663 0.375
vt 0.915663 0.4375
vt 0.915663 0.375
vt 0.927711 0.375
vt 0.915663 0.4375
vt 0.915663 0.4375
vt 0.927711 0.375
vt 0.927711 0.4375
vt 0.927711 0.375
vt 0.939759 0.375
vt 0.927711 0.4375
vt 0.927711 0.4375
vt 0.939759 0.375
vt 0.939759 0.4375
vt 0.939759 0.375
vt 0.951807 0.375
vt 0.939759 0.4375
vt 0.939759 0.4375
vt 0.951807 0.375
vt 0.951807 0.4375
vt 0.951807 0.375
vt 0.963855 0.375
vt 0.951807 0.4375
vt 0.951807 0.4375
vt 0.963855 0.375
vt 0.963855 0.4375
vt 0.963855 0.375
vt 0.975904 0.375
vt 0.963855 0.4375
vt 0.963855 0.4375
vt 0.975904 0.375
vt 0.975904 0.4375
vt 0.975904 0.375
vt 0.987952 0.375
vt 0.975904 0.4375
vt 0.975904 0.4375
vt 0.987952 0.375
vt 0.987952 0.4375
vt 0.987952 0.375
vt 1 0.375
vt 0.987952 0.4375
vt 0.987952 0.4375
vt 1 0.375
vt 1 0.4375
vt 0 0.4375
vt 0.0120482 0.4375
vt 0 0.5
vt 0 0.5
vt 0.0120482 0.4375
vt 0.0120482 0.5
vt 0.0120482 0.4375
vt 0.0240964 0.4375
vt 0.0120482 0.5
vt 0.0120482 0.5
vt 0.0240964 0.4375
vt 0.0240964 0.5
vt 0.0240964 0.4375
vt 0.0361446 0.4375
vt 0.0240964 0.5
vt 0.0240964 0.5
vt 0.0361446 0.4375
vt 0.0361446 0.5
vt 0.0361446 0.4375
vt 0.0481928 0.4375
vt 0.0361446 0.5
vt 0.0361446 0.5
vt 0.0481928 0.4375
vt 0.0481928 0.5
vt 0.0481928 0.4375
vt 0.060241 0.4375
vt 0.0481928 0.5
vt 0.0481928 0.5
vt 0.060241 0.4375
vt 0.060241 0.5
vt 0.060241 0.4375
vt 0.0722892 0.4375
vt 0.060241 0.5
vt 0.060241 0.5
vt 0.0722892 0.4375
vt 0.0722892 0.5
vt 0.0722892 0.4375
vt 0.0843373 0.4375
vt 0.0722892 0.5
vt 0.0722892 0.5
vt 0.0843373 0.4375
vt 0.0843373 0.5
vt 0.0843373 0.4375
vt 0.0963855 0.4375
vt 0.0843373 0.5
vt 0.0843373 0.5
vt 0.0963855 0.4375
vt 0.0963855 0.5
vt 0.0963855 0.4375
vt 0.108434 0.4375
vt 0.0963855 0.5
vt 0.0963855 0.5
vt 0.108434 0.4375
vt 0.108434 0.5
vt 0.108434 0.4375
vt 0.120482 0.4375
vt 0.108434 0.5
vt 0.108434 0.5
vt 0.120482 0.4375
vt 0.120482 0.5
vt 0.120482 0.4375
vt 0.13253 0.4375
vt 0.120482 0.5
vt 0.120482 0.5
vt 0.13253 0.4375
vt 0.13253 0.5
vt 0.13253 0.4375
vt 0.144578 0.4375
vt 0.13253 0.5
vt 0.13253 0.5
vt 0.144578 0.4375
vt 0.144578 0.5
vt 0.144578 0.4375
vt 0.156627 0.4375
vt 0.144578 0.5
vt 0.144578 0.5
vt 0.156627 0.4375
vt 0.156627 0.5
vt 0.156627 0.4375
vt 0.168675 0.4375
vt 0.156627 0.5
vt 0.156627 0.5
vt 0.168675 0.4375
vt 0.168675 0.5
vt 0.168675 0.4375
vt 0.180723 0.4375
vt 0.168675 0.5
vt 0.168675 0.5
vt 0.180723 0.4375
vt 0.180723 0.5
vt 0.180723 0.4375
vt 0.192771 0.4375
vt 0.180723 0.5
vt 0.180723 0.5
vt 0.192771 0.4375
vt 0.192771 0.5
vt 0.192771 0.4375
vt 0.204819 0.4375
vt 0.192771 0.5
vt 0.192771 0.5
vt 0.204819 0.4375
vt 0.204819 0.5
vt 0.204819 0.4375
vt 0.216867 0.4375
vt 0.204819 0.5
vt 0.204819 0.5
vt 0.216867 0.4375
vt 0.216867 0.5
vt 0.216867 0.4375
vt 0.228916 0.4375
vt 0.216867 0.5
vt 0.216867 0.5
vt 0.228916 0.4375
vt 0.228916 0.5
vt 0.228916 0.4375
vt 0.240964 0.4375
vt 0.228916 0.5
vt 0.228916 0.5
vt 0.240964 0.4375
vt 0.240964 0.5
vt 0.240964 0.4375
vt 0.253012 0.4375
vt 0.240964 0.5
vt 0.240964 0.5
vt 0.253012 0.4375
vt 0.253012 0.5
vt 0.253012 0.4375
vt 0.26506 0.4375
vt 0.253012 0.5
vt 0.253012 0.5
vt 0.26506 0.4375
vt 0.26506 0.5
vt 0.26506 0.4375
vt 0.277108 0.4375
vt 0.26506 0.5
vt 0.26506 0.5
vt 0.277108 0.4375
vt 0.277108 0.5
vt 0.277108 0.4375
vt 0.289157 0.4375
vt 0.277108 0.5
vt 0.277108 0.5
vt 0.289157 0.4375
vt 0.289157 0.5
vt 0.289157 0.4375
vt 0.301205 0.4375
vt 0.289157 0.5
vt 0.289157 0.5
vt 0.301205 0.4375
vt 0.301205 0.5
vt 0.301205 0.4375
vt 0.313253 0.4375
vt 0.301205 0.5
vt 0.301205 0.5
vt 0.313253 0.4375
vt 0.313253 0.5
vt 0.313253 0.4375
vt 0.325301 0.4375
vt 0.313253 0.5
vt 0.313253 0.5
vt 0.325301 0.4375
vt 0.325301 0.5
vt 0.325301 0.4375
vt 0.337349 0.4375
vt 0.325301 0.5
vt 0.325301 0.5
vt 0.337349 0.4375
vt 0.337349 0.5
vt 0.337349 0.4375
vt 0.349398 0.4375
vt 0.337349 0.5
vt 0.337349 0.5
vt 0.349398 0.4375
vt 0.349398 0.5
vt 0.349398 0.4375
vt 0.361446 0.4375
vt 0.349398 0.5
vt 0.349398 0.5
vt 0.361446 0.4375
vt 0.361446 0.5
vt 0.361446 0.4375
vt 0.373494 0.4375
vt 0.361446 0.5
vt 0.361446 0.5
vt 0.373494 0.4375
vt 0.373494 0.5
vt 0.373494 0.4375
vt 0.385542 0.4375
vt 0.373494 0.5
vt 0.373494 0.5
vt 0.385542 0.4375
vt 0.385542 0.5
vt 0.385542 0.4375
vt 0.39759 0.4375
vt 0.385542 0.5
vt 0.385542 0.5
vt 0.39759 0.4375
vt 0.39759 0.5
vt 0.39759 0.4375
vt 0.409639 0.4375
vt 0.39759 0.5
vt 0.39759 0.5
vt 0.409639 0.4375
vt 0.409639 0.5
vt 0.409639 0.4375
vt 0.421687 0.4375
vt 0.409639 0.5
vt 0.409639 0.5
vt 0.421687 0.4375
vt 0.421687 0.5
vt 0.421687 0.4375
vt 0.433735 0.4375
vt 0.421687 0.5
vt 0.421687 0.5
vt 0.433735 0.4375
vt 0.433735 0.5
vt 0.433735 0.4375
vt 0.445783 0.4375
vt 0.433735 0.5
vt 0.433735 0.5
vt 0.445783 0.4375
vt 0.445783 0.5
vt 0.445783 0.4375
vt 0.457831 0.4375
vt 0.445783 0.5
vt 0.445783 0.5
vt 0.457831 0.4375
vt 0.457831 0.5
vt 0.457831 0.4375
vt 0.46988 0.4375
vt 0.457831 0.5
vt 0.457831 0.5
vt 0.46988 0.4375
vt 0.46988 0.5
vt 0.46988 0.4375
vt 0.481928 0.4375
vt 0.46988 0.5
vt 0.46988 0.5
vt 0.481928 0.4375
vt 0.481928 0.5
vt 0.481928 0.4375
vt 0.493976 0.4375
vt 0.481928 0.5
vt 0.481928 0.5
vt 0.493976 0.4375
vt 0.493976 0.5
vt 0.493976 0.4375
vt 0.506024 0.4375
vt 0.493976 0.5
vt 0.493976 0.5
vt 0.506024 0.4375
vt 0.506024 0.5
vt 0.506024 0.4375
vt 0.518072 0.4375
vt 0.506024 0.5
vt 0.506024 0.5
vt 0.518072 0.4375
vt 0.518072 0.5
vt 0.518072 0.4375
vt 0.53012 0.4375
vt 0.518072 0.5
vt 0.518072 0.5
vt 0.53012 0.4375
vt 0.53012 0.5
vt 0.53012 0.4375
vt 0.542169 0.4375
vt 0.53012 0.5
vt 0.53012 0.5
vt 0.542169 0.4375
vt 0.542169 0.5
vt 0.542169 0.4375
vt 0.554217 0.4375
vt 0.542169 0.5
vt 0.542169 0.5
vt 0.554217 0.4375
vt 0.554217 0.5
vt 0.554217 0.4375
vt 0.566265 0.4375
vt 0.554217 0.5
vt 0.554217 0.5
vt 0.566265 0.4375
vt 0.566265 0.5
vt 0.566265 0.4375
vt 0.578313 0.4375
vt 0.566265 0.5
vt 0.566265 0.5
vt 0.578313 0.4375
vt 0.578313 0.5
vt 0.578313 0.4375
vt 0.590361 0.4375
vt 0.578313 0.5
vt 0.578313 0.5
vt 0.590361 0.4375
vt 0.590361 0.5
vt 0.590361 0.4375
vt 0.60241 0.4375
vt 0.590361 0.5
vt 0.590361 0.5
vt 0.60241 0.4375
vt 0.60241 0.5
vt 0.60241 0.4375
vt 0.614458 0.4375
vt 0.60241 0.5
vt 0.60241 0.5
vt 0.614458 0.4375
vt 0.614458 0.5
vt 0.614458 0.4375
vt 0.626506 0.4375
vt 0.614458 0.5
vt 0.614458 0.5
vt 0.626506 0.4375
vt 0.626506 0.5
vt 0.626506 0.4375
vt 0.638554 0.4375
vt 0.626506 0.5
vt 0.626506 0.5
vt 0.638554 0.4375
vt 0.638554 0.5
vt 0.638554 0.4375
vt 0.650602 0.4375
vt 0.638554 0.5
vt 0.638554 0.5
vt 0.650602 0.4375
vt 0.650602 0.5
vt 0.650602 0.4375
vt 0.662651 0.4375
vt 0.650602 0.5
vt 0.650602 0.5
vt 0.662651 0.4375
vt 0.662651 0.5
vt 0.662651 0.4375
vt 0.674699 0.4375
vt 0.662651 0.5
vt 0.662651 0.5
vt 0.674699 0.4375
vt 0.674699 0.5
vt 0.674699 0.4375
vt 0.686747 0.4375
vt 0.674699 0.5
vt 0.674699 0.5
vt 0.686747 0.4375
vt 0.686747 0.5
vt 0.686747 0.4375
vt 0.698795 0.4375
vt 0.686747 0.5
vt 0.686747 0.5
vt 0.698795 0.4375
vt 0.698795 0.5
vt 0.698795 0.4375
vt 0.710843 0.4375
vt 0.698795 0.5
vt 0.698795 0.5
vt 0.710843 0.4375
vt 0.710843 0.5
vt 0.710843 0.4375
vt 0.722892 0.4375
vt 0.710843 0.5
vt 0.710843 0.5
vt 0.722892 0.4375
vt 0.722892 0.5
vt 0.722892 0.4375
vt 0.73494 0.4375
vt 0.722892 0.5
vt 0.722892 0.5
vt 0.73494 0.4375
vt 0.73494 0.5
vt 0.73494 0.4375
vt 0.746988 0.4375
vt 0.73494 0.5
vt 0.73494 0.5
vt 0.746988 0.4375
vt 0.746988 0.5
vt 0.746988 0.4375
vt 0.759036 0.4375
vt 0.746988 0.5
vt 0.746988 0.5
vt 0.759036 0.4375
vt 0.759036 0.5
vt 0.759036 0.4375
vt 0.771084 0.4375
vt 0.759036 0.5
vt 0.759036 0.5
vt 0.771084 0.4375
vt 0.771084 0.5
vt 0.771084 0.4375
vt 0.783133 0.4375
vt 0.771084 0.5
vt 0.771084 0.5
vt 0.783133 0.4375
vt 0.783133 0.5
vt 0.783133 0.4375
vt 0.795181 0.4375
vt 0.783133 0.5
vt 0.783133 0.5
vt 0.795181 0.4375
vt 0.795181 0.5
vt 0.795181 0.4375
vt 0.807229 0.4375
vt 0.795181 0.5
vt 0.795181 0.5
vt 0.807229 0.4375
vt 0.807229 0.5
vt 0.807229 0.4375
vt 0.819277 0.4375
vt 0.807229 0.5
vt 0.807229 0.5
vt 0.819277 0.4375
vt 0.819277 0.5
vt 0.819277 0.4375
vt 0.831325 0.4375
vt 0.819277 0.5
vt 0.819277 0.5
vt 0.831325 0.4375
vt 0.831325 0.5
vt 0.831325 0.4375
vt 0.843373 0.4375
vt 0.831325 0.5
vt 0.831325 0.5
vt 0.843373 0.4375
vt 0.843373 0.5
vt 0.843373 0.4375
vt 0.855422 0.4375
vt 0.843373 0.5
vt 0.843373 0.5
vt 0.855422 0.4375
vt 0.855422 0.5
vt 0.855422 0.4375
vt 0.86747 0.4375
vt 0.855422 0.5
vt 0.855422 0.5
vt 0.86747 0.4375
vt 0.86747 0.5
vt 0.86747 0.4375
vt 0.879518 0.4375
vt 0.86747 0.5
vt 0.86747 0.5
vt 0.879518 0.4375
vt 0.879518 0.5
vt 0.879518 0.4375
vt 0.891566 0.4375
vt 0.879518 0.5
vt 0.879518 0.5
vt 0.891566 0.4375
vt 0.891566 0.5
vt 0.891566 0.4375
vt 0.903614 0.4375
vt 0.891566 0.5
vt 0.891566 0.5
vt 0.903614 0.4375
vt 0.903614 0.5
vt 0.903614 0.4375
vt 0.915663 0.4375
vt 0.903614 0.5
vt 0.903614 0.5
vt 0.915663 0.4375
vt 0.915663 0.5
vt 0.915663 0.4375
vt 0.927711 0.4375
vt 0.915663 0.5
vt 0.915663 0.5
vt 0.927711 0.4375
vt 0.927711 0.5
vt 0.927711 0.4375
vt 0.939759 0.4375
vt 0.927711 0.5
vt 0.927711 0.5
vt 0.939759 0.4375
vt 0.939759 0.5
vt 0.939759 0.4375
vt 0.951807 0.4375
vt 0.939759 0.5
vt 0.939759 0.5
vt 0.951807 0.4375
vt 0.951807 0.5
vt 0.951807 0.4375
vt 0.963855 0.4375
vt 0.951807 0.5
vt 0.951807 0.5
vt 0.963855 0.4375
vt 0.963855 0.5
vt 0.963855 0.4375
vt 0.975904 0.4375
vt 0.963855 0.5
vt 0.963855 0.5
vt 0.975904 0.4375
vt 0.975904 0.5
vt 0.975904 0.4375
vt 0.987952 0.4375
vt 0.975904 0.5
vt 0.975904 0.5
vt 0.987952 0.4375
vt 0.987952 0.5
vt 0.987952 0.4375
vt 1 0.4375
vt 0.987952 0.5
vt 0.987952 0.5
vt 1 0.4375
vt 1 0.5
vt 0 0.5
vt 0.0120482 0.5
vt 0 0.5625
vt 0 0.5625
vt 0.0120482 0.5
vt 0.0120482 0.5625
vt 0.0120482 0.5
vt 0.0240964 0.5
vt 0.0120482 0.5625
vt 0.0120482 0.5625
vt 0.0240964 0.5
vt 0.0240964 0.5625
vt 0.0240964 0.5
vt 0.0361446 0.5
vt 0.0240964 0.5625
vt 0.0240964 0.5625
vt 0.0361446 0.5
vt 0.0361446 0.5625
vt 0.0361446 0.5
vt 0.0481928 0.5
vt 0.0361446 0.5625
vt 0.0361446 0.5625
vt 0.0481928 0.5
vt 0.0481928 0.5625
vt 0.0481928 0.5
vt 0.060241 0.5
vt 0.0481928 0.5625
vt 0.0481928 0.5625
vt 0.060241 0.5
vt 0.060241 0.5625
vt 0.060241 0.5
vt 0.0722892 0.5
vt 0.060241 0.5625
vt 0.060241 0.5625
vt 0.0722892 0.5
vt 0.0722892 0.5625
vt 0.0722892 0.5
vt 0.0843373 0.5
vt 0.0722892 0.5625
vt 0.0722892 0.5625
vt 0.0843373 0.5
vt 0.0843373 0.5625
vt 0.0843373 0.5
vt 0.0963855 0.5
vt 0.0843373 0.5625
vt 0.0843373 0.5625
vt 0.0963855 0.5
vt 0.0963855 0.5625
vt 0.0963855 0.5
vt 0.108434 0.5
vt 0.0963855 0.5625
vt 0.0963855 0.5625
vt 0.108434 0.5
vt 0.108434 0.5625
vt 0.108434 0.5
vt 0.120482 0.5
vt 0.108434 0.5625
vt 0.108434 0.5625
vt 0.120482 0.5
vt 0.120482 0.5625
vt 0.120482 0.5
vt 0.13253 0.5
vt 0.120482 0.5625
vt 0.120482 0.5625
vt 0.13253 0.5
vt 0.13253 0.5625
vt 0.13253 0.5
vt 0.144578 0.5
vt 0.13253 0.5625
vt 0.13253 0.5625
vt 0.144578 0.5
vt 0.144578 0.5625
vt 0.144578 0.5
vt 0.156627 0.5
vt 0.144578 0.5625
vt 0.144578 0.5625
vt 0.156627 0.5
vt 0.156627 0.5625
vt 0.156627 0.5
vt 0.168675 0.5
vt 0.156627 0.5625
vt 0.156627 0.5625
vt 0.168675 0.5
vt 0.168675 0.5625
vt 0.168675 0.5
vt 0.180723 0.5
vt 0.168675 0.5625
vt 0.168675 0.5625
vt 0.180723 0.5
vt 0.180723 0.5625
vt 0.180723 0.5
vt 0.192771 0.5
vt 0.180723 0.5625
vt 0.180723 0.5625
vt 0.192771 0.5
vt 0.192771 0.5625
vt 0.192771 0.5
vt 0.204819 0.5
vt 0.192771 0.5625
vt 0.192771 0.5625
vt 0.204819 0.5
vt 0.204819 0.5625
vt 0.204819 0.5
vt 0.216867 0.5
vt 0.204819 0.5625
vt 0.204819 0.5625
vt 0.216867 0.5
vt 0.216867 0.5625
vt 0.216867 0.5
vt 0.228916 0.5
vt 0.216867 0.5625
vt 0.216867 0.5625
vt 0.228916 0.5
vt 0.228916 0.5625
vt 0.228916 0.5
vt 0.240964 0.5
vt 0.228916 0.5625
vt 0.228916 0.5625
vt 0.240964 0.5
vt 0.240964 0.5625
vt 0.240964 0.5
vt 0.253012 0.5
vt 0.240964 0.5625
vt 0.240964 0.5625
vt 0.253012 0.5
vt 0.253012 0.5625
vt 0.253012 0.5
vt 0.26506 0.5
vt 0.253012 0.5625
vt 0.253012 0.5625
vt 0.26506 0.5
vt 0.26506 0.5625
vt 0.26506 0.5
vt 0.277108 0.5
vt 0.26506 0.5625
vt 0.26506 0.5625
vt 0.277108 0.5
vt 0.277108 0.5625
vt 0.277108 0.5
vt 0.289157 0.5
vt 0.277108 0.5625
vt 0.277108 0.5625
vt 0.289157 0.5
vt 0.289157 0.5625
vt 0.289157 0.5
vt 0.301205 0.5
vt 0.289157 0.5625
vt 0.289157 0.5625
vt 0.301205 0.5
vt 0.301205 0.5625
vt 0.301205 0.5
vt 0.313253 0.5
vt 0.301205 0.5625
vt 0.301205 0.5625
vt 0.313253 0.5
vt 0.313253 0.5625
vt 0.313253 0.5
vt 0.325301 0.5
vt 0.313253 0.5625
vt 0.313253 0.5625
vt 0.325301 0.5
vt 0.325301 0.5625
vt 0.325301 0.5
vt 0.337349 0.5
vt 0.325301 0.5625
vt 0.325301 0.5625
vt 0.337349 0.5
vt 0.337349 0.5625
vt 0.337349 0.5
vt 0.349398 0.5
vt 0.337349 0.5625
vt 0.337349 0.5625
vt 0.349398 0.5
vt 0.349398 0.5625
vt 0.349398 0.5
vt 0.361446 0.5
vt 0.349398 0.5625
vt 0.349398 0.5625
vt 0.361446 0.5
vt 0.361446 0.5625
vt 0.361446 0.5
vt 0.373494 0.5
vt 0.361446 0.5625
vt 0.361446 0.5625
vt 0.373494 0.5
vt 0.373494 0.5625
vt 0.373494 0.5
vt 0.385542 0.5
vt 0.373494 0.5625
vt 0.373494 0.5625
vt 0.385542 0.5
vt 0.385542 0.5625
vt 0.385542 0.5
vt 0.39759 0.5
vt 0.385542 0.5625
vt 0.385542 0.5625
vt 0.39759 0.5
vt 0.39759 0.5625
vt 0.39759 0.5
vt 0.409639 0.5
vt 0.39759 0.5625
vt 0.39759 0.5625
vt 0.409639 0.5
vt 0.409639 0.5625
vt 0.409639 0.5
vt 0.421687 0.5
vt 0.409639 0.5625
vt 0.409639 0.5625
vt 0.421687 0.5
vt 0.421687 0.5625
vt 0.421687 0.5
vt 0.433735 0.5
vt 0.421687 0.5625
vt 0.421687 0.5625
vt 0.433735 0.5
vt 0.433735 0.5625
vt 0.433735 0.5
vt 0.445783 0.5
vt 0.433735 0.5625
vt 0.433735 0.5625
vt 0.445783 0.5
vt 0.445783 0.5625
vt 0.445783 0.5
vt 0.457831 0.5
vt 0.445783 0.5625
vt 0.445783 0.5625
vt 0.457831 0.5
vt 0.457831 0.5625
vt 0.457831 0.5
vt 0.46988 0.5
vt 0.457831 0.5625
vt 0.457831 0.5625
vt 0.46988 0.5
vt 0.46988 0.5625
vt 0.46988 0.5
vt 0.481928 0.5
vt 0.46988 0.5625
vt 0.46988 0.5625
vt 0.481928 0.5
vt 0.481928 0.5625
vt 0.481928 0.5
vt 0.493976 0.5
vt 0.481928 0.5625
vt 0.481928 0.5625
vt 0.493976 0.5
vt 0.493976 0.5625
vt 0.493976 0.5
vt 0.506024 0.5
vt 0.493976 0.5625
vt 0.493976 0.5625
vt 0.506024 0.5
vt 0.506024 0.5625
vt 0.506024 0.5
vt 0.518072 0.5
vt 0.506024 0.5625
vt 0.506024 0.5625
vt 0.518072 0.5
vt 0.518072 0.5625
vt 0.518072 0.5
vt 0.53012 0.5
vt 0.518072 0.5625
vt 0.518072 0.5625
vt 0.53012 0.5
vt 0.53012 0.5625
vt 0.53012 0.5
vt 0.542169 0.5
vt 0.53012 0.5625
vt 0.53012 0.5625
vt 0.542169 0.5
vt 0.542169 0.5625
vt 0.542169 0.5
vt 0.554217 0.5
vt 0.542169 0.5625
vt 0.542169 0.5625
vt 0.554217 0.5
vt 0.554217 0.5625
vt 0.554217 0.5
vt 0.566265 0.5
vt 0.554217 0.5625
vt 0.554217 0.5625
vt 0.566265 0.5
vt 0.566265 0.5625
vt 0.566265 0.5
vt 0.578313 0.5
vt 0.566265 0.5625
vt 0.566265 0.5625
vt 0.578313 0.5
vt 0.578313 0.5625
vt 0.578313 0.5
vt 0.590361 0.5
vt 0.578313 0.5625
vt 0.578313 0.5625
vt 0.590361 0.5
vt 0.590361 0.5625
vt 0.590361 0.5
vt 0.60241 0.5
vt 0.590361 0.5625
vt 0.590361 0.5625
vt 0.60241 0.5
vt 0.60241 0.5625
vt 0.60241 0.5
vt 0.614458 0.5
vt 0.60241 0.5625
vt 0.60241 0.5625
vt 0.614458 0.5
vt 0.614458 0.5625
vt 0.614458 0.5
vt 0.626506 0.5
vt 0.614458 0.5625
vt 0.614458 0.5625
vt 0.626506 0.5
vt 0.626506 0.5625
vt 0.626506 0.5
vt 0.638554 0.5
vt 0.626506 0.5625
vt 0.626506 0.5625
vt 0.638554 0.5
vt 0.638554 0.5625
vt 0.638554 0.5
vt 0.650602 0.5
vt 0.638554 0.5625
vt 0.638554 0.5625
vt 0.650602 0.5
vt 0.650602 0.5625
vt 0.650602 0.5
vt 0.662651 0.5
vt 0.650602 0.5625
vt 0.650602 0.5625
vt 0.662651 0.5
vt 0.662651 0.5625
vt 0.662651 0.5
vt 0.674699 0.5
vt 0.662651 0.5625
vt 0.662651 0.5625
vt 0.674699 0.5
vt 0.674699 0.5625
vt 0.674699 0.5
vt 0.686747 0.5
vt 0.674699 0.5625
vt 0.674699 0.5625
vt 0.686747 0.5
vt 0.686747 0.5625
vt 0.686747 0.5
vt 0.698795 0.5
vt 0.686747 0.5625
vt 0.686747 0.5625
vt 0.698795 0.5
vt 0.698795 0.5625
vt 0.698795 0.5
vt 0.710843 0.5
vt 0.698795 0.5625
vt 0.698795 0.5625
vt 0.710843 0.5
vt 0.710843 0.5625
vt 0.710843 0.5
vt 0.722892 0.5
vt 0.710843 0.5625
vt 0.710843 0.5625
vt 0.722892 0.5
vt 0.722892 0.5625
vt 0.722892 0.5
vt 0.73494 0.5
vt 0.722892 0.5625
vt 0.722892 0.5625
vt 0.73494 0.5
vt 0.73494 0.5625
vt 0.73494 0.5
vt 0.746988 0.5
vt 0.73494 0.5625
vt 0.73494 0.5625
vt 0.746988 0.5
vt 0.746988 0.5625
vt 0.746988 0.5
vt 0.759036 0.5
vt 0.746988 0.5625
vt 0.746988 0.5625
vt 0.759036 0.5
vt 0.759036 0.5625
vt 0.759036 0.5
vt 0.771084 0.5
vt 0.759036 0.5625
vt 0.759036 0.5625
vt 0.771084 0.5
vt 0.771084 0.5625
vt 0.771084 0.5
vt 0.783133 0.5
vt 0.771084 0.5625
vt 0.771084 0.5625
vt 0.783133 0.5
vt 0.783133 0.5625
vt 0.783133 0.5
vt 0.795181 0.5
vt 0.783133 0.5625
vt 0.783133 0.5625
vt 0.795181 0.5
vt 0.795181 0.5625
vt 0.795181 0.5
vt 0.807229 0.5
vt 0.795181 0.5625
vt 0.795181 0.5625
vt 0.807229 0.5
vt 0.807229 0.5625
vt 0.807229 0.5
vt 0.819277 0.5
vt 0.807229 0.5625
vt 0.807229 0.5625
vt 0.819277 0.5
vt 0.819277 0.5625
vt 0.819277 0.5
vt 0.831325 0.5
vt 0.819277 0.5625
vt 0.819277 0.5625
vt 0.831325 0.5
vt 0.831325 0.5625
vt 0.831325 0.5
vt 0.843373 0.5
vt 0.831325 0.5625
vt 0.831325 0.5625
vt 0.843373 0.5
vt 0.843373 0.5625
vt 0.843373 0.5
vt 0.855422 0.5
vt 0.843373 0.5625
vt 0.843373 0.5625
vt 0.855422 0.5
vt 0.855422 0.5625
vt 0.855422 0.5
vt 0.86747 0.5
vt 0.855422 0.5625
vt 0.855422 0.5625
vt 0.86747 0.5
vt 0.86747 0.5625
vt 0.86747 0.5
vt 0.879518 0.5
vt 0.86747 0.5625
vt 0.86747 0.5625
vt 0.879518 0.5
vt 0.879518 0.5625
vt 0.879518 0.5
vt 0.891566 0.5
vt 0.879518 0.5625
vt 0.879518 0.5625
vt 0.891566 0.5
vt 0.891566 0.5625
vt 0.891566 0.5
vt 0.903614 0.5
vt 0.891566 0.5625
vt 0.891566 0.5625
vt 0.903614 0.5
vt 0.903614 0.5625
vt 0.903614 0.5
vt 0.915663 0.5
vt 0.903614 0.5625
vt 0.903614 0.5625
vt 0.915663 0.5
vt 0.915663 0.5625
vt 0.915663 0.5
vt 0.927711 0.5
vt 0.915663 0.5625
vt 0.915663 0.5625
vt 0.927711 0.5
vt 0.927711 0.5625
vt 0.927711 0.5
vt 0.939759 0.5
vt 0.927711 0.5625
vt 0.927711 0.5625
vt 0.939759 0.5
vt 0.939759 0.5625
vt 0.939759 0.5
vt 0.951807 0.5
vt 0.939759 0.5625
vt 0.939759 0.5625
vt 0.951807 0.5
vt 0.951807 0.5625
vt 0.951807 0.5
vt 0.963855 0.5
vt 0.951807 0.5625
vt 0.951807 0.5625
vt 0.963855 0.5
vt 0.963855 0.5625
vt 0.963855 0.5
vt 0.975904 0.5
vt 0.963855 0.5625
vt 0.963855 0.5625
vt 0.975904 0.5
vt 0.975904 0.5625
vt 0.975904 0.5
vt 0.987952 0.5
vt 0.975904 0.5625
vt 0.975904 0.5625
vt 0.987952 0.5
vt 0.987952 0.5625
vt 0.987952 0.5
vt 1 0.5
vt 0.987952 0.5625
vt 0.987952 0.5625
vt 1 0.5
vt 1 0.5625
vt 0 0.5625
vt 0.0120482 0.5625
vt 0 0.625
vt 0 0.625
vt 0.0120482 0.5625
vt 0.0120482 0.625
vt 0.0120482 0.5625
vt 0.0240964 0.5625
vt 0.0120482 0.625
vt 0.0120482 0.625
vt 0.0240964 0.5625
vt 0.0240964 0.625
vt 0.0240964 0.5625
vt 0.0361446 0.5625
vt 0.0240964 0.625
vt 0.0240964 0.625
vt 0.0361446 0.5625
vt 0.0361446 0.625
vt 0.0361446 0.5625
vt 0.0481928 0.5625
vt 0.0361446 0.625
vt 0.0361446 0.625
vt 0.0481928 0.5625
vt 0.0481928 0.625
vt 0.0481928 0.5625
vt 0.060241 0.5625
vt 0.0481928 0.625
vt 0.0481928 0.625
vt 0.060241 0.5625
vt 0.060241 0.625
vt 0.060241 0.5625
vt 0.0722892 0.5625
vt 0.060241 0.625
vt 0.060241 0.625
vt 0.0722892 0.5625
vt 0.0722892 0.625
vt 0.0722892 0.5625
vt 0.0843373 0.5625
vt 0.0722892 0.625
vt 0.0722892 0.625
vt 0.0843373 0.5625
vt 0.0843373 0.625
vt 0.0843373 0.5625
vt 0.0963855 0.5625
vt 0.0843373 0.625
vt 0.0843373 0.625
vt 0.0963855 0.5625
vt 0.0963855 0.625
vt 0.0963855 0.5625
vt 0.108434 0.5625
vt 0.0963855 0.625
vt 0.0963855 0.625
vt 0.108434 0.5625
vt 0.108434 0.625
vt 0.108434 0.5625
vt 0.120482 0.5625
vt 0.108434 0.625
vt 0.108434 0.625
vt 0.120482 0.5625
vt 0.120482 0.625
vt 0.120482 0.5625
vt 0.13253 0.5625
vt 0.120482 0.625
vt 0.120482 0.625
vt 0.13253 0.5625
vt 0.13253 0.625
vt 0.13253 0.5625
vt 0.144578 0.5625
vt 0.13253 0.625
vt 0.13253 0.625
vt 0.144578 0.5625
vt 0.144578 0.625
vt 0.144578 0.5625
vt 0.156627 0.5625
vt 0.144578 0.625
vt 0.144578 0.625
vt 0.156627 0.5625
vt 0.156627 0.625
vt 0.156627 0.5625
vt 0.168675 0.5625
vt 0.156627 0.625
vt 0.156627 0.625
vt 0.168675 0.5625
vt 0.168675 0.625
vt 0.168675 0.5625
vt 0.180723 0.5625
vt 0.168675 0.625
vt 0.168675 0.625
vt 0.180723 0.5625
vt 0.180723 0.625
vt 0.180723 0.5625
vt 0.192771 0.5625
vt 0.180723 0.625
vt 0.180723 0.625
vt 0.192771 0.5625
vt 0.192771 0.625
vt 0.192771 0.5625
vt 0.204819 0.5625
vt 0.192771 0.625
vt 0.192771 0.625
vt 0.204819 0.5625
vt 0.204819 0.625
vt 0.204819 0.5625
vt 0.216867 0.5625
vt 0.204819 0.625
vt 0.204819 0.625
vt 0.216867 0.5625
vt 0.216867 0.625
vt 0.216867 0.5625
vt 0.228916 0.5625
vt 0.216867 0.625
vt 0.216867 0.625
vt 0.228916 0.5625
vt 0.228916 0.625
vt 0.228916 0.5625
vt 0.240964 0.5625
vt 0.228916 0.625
vt 0.228916 0.625
vt 0.240964 0.5625
vt 0.240964 0.625
vt 0.240964 0.5625
vt 0.253012 0.5625
vt 0.240964 0.625
vt 0.240964 0.625
vt 0.253012 0.5625
vt 0.253012 0.625
vt 0.253012 0.5625
vt 0.26506 0.5625
vt 0.253012 0.625
vt 0.253012 0.625
vt 0.26506 0.5625
vt 0.26506 0.625
vt 0.26506 0.5625
vt 0.277108 0.5625
vt 0.26506 0.625
vt 0.26506 0.625
vt 0.277108 0.5625
vt 0.277108 0.625
vt 0.277108 0.5625
vt 0.289157 0.5625
vt 0.277108 0.625
vt 0.277108 0.625
vt 0.289157 0.5625
vt 0.289157 0.625
vt 0.289157 0.5625
vt 0.301205 0.5625
vt 0.289157 0.625
vt 0.289157 0.625
vt 0.301205 0.5625
vt 0.301205 0.625
vt 0.301205 0.5625
vt 0.313253 0.5625
vt 0.301205 0.625
vt 0.301205 0.625
vt 0.313253 0.5625
vt 0.313253 0.625
vt 0.313253 0.5625
vt 0.325301 0.5625
vt 0.313253 0.625
vt 0.313253 0.625
vt 0.325301 0.5625
vt 0.325301 0.625
vt 0.325301 0.5625
vt 0.337349 0.5625
vt 0.325301 0.625
vt 0.325301 0.625
vt 0.337349 0.5625
vt 0.337349 0.625
vt 0.337349 0.5625
vt 0.349398 0.5625
vt 0.337349 0.625
vt 0.337349 0.625
vt 0.349398 0.5625
vt 0.349398 0.625
vt 0.349398 0.5625
vt 0.361446 0.5625
vt 0.349398 0.625
vt 0.349398 0.625
vt 0.361446 0.5625
vt 0.361446 0.625
vt 0.361446 0.5625
vt 0.373494 0.5625
vt 0.361446 0.625
vt 0.361446 0.625
vt 0.373494 0.5625
vt 0.373494 0.625
vt 0.373494 0.5625
vt 0.385542 0.5625
vt 0.373494 0.625
vt 0.373494 0.625
vt 0.385542 0.5625
vt 0.385542 0.625
vt 0.385542 0.5625
vt 0.39759 0.5625
vt 0.385542 0.625
vt 0.385542 0.625
vt 0.39759 0.5625
vt 0.39759 0.625
vt 0.39759 0.5625
vt 0.409639 0.5625
vt 0.39759 0.625
vt 0.39759 0.625
vt 0.409639 0.5625
vt 0.409639 0.625
vt 0.409639 0.5625
vt 0.421687 0.5625
vt 0.409639 0.625
vt 0.409639 0.625
vt 0.421687 0.5625
vt 0.421687 0.625
vt 0.421687 0.5625
vt 0.433735 0.5625
vt 0.421687 0.625
vt 0.421687 0.625
vt 0.433735 0.5625
vt 0.433735 0.625
vt 0.433735 0.5625
vt 0.445783 0.5625
vt 0.433735 0.625
vt 0.433735 0.625
vt 0.445783 0.5625
vt 0.445783 0.625
vt 0.445783 0.5625
vt 0.457831 0.5625
vt 0.445783 0.625
vt 0.445783 0.625
vt 0.457831 0.5625
vt 0.457831 0.625
vt 0.457831 0.5625
vt 0.46988 0.5625
vt 0.457831 0.625
vt 0.457831 0.625
vt 0.46988 0.5625
vt 0.46988 0.625
vt 0.46988 0.5625
vt 0.481928 0.5625
vt 0.46988 0.625
vt 0.46988 0.625
vt 0.481928 0.5625
vt 0.481928 0.625
vt 0.481928 0.5625
vt 0.493976 0.5625
vt 0.481928 0.625
vt 0.481928 0.625
vt 0.493976 0.5625
vt 0.493976 0.625
vt 0.493976 0.5625
vt 0.506024 0.5625
vt 0.493976 0.625
vt 0.493976 0.625
vt 0.506024 0.5625
vt 0.506024 0.625
vt 0.506024 0.5625
vt 0.518072 0.5625
vt 0.506024 0.625
vt 0.506024 0.625
vt 0.518072 0.5625
vt 0.518072 0.625
vt 0.518072 0.5625
vt 0.53012 0.5625
vt 0.518072 0.625
vt 0.518072 0.625
vt 0.53012 0.5625
vt 0.53012 0.625
vt 0.53012 0.5625
vt 0.542169 0.5625
vt 0.53012 0.625
vt 0.53012 0.625
vt 0.542169 0.5625
vt 0.542169 0.625
vt 0.542169 0.5625
vt 0.554217 0.5625
vt 0.542169 0.625
vt 0.542169 0.625
vt 0.554217 0.5625
vt 0.554217 0.625
vt 0.554217 0.5625
vt 0.566265 0.5625
vt 0.554217 0.625
vt 0.554217 0.625
vt 0.566265 0.5625
vt 0.566265 0.625
vt 0.566265 0.5625
vt 0.578313 0.5625
vt 0.566265 0.625
vt 0.566265 0.625
vt 0.578313 0.5625
vt 0.578313 0.625
vt 0.578313 0.5625
vt 0.590361 0.5625
vt 0.578313 0.625
vt 0.578313 0.625
vt 0.590361 0.5625
vt 0.590361 0.625
vt 0.590361 0.5625
vt 0.60241 0.5625
vt 0.590361 0.625
vt 0.590361 0.625
vt 0.60241 0.5625
vt 0.60241 0.625
vt 0.60241 0.5625
vt 0.614458 0.5625
vt 0.60241 0.625
vt 0.60241 0.625
vt 0.614458 0.5625
vt 0.614458 0.625
vt 0.614458 0.5625
vt 0.626506 0.5625
vt 0.614458 0.625
vt 0.614458 0.625
vt 0.626506 0.5625
vt 0.626506 0.625
vt 0.626506 0.5625
vt 0.638554 0.5625
vt 0.626506 0.625
vt 0.626506 0.625
vt 0.638554 0.5625
vt 0.638554 0.625
vt 0.638554 0.5625
vt 0.650602 0.5625
vt 0.638554 0.625
vt 0.638554 0.625
vt 0.650602 0.5625
vt 0.650602 0.625
vt 0.650602 0.5625
vt 0.662651 0.5625
vt 0.650602 0.625
vt 0.650602 0.625
vt 0.662651 0.5625
vt 0.662651 0.625
vt 0.662651 0.5625
vt 0.674699 0.5625
vt 0.662651 0.625
vt 0.662651 0.625
vt 0.674699 0.5625
vt 0.674699 0.625
vt 0.674699 0.5625
vt 0.686747 0.5625
vt 0.674699 0.625
vt 0.674699 0.625
vt 0.686747 0.5625
vt 0.686747 0.625
vt 0.686747 0.5625
vt 0.698795 0.5625
vt 0.686747 0.625
vt 0.686747 0.625
vt 0.698795 0.5625
vt 0.698795 0.625
vt 0.698795 0.5625
vt 0.710843 0.5625
vt 0.698795 0.625
vt 0.698795 0.625
vt 0.710843 0.5625
vt 0.710843 0.625
vt 0.710843 0.5625
vt 0.722892 0.5625
vt 0.710843 0.625
vt 0.710843 0.625
vt 0.722892 0.5625
vt 0.722892 0.625
vt 0.722892 0.5625
vt 0.73494 0.5625
vt 0.722892 0.625
vt 0.722892 0.625
vt 0.73494 0.5625
vt 0.73494 0.625
vt 0.73494 0.5625
vt 0.746988 0.5625
vt 0.73494 0.625
vt 0.73494 0.625
vt 0.746988 0.5625
vt 0.746988 0.625
vt 0.746988 0.5625
vt 0.759036 0.5625
vt 0.746988 0.625
vt 0.746988 0.625
vt 0.759036 0.5625
vt 0.759036 0.625
vt 0.759036 0.5625
vt 0.771084 0.5625
vt 0.759036 0.625
vt 0.759036 0.625
vt 0.771084 0.5625
vt 0.771084 0.625
vt 0.771084 0.5625
vt 0.783133 0.5625
vt 0.771084 0.625
vt 0.771084 0.625
vt 0.783133 0.5625
vt 0.783133 0.625
vt 0.783133 0.5625
vt 0.795181 0.5625
vt 0.783133 0.625
vt 0.783133 0.625
vt 0.795181 0.5625
vt 0.795181 0.625
vt 0.795181 0.5625
vt 0.807229 0.5625
vt 0.795181 0.625
vt 0.795181 0.625
vt 0.807229 0.5625
vt 0.807229 0.625
vt 0.807229 0.5625
vt 0.819277 0.5625
vt 0.807229 0.625
vt 0.807229 0.625
vt 0.819277 0.5625
vt 0.819277 0.625
vt 0.819277 0.5625
vt 0.831325 0.5625
vt 0.819277 0.625
vt 0.819277 0.625
vt 0.831325 0.5625
vt 0.831325 0.625
vt 0.831325 0.5625
vt 0.843373 0.5625
vt 0.831325 0.625
vt 0.831325 0.625
vt 0.843373 0.5625
vt 0.843373 0.625
vt 0.843373 0.5625
vt 0.855422 0.5625
vt 0.843373 0.625
vt 0.843373 0.625
vt 0.855422 0.5625
vt 0.855422 0.625
vt 0.855422 0.5625
vt 0.86747 0.5625
vt 0.855422 0.625
vt 0.855422 0.625
vt 0.86747 0.5625
vt 0.86747 0.625
vt 0.86747 0.5625
vt 0.879518 0.5625
vt 0.86747 0.625
vt 0.86747 0.625
vt 0.879518 0.5625
vt 0.879518 0.625
vt 0.879518 0.5625
vt 0.891566 0.5625
vt 0.879518 0.625
vt 0.879518 0.625
vt 0.891566 0.5625
vt 0.891566 0.625
vt 0.891566 0.5625
vt 0.903614 0.5625
vt 0.891566 0.625
vt 0.891566 0.625
vt 0.903614 0.5625
vt 0.903614 0.625
vt 0.903614 0.5625
vt 0.915663 0.5625
vt 0.903614 0.625
vt 0.903614 0.625
vt 0.915663 0.5625
vt 0.915663 0.625
vt 0.915663 0.5625
vt 0.927711 0.5625
vt 0.915663 0.625
vt 0.915663 0.625
vt 0.927711 0.5625
vt 0.927711 0.625
vt 0.927711 0.5625
vt 0.939759 0.5625
vt 0.927711 0.625
vt 0.927711 0.625
vt 0.939759 0.5625
vt 0.939759 0.625
vt 0.939759 0.5625
vt 0.951807 0.5625
vt 0.939759 0.625
vt 0.939759 0.625
vt 0.951807 0.5625
vt 0.951807 0.625
vt 0.951807 0.5625
vt 0.963855 0.5625
vt 0.951807 0.625
vt 0.951807 0.625
vt 0.963855 0.5625
vt 0.963855 0.625
vt 0.963855 0.5625
vt 0.975904 0.5625
vt 0.963855 0.625
vt 0.963855 0.625
vt 0.975904 0.5625
vt 0.975904 0.625
vt 0.975904 0.5625
vt 0.987952 0.5625
vt 0.975904 0.625
vt 0.975904 0.625
vt 0.987952 0.5625
vt 0.987952 0.625
vt 0.987952 0.5625
vt 1 0.5625
vt 0.987952 0.625
vt 0.987952 0.625
vt 1 0.5625
vt 1 0.625
vt 0 0.625
vt 0.0120482 0.625
vt 0 0.6875
vt 0 0.6875
vt 0.0120482 0.625
vt 0.0120482 0.6875
vt 0.0120482 0.625
vt 0.0240964 0.625
vt 0.0120482 0.6875
vt 0.0120482 0.6875
vt 0.0240964 0.625
vt 0.0240964 0.6875
vt 0.0240964 0.625
vt 0.0361446 0.625
vt 0.0240964 0.6875
vt 0.0240964 0.6875
vt 0.0361446 0.625
vt 0.0361446 0.6875
vt 0.0361446 0.625
vt 0.0481928 0.625
vt 0.0361446 0.6875
vt 0.0361446 0.6875
vt 0.0481928 0.625
vt 0.0481928 0.6875
vt 0.0481928 0.625
vt 0.060241 0.625
vt 0.0481928 0.6875
vt 0.0481928 0.6875
vt 0.060241 0.625
vt 0.060241 0.6875
vt 0.060241 0.625
vt 0.0722892 0.625
vt 0.060241 0.6875
vt 0.060241 0.6875
vt 0.0722892 0.625
vt 0.0722892 0.6875
vt 0.0722892 0.625
vt 0.0843373 0.625
vt 0.0722892 0.6875
vt 0.0722892 0.6875
vt 0.0843373 0.625
vt 0.0843373 0.6875
vt 0.0843373 0.625
vt 0.0963855 0.625
vt 0.0843373 0.6875
vt 0.0843373 0.6875
vt 0.0963855 0.625
vt 0.0963855 0.6875
vt 0.0963855 0.625
vt 0.108434 0.625
vt 0.0963855 0.6875
vt 0.0963855 0.6875
vt 0.108434 0.625
vt 0.108434 0.6875
vt 0.108434 0.625
vt 0.120482 0.625
vt 0.108434 0.6875
vt 0.108434 0.6875
vt 0.120482 0.625
vt 0.120482 0.6875
vt 0.120482 0.625
vt 0.13253 0.625
vt 0.120482 0.6875
vt 0.120482 0.6875
vt 0.13253 0.625
vt 0.13253 0.6875
vt 0.13253 0.625
vt 0.144578 0.625
vt 0.13253 0.6875
vt 0.13253 0.6875
vt 0.144578 0.625
vt 0.144578 0.6875
vt 0.144578 0.625
vt 0.156627 0.625
vt 0.144578 0.6875
vt 0.144578 0.6875
vt 0.156627 0.625
vt 0.156627 0.6875
vt 0.156627 0.625
vt 0.168675 0.625
vt 0.156627 0.6875
vt 0.156627 0.6875
vt 0.168675 0.625
vt 0.168675 0.6875
vt 0.168675 0.625
vt 0.180723 0.625
vt 0.168675 0.6875
vt 0.168675 0.6875
vt 0.180723 0.625
vt 0.180723 0.6875
vt 0.180723 0.625
vt 0.192771 0.625
vt 0.180723 0.6875
vt 0.180723 0.6875
vt 0.192771 0.625
vt 0.192771 0.6875
vt 0.192771 0.625
vt 0.204819 0.625
vt 0.192771 0.6875
vt 0.192771 0.6875
vt 0.204819 0.625
vt 0.204819 0.6875
vt 0.204819 0.625
vt 0.216867 0.625
vt 0.204819 0.6875
vt 0.204819 0.6875
vt 0.216867 0.625
vt 0.216867 0.6875
vt 0.216867 0.625
vt 0.228916 0.625
vt 0.216867 0.6875
vt 0.216867 0.6875
vt 0.228916 0.625
vt 0.228916 0.6875
vt 0.228916 0.625
vt 0.240964 0.625
vt 0.228916 0.6875
vt 0.228916 0.6875
vt 0.240964 0.625
vt 0.240964 0.6875
vt 0.240964 0.625
vt 0.253012 0.625
vt 0.240964 0.6875
vt 0.240964 0.6875
vt 0.253012 0.625
vt 0.253012 0.6875
vt 0.253012 0.625
vt 0.26506 0.625
vt 0.253012 0.6875
vt 0.253012 0.6875
vt 0.26506 0.625
vt 0.26506 0.6875
vt 0.26506 0.625
vt 0.277108 0.625
vt 0.26506 0.6875
vt 0.26506 0.6875
vt 0.277108 0.625
vt 0.277108 0.6875
vt 0.277108 0.625
vt 0.289157 0.625
vt 0.277108 0.6875
vt 0.277108 0.6875
vt 0.289157 0.625
vt 0.289157 0.6875
vt 0.289157 0.625
vt 0.301205 0.625
vt 0.289157 0.6875
vt 0.289157 0.6875
vt 0.301205 0.625
vt 0.301205 0.6875
vt 0.301205 0.625
vt 0.313253 0.625
vt 0.301205 0.6875
vt 0.301205 0.6875
vt 0.313253 0.625
vt 0.313253 0.6875
vt 0.313253 0.625
vt 0.325301 0.625
vt 0.313253 0.6875
vt 0.313253 0.6875
vt 0.325301 0.625
vt 0.325301 0.6875
vt 0.325301 0.625
vt 0.337349 0.625
vt 0.325301 0.6875
vt 0.325301 0.6875
vt 0.337349 0.625
vt 0.337349 0.6875
vt 0.337349 0.625
vt 0.349398 0.625
vt 0.337349 0.6875
vt 0.337349 0.6875
vt 0.349398 0.625
vt 0.349398 0.6875
vt 0.349398 0.625
vt 0.361446 0.625
vt 0.349398 0.6875
vt 0.349398 0.6875
vt 0.361446 0.625
vt 0.361446 0.6875
vt 0.361446 0.625
vt 0.373494 0.625
vt 0.361446 0.6875
vt 0.361446 0.6875
vt 0.373494 0.625
vt 0.373494 0.6875
vt 0.373494 0.625
vt 0.385542 0.625
vt 0.373494 0.6875
vt 0.373494 0.6875
vt 0.385542 0.625
vt 0.385542 0.6875
vt 0.385542 0.625
vt 0.39759 0.625
vt 0.385542 0.6875
vt 0.385542 0.6875
vt 0.39759 0.625
vt 0.39759 0.6875
vt 0.39759 0.625
vt 0.409639 0.625
vt 0.39759 0.6875
vt 0.39759 0.6875
vt 0.409639 0.625
vt 0.409639 0.6875
vt 0.409639 0.625
vt 0.421687 0.625
vt 0.409639 0.6875
vt 0.409639 0.6875
vt 0.421687 0.625
vt 0.421687 0.6875
vt 0.421687 0.625
vt 0.433735 0.625
vt 0.421687 0.6875
vt 0.421687 0.6875
vt 0.433735 0.625
vt 0.433735 0.6875
vt 0.433735 0.625
vt 0.445783 0.625
vt 0.433735 0.6875
vt 0.433735 0.6875
vt 0.445783 0.625
vt 0.445783 0.6875
vt 0.445783 0.625
vt 0.457831 0.625
vt 0.445783 0.6875
vt 0.445783 0.6875
vt 0.457831 0.625
vt 0.457831 0.6875
vt 0.457831 0.625
vt 0.46988 0.625
vt 0.457831 0.6875
vt 0.457831 0.6875
vt 0.46988 0.625
vt 0.46988 0.6875
vt 0.46988 0.625
vt 0.481928 0.625
vt 0.46988 0.6875
vt 0.46988 0.6875
vt 0.481928 0.625
vt 0.481928 0.6875
vt 0.481928 0.625
vt 0.493976 0.625
vt 0.481928 0.6875
vt 0.481928 0.6875
vt 0.493976 0.625
vt 0.493976 0.6875
vt 0.493976 0.625
vt 0.506024 0.625
vt 0.493976 0.6875
vt 0.493976 0.6875
vt 0.506024 0.625
vt 0.506024 0.6875
vt 0.506024 0.625
vt 0.518072 0.625
vt 0.506024 0.6875
vt 0.506024 0.6875
vt 0.518072 0.625
vt 0.518072 0.6875
vt 0.518072 0.625
vt 0.53012 0.625
vt 0.518072 0.6875
vt 0.518072 0.6875
vt 0.53012 0.625
vt 0.53012 0.6875
vt 0.53012 0.625
vt 0.542169 0.625
vt 0.53012 0.6875
vt 0.53012 0.6875
vt 0.542169 0.625
vt 0.542169 0.6875
vt 0.542169 0.625
vt 0.554217 0.625
vt 0.542169 0.6875
vt 0.542169 0.6875
vt 0.554217 0.625
vt 0.554217 0.6875
vt 0.554217 0.625
vt 0.566265 0.625
vt 0.554217 0.6875
vt 0.554217 0.6875
vt 0.566265 0.625
vt 0.566265 0.6875
vt 0.566265 0.625
vt 0.578313 0.625
vt 0.566265 0.6875
vt 0.566265 0.6875
vt 0.578313 0.625
vt 0.578313 0.6875
vt 0.578313 0.625
vt 0.590361 0.625
vt 0.578313 0.6875
vt 0.578313 0.6875
vt 0.590361 0.625
vt 0.590361 0.6875
vt 0.590361 0.625
vt 0.60241 0.625
vt 0.590361 0.6875
vt 0.590361 0.6875
vt 0.60241 0.625
vt 0.60241 0.6875
vt 0.60241 0.625
vt 0.614458 0.625
vt 0.60241 0.6875
vt 0.60241 0.6875
vt 0.614458 0.625
vt 0.614458 0.6875
vt 0.614458 0.625
vt 0.626506 0.625
vt 0.614458 0.6875
vt 0.614458 0.6875
vt 0.626506 0.625
vt 0.626506 0.6875
vt 0.626506 0.625
vt 0.638554 0.625
vt 0.626506 0.6875
vt 0.626506 0.6875
vt 0.638554 0.625
vt 0.638554 0.6875
vt 0.638554 0.625
vt 0.650602 0.625
vt 0.638554 0.6875
vt 0.638554 0.6875
vt 0.650602 0.625
vt 0.650602 0.6875
vt 0.650602 0.625
vt 0.662651 0.625
vt 0.650602 0.6875
vt 0.650602 0.6875
vt 0.662651 0.625
vt 0.662651 0.6875
vt 0.662651 0.625
vt 0.674699 0.625
vt 0.662651 0.6875
vt 0.662651 0.6875
vt 0.674699 0.625
vt 0.674699 0.6875
vt 0.674699 0.625
vt 0.686747 0.625
vt 0.674699 0.6875
vt 0.674699 0.6875
vt 0.686747 0.625
vt 0.686747 0.6875
vt 0.686747 0.625
vt 0.698795 0.625
vt 0.686747 0.6875
vt 0.686747 0.6875
vt 0.698795 0.625
vt 0.698795 0.6875
vt 0.698795 0.625
vt 0.710843 0.625
vt 0.698795 0.6875
vt 0.698795 0.6875
vt 0.710843 0.625
vt 0.710843 0.6875
vt 0.710843 0.625
vt 0.722892 0.625
vt 0.710843 0.6875
vt 0.710843 0.6875
vt 0.722892 0.625
vt 0.722892 0.6875
vt 0.722892 0.625
vt 0.73494 0.625
vt 0.722892 0.6875
vt 0.722892 0.6875
vt 0.73494 0.625
vt 0.73494 0.6875
vt 0.73494 0.625
vt 0.746988 0.625
vt 0.73494 0.6875
vt 0.73494 0.6875
vt 0.746988 0.625
vt 0.746988 0.6875
vt 0.746988 0.625
vt 0.759036 0.625
vt 0.746988 0.6875
vt 0.746988 0.6875
vt 0.759036 0.625
vt 0.759036 0.6875
vt 0.759036 0.625
vt 0.771084 0.625
vt 0.759036 0.6875
vt 0.759036 0.6875
vt 0.771084 0.625
vt 0.771084 0.6875
vt 0.771084 0.625
vt 0.783133 0.625
vt 0.771084 0.6875
vt 0.771084 0.6875
vt 0.783133 0.625
vt 0.783133 0.6875
vt 0.783133 0.625
vt 0.795181 0.625
vt 0.783133 0.6875
vt 0.783133 0.6875
vt 0.795181 0.625
vt 0.795181 0.6875
vt 0.795181 0.625
vt 0.807229 0.625
vt 0.795181 0.6875
vt 0.795181 0.6875
vt 0.807229 0.625
vt 0.807229 0.6875
vt 0.807229 0.625
vt 0.819277 0.625
vt 0.807229 0.6875
vt 0.807229 0.6875
vt 0.819277 0.625
vt 0.819277 0.6875
vt 0.819277 0.625
vt 0.831325 0.625
vt 0.819277 0.6875
vt 0.819277 0.6875
vt 0.831325 0.625
vt 0.831325 0.6875
vt 0.831325 0.625
vt 0.843373 0.625
vt 0.831325 0.6875
vt 0.831325 0.6875
vt 0.843373 0.625
vt 0.843373 0.6875
vt 0.843373 0.625
vt 0.855422 0.625
vt 0.843373 0.6875
vt 0.843373 0.6875
vt 0.855422 0.625
vt 0.855422 0.6875
vt 0.855422 0.625
vt 0.86747 0.625
vt 0.855422 0.6875
vt 0.855422 0.6875
vt 0.86747 0.625
vt 0.86747 0.6875
vt 0.86747 0.625
vt 0.879518 0.625
vt 0.86747 0.6875
vt 0.86747 0.6875
vt 0.879518 0.625
vt 0.879518 0.6875
vt 0.879518 0.625
vt 0.891566 0.625
vt 0.879518 0.6875
vt 0.879518 0.6875
vt 0.891566 0.625
vt 0.891566 0.6875
vt 0.891566 0.625
vt 0.903614 0.625
vt 0.891566 0.6875
vt 0.891566 0.6875
vt 0.903614 0.625
vt 0.903614 0.6875
vt 0.903614 0.625
vt 0.915663 0.625
vt 0.903614 0.6875
vt 0.903614 0.6875
vt 0.915663 0.625
vt 0.915663 0.6875
vt 0.915663 0.625
vt 0.927711 0.625
vt 0.915663 0.6875
vt 0.915663 0.6875
vt 0.927711 0.625
vt 0.927711 0.6875
vt 0.927711 0.625
vt 0.939759 0.625
vt 0.927711 0.6875
vt 0.927711 0.6875
vt 0.939759 0.625
vt 0.939759 0.6875
vt 0.939759 0.625
vt 0.951807 0.625
vt 0.939759 0.6875
vt 0.939759 0.6875
vt 0.951807 0.625
vt 0.951807 0.6875
vt 0.951807 0.625
vt 0.963855 0.625
vt 0.951807 0.6875
vt 0.951807 0.6875
vt 0.963855 0.625
vt 0.963855 0.6875
vt 0.963855 0.625
vt 0.975904 0.625
vt 0.963855 0.6875
vt 0.963855 0.6875
vt 0.975904 0.625
vt 0.975904 0.6875
vt 0.975904 0.625
vt 0.987952 0.625
vt 0.975904 0.6875
vt 0.975904 0.6875
vt 0.987952 0.625
vt 0.987952 0.6875
vt 0.987952 0.625
vt 1 0.625
vt 0.987952 0.6875
vt 0.987952 0.6875
vt 1 0.625
vt 1 0.6875
vt 0 0.6875
vt 0.0120482 0.6875
vt 0 0.75
vt 0 0.75
vt 0.0120482 0.6875
vt 0.0120482 0.75
vt 0.0120482 0.6875
vt 0.0240964 0.6875
vt 0.0120482 0.75
vt 0.0120482 0.75
vt 0.0240964 0.6875
vt 0.0240964 0.75
vt 0.0240964 0.6875
vt 0.0361446 0.6875
vt 0.0240964 0.75
vt 0.0240964 0.75
vt 0.0361446 0.6875
vt 0.0361446 0.75
vt 0.0361446 0.6875
vt 0.0481928 0.6875
vt 0.0361446 0.75
vt 0.0361446 0.75
vt 0.0481928 0.6875
vt 0.0481928 0.75
vt 0.0481928 0.6875
vt 0.060241 0.6875
vt 0.0481928 0.75
vt 0.0481928 0.75
vt 0.060241 0.6875
vt 0.060241 0.75
vt 0.060241 0.6875
vt 0.0722892 0.6875
vt 0.060241 0.75
vt 0.060241 0.75
vt 0.0722892 0.6875
vt 0.0722892 0.75
vt 0.0722892 0.6875
vt 0.0843373 0.6875
vt 0.0722892 0.75
vt 0.0722892 0.75
vt 0.0843373 0.6875
vt 0.0843373 0.75
vt 0.0843373 0.6875
vt 0.0963855 0.6875
vt 0.0843373 0.75
vt 0.0843373 0.75
vt 0.0963855 0.6875
vt 0.0963855 0.75
vt 0.0963855 0.6875
vt 0.108434 0.6875
vt 0.0963855 0.75
vt 0.0963855 0.75
vt 0.108434 0.6875
vt 0.108434 0.75
vt 0.108434 0.6875
vt 0.120482 0.6875
vt 0.108434 0.75
vt 0.108434 0.75
vt 0.120482 0.6875
vt 0.120482 0.75
vt 0.120482 0.6875
vt 0.13253 0.6875
vt 0.120482 0.75
vt 0.120482 0.75
vt 0.13253 0.6875
vt 0.13253 0.75
vt 0.13253 0.6875
vt 0.144578 0.6875
vt 0.13253 0.75
vt 0.13253 0.75
vt 0.144578 0.6875
vt 0.144578 0.75
vt 0.144578 0.6875
vt 0.156627 0.6875
vt 0.144578 0.75
vt 0.144578 0.75
vt 0.156627 0.6875
vt 0.156627 0.75
vt 0.156627 0.6875
vt 0.168675 0.6875
vt 0.156627 0.75
vt 0.156627 0.75
vt 0.168675 0.6875
vt 0.168675 0.75
vt 0.168675 0.6875
vt 0.180723 0.6875
vt 0.168675 0.75
vt 0.168675 0.75
vt 0.180723 0.6875
vt 0.180723 0.75
vt 0.180723 0.6875
vt 0.192771 0.6875
vt 0.180723 0.75
vt 0.180723 0.75
vt 0.192771 0.6875
vt 0.192771 0.75
vt 0.192771 0.6875
vt 0.204819 0.6875
vt 0.192771 0.75
vt 0.192771 0.75
vt 0.204819 0.6875
vt 0.204819 0.75
vt 0.204819 0.6875
vt 0.216867 0.6875
vt 0.204819 0.75
vt 0.204819 0.75
vt 0.216867 0.6875
vt 0.216867 0.75
vt 0.216867 0.6875
vt 0.228916 0.6875
vt 0.216867 0.75
vt 0.216867 0.75
vt 0.228916 0.6875
vt 0.228916 0.75
vt 0.228916 0.6875
vt 0.240964 0.6875
vt 0.228916 0.75
vt 0.228916 0.75
vt 0.240964 0.6875
vt 0.240964 0.75
vt 0.240964 0.6875
vt 0.253012 0.6875
vt 0.240964 0.75
vt 0.240964 0.75
vt 0.253012 0.6875
vt 0.253012 0.75
vt 0.253012 0.6875
vt 0.26506 0.6875
vt 0.253012 0.75
vt 0.253012 0.75
vt 0.26506 0.6875
vt 0.26506 0.75
vt 0.26506 0.6875
vt 0.277108 0.6875
vt 0.26506 0.75
vt 0.26506 0.75
vt 0.277108 0.6875
vt 0.277108 0.75
vt 0.277108 0.6875
vt 0.289157 0.6875
vt 0.277108 0.75
vt 0.277108 0.75
vt 0.289157 0.6875
vt 0.289157 0.75
vt 0.289157 0.6875
vt 0.301205 0.6875
vt 0.289157 0.75
vt 0.289157 0.75
vt 0.301205 0.6875
vt 0.301205 0.75
vt 0.301205 0.6875
vt 0.313253 0.6875
vt 0.301205 0.75
vt 0.301205 0.75
vt 0.313253 0.6875
vt 0.313253 0.75
vt 0.313253 0.6875
vt 0.325301 0.6875
vt 0.313253 0.75
vt 0.313253 0.75
vt 0.325301 0.6875
vt 0.325301 0.75
vt 0.325301 0.6875
vt 0.337349 0.6875
vt 0.325301 0.75
vt 0.325301 0.75
vt 0.337349 0.6875
vt 0.337349 0.75
vt 0.337349 0.6875
vt 0.349398 0.6875
vt 0.337349 0.75
vt 0.337349 0.75
vt 0.349398 0.6875
vt 0.349398 0.75
vt 0.349398 0.6875
vt 0.361446 0.6875
vt 0.349398 0.75
vt 0.349398 0.75
vt 0.361446 0.6875
vt 0.361446 0.75
vt 0.361446 0.6875
vt 0.373494 0.6875
vt 0.361446 0.75
vt 0.361446 0.75
vt 0.373494 0.6875
vt 0.373494 0.75
vt 0.373494 0.6875
vt 0.385542 0.6875
vt 0.373494 0.75
vt 0.373494 0.75
vt 0.385542 0.6875
vt 0.385542 0.75
vt 0.385542 0.6875
vt 0.39759 0.6875
vt 0.385542 0.75
vt 0.385542 0.75
vt 0.39759 0.6875
vt 0.39759 0.75
vt 0.39759 0.6875
vt 0.409639 0.6875
vt 0.39759 0.75
vt 0.39759 0.75
vt 0.409639 0.6875
vt 0.409639 0.75
vt 0.409639 0.6875
vt 0.421687 0.6875
vt 0.409639 0.75
vt 0.409639 0.75
vt 0.421687 0.6875
vt 0.421687 0.75
vt 0.421687 0.6875
vt 0.433735 0.6875
vt 0.421687 0.75
vt 0.421687 0.75
vt 0.433735 0.6875
vt 0.433735 0.75
vt 0.433735 0.6875
vt 0.445783 0.6875
vt 0.433735 0.75
vt 0.433735 0.75
vt 0.445783 0.6875
vt 0.445783 0.75
vt 0.445783 0.6875
vt 0.457831 0.6875
vt 0.445783 0.75
vt 0.445783 0.75
vt 0.457831 0.6875
vt 0.457831 0.75
vt 0.457831 0.6875
vt 0.46988 0.6875
vt 0.457831 0.75
vt 0.457831 0.75
vt 0.46988 0.6875
vt 0.46988 0.75
vt 0.46988 0.6875
vt 0.481928 0.6875
vt 0.46988 0.75
vt 0.46988 0.75
vt 0.481928 0.6875
vt 0.481928 0.75
vt 0.481928 0.6875
vt 0.493976 0.6875
vt 0.481928 0.75
vt 0.481928 0.75
vt 0.493976 0.6875
vt 0.493976 0.75
vt 0.493976 0.6875
vt 0.506024 0.6875
vt 0.493976 0.75
vt 0.493976 0.75
vt 0.506024 0.6875
vt 0.506024 0.75
vt 0.506024 0.6875
vt 0.518072 0.6875
vt 0.506024 0.75
vt 0.506024 0.75
vt 0.518072 0.6875
vt 0.518072 0.75
vt 0.518072 0.6875
vt 0.53012 0.6875
vt 0.518072 0.75
vt 0.518072 0.75
vt 0.53012 0.6875
vt 0.53012 0.75
vt 0.53012 0.6875
vt 0.542169 0.6875
vt 0.53012 0.75
vt 0.53012 0.75
vt 0.542169 0.6875
vt 0.542169 0.75
vt 0.542169 0.6875
vt 0.554217 0.6875
vt 0.542169 0.75
vt 0.542169 0.75
vt 0.554217 0.6875
vt 0.554217 0.75
vt 0.554217 0.6875
vt 0.566265 0.6875
vt 0.554217 0.75
vt 0.554217 0.75
vt 0.566265 0.6875
vt 0.566265 0.75
vt 0.566265 0.6875
vt 0.578313 0.6875
vt 0.566265 0.75
vt 0.566265 0.75
vt 0.578313 0.6875
vt 0.578313 0.75
vt 0.578313 0.6875
vt 0.590361 0.6875
vt 0.578313 0.75
vt 0.578313 0.75
vt 0.590361 0.6875
vt 0.590361 0.75
vt 0.590361 0.6875
vt 0.60241 0.6875
vt 0.590361 0.75
vt 0.590361 0.75
vt 0.60241 0.6875
vt 0.60241 0.75
vt 0.60241 0.6875
vt 0.614458 0.6875
vt 0.60241 0.75
vt 0.60241 0.75
vt 0.614458 0.6875
vt 0.614458 0.75
vt 0.614458 0.6875
vt 0.626506 0.6875
vt 0.614458 0.75
vt 0.614458 0.75
vt 0.626506 0.6875
vt 0.626506 0.75
vt 0.626506 0.6875
vt 0.638554 0.6875
vt 0.626506 0.75
vt 0.626506 0.75
vt 0.638554 0.6875
vt 0.638554 0.75
vt 0.638554 0.6875
vt 0.650602 0.6875
vt 0.638554 0.75
vt 0.638554 0.75
vt 0.650602 0.6875
vt 0.650602 0.75
vt 0.650602 0.6875
vt 0.662651 0.6875
vt 0.650602 0.75
vt 0.650602 0.75
vt 0.662651 0.6875
vt 0.662651 0.75
vt 0.662651 0.6875
vt 0.674699 0.6875
vt 0.662651 0.75
vt 0.662651 0.75
vt 0.674699 0.6875
vt 0.674699 0.75
vt 0.674699 0.6875
vt 0.686747 0.6875
vt 0.674699 0.75
vt 0.674699 0.75
vt 0.686747 0.6875
vt 0.686747 0.75
vt 0.686747 0.6875
vt 0.698795 0.6875
vt 0.686747 0.75
vt 0.686747 0.75
vt 0.698795 0.6875
vt 0.698795 0.75
vt 0.698795 0.6875
vt 0.710843 0.6875
vt 0.698795 0.75
vt 0.698795 0.75
vt 0.710843 0.6875
vt 0.710843 0.75
vt 0.710843 0.6875
vt 0.722892 0.6875
vt 0.710843 0.75
vt 0.710843 0.75
vt 0.722892 0.6875
vt 0.722892 0.75
vt 0.722892 0.6875
vt 0.73494 0.6875
vt 0.722892 0.75
vt 0.722892 0.75
vt 0.73494 0.6875
vt 0.73494 0.75
vt 0.73494 0.6875
vt 0.746988 0.6875
vt 0.73494 0.75
vt 0.73494 0.75
vt 0.746988 0.6875
vt 0.746988 0.75
vt 0.746988 0.6875
vt 0.759036 0.6875
vt 0.746988 0.75
vt 0.746988 0.75
vt 0.759036 0.6875
vt 0.759036 0.75
vt 0.759036 0.6875
vt 0.771084 0.6875
vt 0.759036 0.75
vt 0.759036 0.75
vt 0.771084 0.6875
vt 0.771084 0.75
vt 0.771084 0.6875
vt 0.783133 0.6875
vt 0.771084 0.75
vt 0.771084 0.75
vt 0.783133 0.6875
vt 0.783133 0.75
vt 0.783133 0.6875
vt 0.795181 0.6875
vt 0.783133 0.75
vt 0.783133 0.75
vt 0.795181 0.6875
vt 0.795181 0.75
vt 0.795181 0.6875
vt 0.807229 0.6875
vt 0.795181 0.75
vt 0.795181 0.75
vt 0.807229 0.6875
vt 0.807229 0.75
vt 0.807229 0.6875
vt 0.819277 0.6875
vt 0.807229 0.75
vt 0.807229 0.75
vt 0.819277 0.6875
vt 0.819277 0.75
vt 0.819277 0.6875
vt 0.831325 0.6875
vt 0.819277 0.75
vt 0.819277 0.75
vt 0.831325 0.6875
vt 0.831325 0.75
vt 0.831325 0.6875
vt 0.843373 0.6875
vt 0.831325 0.75
vt 0.831325 0.75
vt 0.843373 0.6875
vt 0.843373 0.75
vt 0.843373 0.6875
vt 0.855422 0.6875
vt 0.843373 0.75
vt 0.843373 0.75
vt 0.855422 0.6875
vt 0.855422 0.75
vt 0.855422 0.6875
vt 0.86747 0.6875
vt 0.855422 0.75
vt 0.855422 0.75
vt 0.86747 0.6875
vt 0.86747 0.75
vt 0.86747 0.6875
vt 0.879518 0.6875
vt 0.86747 0.75
vt 0.86747 0.75
vt 0.879518 0.6875
vt 0.879518 0.75
vt 0.879518 0.6875
vt 0.891566 0.6875
vt 0.879518 0.75
vt 0.879518 0.75
vt 0.891566 0.6875
vt 0.891566 0.75
vt 0.891566 0.6875
vt 0.903614 0.6875
vt 0.891566 0.75
vt 0.891566 0.75
vt 0.903614 0.6875
vt 0.903614 0.75
vt 0.903614 0.6875
vt 0.915663 0.6875
vt 0.903614 0.75
vt 0.903614 0.75
vt 0.915663 0.6875
vt 0.915663 0.75
vt 0.915663 0.6875
vt 0.927711 0.6875
vt 0.915663 0.75
vt 0.915663 0.75
vt 0.927711 0.6875
vt 0.927711 0.75
vt 0.927711 0.6875
vt 0.939759 0.6875
vt 0.927711 0.75
vt 0.927711 0.75
vt 0.939759 0.6875
vt 0.939759 0.75
vt 0.939759 0.6875
vt 0.951807 0.6875
vt 0.939759 0.75
vt 0.939759 0.75
vt 0.951807 0.6875
vt 0.951807 0.75
vt 0.951807 0.6875
vt 0.963855 0.6875
vt 0.951807 0.75
vt 0.951807 0.75
vt 0.963855 0.6875
vt 0.963855 0.75
vt 0.963855 0.6875
vt 0.975904 0.6875
vt 0.963855 0.75
vt 0.963855 0.75
vt 0.975904 0.6875
vt 0.975904 0.75
vt 0.975904 0.6875
vt 0.987952 0.6875
vt 0.975904 0.75
vt 0.975904 0.75
vt 0.987952 0.6875
vt 0.987952 0.75
vt 0.987952 0.6875
vt 1 0.6875
vt 0.987952 0.75
vt 0.987952 0.75
vt 1 0.6875
vt 1 0.75
vt 0 0.75
vt 0.0120482 0.75
vt 0 0.8125
vt 0 0.8125
vt 0.0120482 0.75
vt 0.0120482 0.8125
vt 0.0120482 0.75
vt 0.0240964 0.75
vt 0.0120482 0.8125
vt 0.0120482 0.8125
vt 0.0240964 0.75
vt 0.0240964 0.8125
vt 0.0240964 0.75
vt 0.0361446 0.75
vt 0.0240964 0.8125
vt 0.0240964 0.8125
vt 0.0361446 0.75
vt 0.0361446 0.8125
vt 0.0361446 0.75
vt 0.0481928 0.75
vt 0.0361446 0.8125
vt 0.0361446 0.8125
vt 0.0481928 0.75
vt 0.0481928 0.8125
vt 0.0481928 0.75
vt 0.060241 0.75
vt 0.0481928 0.8125
vt 0.0481928 0.8125
vt 0.060241 0.75
vt 0.060241 0.8125
vt 0.060241 0.75
vt 0.0722892 0.75
vt 0.060241 0.8125
vt 0.060241 0.8125
vt 0.0722892 0.75
vt 0.0722892 0.8125
vt 0.0722892 0.75
vt 0.0843373 0.75
vt 0.0722892 0.8125
vt 0.0722892 0.8125
vt 0.0843373 0.75
vt 0.0843373 0.8125
vt 0.0843373 0.75
vt 0.0963855 0.75
vt 0.0843373 0.8125
vt 0.0843373 0.8125
vt 0.0963855 0.75
vt 0.0963855 0.8125
vt 0.0963855 0.75
vt 0.108434 0.75
vt 0.0963855 0.8125
vt 0.0963855 0.8125
vt 0.108434 0.75
vt 0.108434 0.8125
vt 0.108434 0.75
vt 0.120482 0.75
vt 0.108434 0.8125
vt 0.108434 0.8125
vt 0.120482 0.75
vt 0.120482 0.8125
vt 0.120482 0.75
vt 0.13253 0.75
vt 0.120482 0.8125
vt 0.120482 0.8125
vt 0.13253 0.75
vt 0.13253 0.8125
vt 0.13253 0.75
vt 0.144578 0.75
vt 0.13253 0.8125
vt 0.13253 0.8125
vt 0.144578 0.75
vt 0.144578 0.8125
vt 0.144578 0.75
vt 0.156627 0.75
vt 0.144578 0.8125
vt 0.144578 0.8125
vt 0.156627 0.75
vt 0.156627 0.8125
vt 0.156627 0.75
vt 0.168675 0.75
vt 0.156627 0.8125
vt 0.156627 0.8125
vt 0.168675 0.75
vt 0.168675 0.8125
vt 0.168675 0.75
vt 0.180723 0.75
vt 0.168675 0.8125
vt 0.168675 0.8125
vt 0.180723 0.75
vt 0.180723 0.8125
vt 0.180723 0.75
vt 0.192771 0.75
vt 0.180723 0.8125
vt 0.180723 0.8125
vt 0.192771 0.75
vt 0.192771 0.8125
vt 0.192771 0.75
vt 0.204819 0.75
vt 0.192771 0.8125
vt 0.192771 0.8125
vt 0.204819 0.75
vt 0.204819 0.8125
vt 0.204819 0.75
vt 0.216867 0.75
vt 0.204819 0.8125
vt 0.204819 0.8125
vt 0.216867 0.75
vt 0.216867 0.8125
vt 0.216867 0.75
vt 0.228916 0.75
vt 0.216867 0.8125
vt 0.216867 0.8125
vt 0.228916 0.75
vt 0.228916 0.8125
vt 0.228916 0.75
vt 0.240964 0.75
vt 0.228916 0.8125
vt 0.228916 0.8125
vt 0.240964 0.75
vt 0.240964 0.8125
vt 0.240964 0.75
vt 0.253012 0.75
vt 0.240964 0.8125
vt 0.240964 0.8125
vt 0.253012 0.75
vt 0.253012 0.8125
vt 0.253012 0.75
vt 0.26506 0.75
vt 0.253012 0.8125
vt 0.253012 0.8125
vt 0.26506 0.75
vt 0.26506 0.8125
vt 0.26506 0.75
vt 0.277108 0.75
vt 0.26506 0.8125
vt 0.26506 0.8125
vt 0.277108 0.75
vt 0.277108 0.8125
vt 0.277108 0.75
vt 0.289157 0.75
vt 0.277108 0.8125
vt 0.277108 0.8125
vt 0.289157 0.75
vt 0.289157 0.8125
vt 0.289157 0.75
vt 0.301205 0.75
vt 0.289157 0.8125
vt 0.289157 0.8125
vt 0.301205 0.75
vt 0.301205 0.8125
vt 0.301205 0.75
vt 0.313253 0.75
vt 0.301205 0.8125
vt 0.301205 0.8125
vt 0.313253 0.75
vt 0.313253 0.8125
vt 0.313253 0.75
vt 0.325301 0.75
vt 0.313253 0.8125
vt 0.313253 0.8125
vt 0.325301 0.75
vt 0.325301 0.8125
vt 0.325301 0.75
vt 0.337349 0.75
vt 0.325301 0.8125
vt 0.325301 0.8125
vt 0.337349 0.75
vt 0.337349 0.8125
vt 0.337349 0.75
vt 0.349398 0.75
vt 0.337349 0.8125
vt 0.337349 0.8125
vt 0.349398 0.75
vt 0.349398 0.8125
vt 0.349398 0.75
vt 0.361446 0.75
vt 0.349398 0.8125
vt 0.349398 0.8125
vt 0.361446 0.75
vt 0.361446 0.8125
vt 0.361446 0.75
vt 0.373494 0.75
vt 0.361446 0.8125
vt 0.361446 0.8125
vt 0.373494 0.75
vt 0.373494 0.8125
vt 0.373494 0.75
vt 0.385542 0.75
vt 0.373494 0.8125
vt 0.373494 0.8125
vt 0.385542 0.75
vt 0.385542 0.8125
vt 0.385542 0.75
vt 0.39759 0.75
vt 0.385542 0.8125
vt 0.385542 0.8125
vt 0.39759 0.75
vt 0.39759 0.8125
vt 0.39759 0.75
vt 0.409639 0.75
vt 0.39759 0.8125
vt 0.39759 0.8125
vt 0.409639 0.75
vt 0.409639 0.8125
vt 0.409639 0.75
vt 0.421687 0.75
vt 0.409639 0.8125
vt 0.409639 0.8125
vt 0.421687 0.75
vt 0.421687 0.8125
vt 0.421687 0.75
vt 0.433735 0.75
vt 0.421687 0.8125
vt 0.421687 0.8125
vt 0.433735 0.75
vt 0.433735 0.8125
vt 0.433735 0.75
vt 0.445783 0.75
vt 0.433735 0.8125
vt 0.433735 0.8125
vt 0.445783 0.75
vt 0.445783 0.8125
vt 0.445783 0.75
vt 0.457831 0.75
vt 0.445783 0.8125
vt 0.445783 0.8125
vt 0.457831 0.75
vt 0.457831 0.8125
vt 0.457831 0.75
vt 0.46988 0.75
vt 0.457831 0.8125
vt 0.457831 0.8125
vt 0.46988 0.75
vt 0.46988 0.8125
vt 0.46988 0.75
vt 0.481928 0.75
vt 0.46988 0.8125
vt 0.46988 0.8125
vt 0.481928 0.75
vt 0.481928 0.8125
vt 0.481928 0.75
vt 0.493976 0.75
vt 0.481928 0.8125
vt 0.481928 0.8125
vt 0.493976 0.75
vt 0.493976 0.8125
vt 0.493976 0.75
vt 0.506024 0.75
vt 0.493976 0.8125
vt 0.493976 0.8125
vt 0.506024 0.75
vt 0.506024 0.8125
vt 0.506024 0.75
vt 0.518072 0.75
vt 0.506024 0.8125
vt 0.506024 0.8125
vt 0.518072 0.75
vt 0.518072 0.8125
vt 0.518072 0.75
vt 0.53012 0.75
vt 0.518072 0.8125
vt 0.518072 0.8125
vt 0.53012 0.75
vt 0.53012 0.8125
vt 0.53012 0.75
vt 0.542169 0.75
vt 0.53012 0.8125
vt 0.53012 0.8125
vt 0.542169 0.75
vt 0.542169 0.8125
vt 0.542169 0.75
vt 0.554217 0.75
vt 0.542169 0.8125
vt 0.542169 0.8125
vt 0.554217 0.75
vt 0.554217 0.8125
vt 0.554217 0.75
vt 0.566265 0.75
vt 0.554217 0.8125
vt 0.554217 0.8125
vt 0.566265 0.75
vt 0.566265 0.8125
vt 0.566265 0.75
vt 0.578313 0.75
vt 0.566265 0.8125
vt 0.566265 0.8125
vt 0.578313 0.75
vt 0.578313 0.8125
vt 0.578313 0.75
vt 0.590361 0.75
vt 0.578313 0.8125
vt 0.578313 0.8125
vt 0.590361 0.75
vt 0.590361 0.8125
vt 0.590361 0.75
vt 0.60241 0.75
vt 0.590361 0.8125
vt 0.590361 0.8125
vt 0.60241 0.75
vt 0.60241 0.8125
vt 0.60241 0.75
vt 0.614458 0.75
vt 0.60241 0.8125
vt 0.60241 0.8125
vt 0.614458 0.75
vt 0.614458 0.8125
vt 0.614458 0.75
vt 0.626506 0.75
vt 0.614458 0.8125
vt 0.614458 0.8125
vt 0.626506 0.75
vt 0.626506 0.8125
vt 0.626506 0.75
vt 0.638554 0.75
vt 0.626506 0.8125
vt 0.626506 0.8125
vt 0.638554 0.75
vt 0.638554 0.8125
vt 0.638554 0.75
vt 0.650602 0.75
vt 0.638554 0.8125
vt 0.638554 0.8125
vt 0.650602 0.75
vt 0.650602 0.8125
vt 0.650602 0.75
vt 0.662651 0.75
vt 0.650602 0.8125
vt 0.650602 0.8125
vt 0.662651 0.75
vt 0.662651 0.8125
vt 0.662651 0.75
vt 0.674699 0.75
vt 0.662651 0.8125
vt 0.662651 0.8125
vt 0.674699 0.75
vt 0.674699 0.8125
vt 0.674699 0.75
vt 0.686747 0.75
vt 0.674699 0.8125
vt 0.674699 0.8125
vt 0.686747 0.75
vt 0.686747 0.8125
vt 0.686747 0.75
vt 0.698795 0.75
vt 0.686747 0.8125
vt 0.686747 0.8125
vt 0.698795 0.75
vt 0.698795 0.8125
vt 0.698795 0.75
vt 0.710843 0.75
vt 0.698795 0.8125
vt 0.698795 0.8125
vt 0.710843 0.75
vt 0.710843 0.8125
vt 0.710843 0.75
vt 0.722892 0.75
vt 0.710843 0.8125
vt 0.710843 0.8125
vt 0.722892 0.75
vt 0.722892 0.8125
vt 0.722892 0.75
vt 0.73494 0.75
vt 0.722892 0.8125
vt 0.722892 0.8125
vt 0.73494 0.75
vt 0.73494 0.8125
vt 0.73494 0.75
vt 0.746988 0.75
vt 0.73494 0.8125
vt 0.73494 0.8125
vt 0.746988 0.75
vt 0.746988 0.8125
vt 0.746988 0.75
vt 0.759036 0.75
vt 0.746988 0.8125
vt 0.746988 0.8125
vt 0.759036 0.75
vt 0.759036 0.8125
vt 0.759036 0.75
vt 0.771084 0.75
vt 0.759036 0.8125
vt 0.759036 0.8125
vt 0.771084 0.75
vt 0.771084 0.8125
vt 0.771084 0.75
vt 0.783133 0.75
vt 0.771084 0.8125
vt 0.771084 0.8125
vt 0.783133 0.75
vt 0.783133 0.8125
vt 0.783133 0.75
vt 0.795181 0.75
vt 0.783133 0.8125
vt 0.783133 0.8125
vt 0.795181 0.75
vt 0.795181 0.8125
vt 0.795181 0.75
vt 0.807229 0.75
vt 0.795181 0.8125
vt 0.795181 0.8125
vt 0.807229 0.75
vt 0.807229 0.8125
vt 0.807229 0.75
vt 0.819277 0.75
vt 0.807229 0.8125
vt 0.807229 0.8125
vt 0.819277 0.75
vt 0.819277 0.8125
vt 0.819277 0.75
vt 0.831325 0.75
vt 0.819277 0.8125
vt 0.819277 0.8125
vt 0.831325 0.75
vt 0.831325 0.8125
vt 0.831325 0.75
vt 0.843373 0.75
vt 0.831325 0.8125
vt 0.831325 0.8125
vt 0.843373 0.75
vt 0.843373 0.8125
vt 0.843373 0.75
vt 0.855422 0.75
vt 0.843373 0.8125
vt 0.843373 0.8125
vt 0.855422 0.75
vt 0.855422 0.8125
vt 0.855422 0.75
vt 0.86747 0.75
vt 0.855422 0.8125
vt 0.855422 0.8125
vt 0.86747 0.75
vt 0.86747 0.8125
vt 0.86747 0.75
vt 0.879518 0.75
vt 0.86747 0.8125
vt 0.86747 0.8125
vt 0.879518 0.75
vt 0.879518 0.8125
vt 0.879518 0.75
vt 0.891566 0.75
vt 0.879518 0.8125
vt 0.879518 0.8125
vt 0.891566 0.75
vt 0.891566 0.8125
vt 0.891566 0.75
vt 0.903614 0.75
vt 0.891566 0.8125
vt 0.891566 0.8125
vt 0.903614 0.75
vt 0.903614 0.8125
vt 0.903614 0.75
vt 0.915663 0.75
vt 0.903614 0.8125
vt 0.903614 0.8125
vt 0.915663 0.75
vt 0.915663 0.8125
vt 0.915663 0.75
vt 0.927711 0.75
vt 0.915663 0.8125
vt 0.915663 0.8125
vt 0.927711 0.75
vt 0.927711 0.8125
vt 0.927711 0.75
vt 0.939759 0.75
vt 0.927711 0.8125
vt 0.927711 0.8125
vt 0.939759 0.75
vt 0.939759 0.8125
vt 0.939759 0.75
vt 0.951807 0.75
vt 0.939759 0.8125
vt 0.939759 0.8125
vt 0.951807 0.75
vt 0.951807 0.8125
vt 0.951807 0.75
vt 0.963855 0.75
vt 0.951807 0.8125
vt 0.951807 0.8125
vt 0.963855 0.75
vt 0.963855 0.8125
vt 0.963855 0.75
vt 0.975904 0.75
vt 0.963855 0.8125
vt 0.963855 0.8125
vt 0.975904 0.75
vt 0.975904 0.8125
vt 0.975904 0.75
vt 0.987952 0.75
vt 0.975904 0.8125
vt 0.975904 0.8125
vt 0.987952 0.75
vt 0.987952 0.8125
vt 0.987952 0.75
vt 1 0.75
vt 0.987952 0.8125
vt 0.987952 0.8125
vt 1 0.75
vt 1 0.8125
vt 0 0.8125
vt 0.0120482 0.8125
vt 0 0.875
vt 0 0.875
vt 0.0120482 0.8125
vt 0.0120482 0.875
vt 0.0120482 0.8125
vt 0.0240964 0.8125
vt 0.0120482 0.875
vt 0.0120482 0.875
vt 0.0240964 0.8125
vt 0.0240964 0.875
vt 0.0240964 0.8125
vt 0.0361446 0.8125
vt 0.0240964 0.875
vt 0.0240964 0.875
vt 0.0361446 0.8125
vt 0.0361446 0.875
vt 0.0361446 0.8125
vt 0.0481928 0.8125
vt 0.0361446 0.875
vt 0.0361446 0.875
vt 0.0481928 0.8125
vt 0.0481928 0.875
vt 0.0481928 0.8125
vt 0.060241 0.8125
vt 0.0481928 0.875
vt 0.0481928 0.875
vt 0.060241 0.8125
vt 0.060241 0.875
vt 0.060241 0.8125
vt 0.0722892 0.8125
vt 0.060241 0.875
vt 0.060241 0.875
vt 0.0722892 0.8125
vt 0.0722892 0.875
vt 0.0722892 0.8125
vt 0.0843373 0.8125
vt 0.0722892 0.875
vt 0.0722892 0.875
vt 0.0843373 0.8125
vt 0.0843373 0.875
vt 0.0843373 0.8125
vt 0.0963855 0.8125
vt 0.0843373 0.875
vt 0.0843373 0.875
vt 0.0963855 0.8125
vt 0.0963855 0.875
vt 0.0963855 0.8125
vt 0.108434 0.8125
vt 0.0963855 0.875
vt 0.0963855 0.875
vt 0.108434 0.8125
vt 0.108434 0.875
vt 0.108434 0.8125
vt 0.120482 0.8125
vt 0.108434 0.875
vt 0.108434 0.875
vt 0.120482 0.8125
vt 0.120482 0.875
vt 0.120482 0.8125
vt 0.13253 0.8125
vt 0.120482 0.875
vt 0.120482 0.875
vt 0.13253 0.8125
vt 0.13253 0.875
vt 0.13253 0.8125
vt 0.144578 0.8125
vt 0.13253 0.875
vt 0.13253 0.875
vt 0.144578 0.8125
vt 0.144578 0.875
vt 0.144578 0.8125
vt 0.156627 0.8125
vt 0.144578 0.875
vt 0.144578 0.875
vt 0.156627 0.8125
vt 0.156627 0.875
vt 0.156627 0.8125
vt 0.168675 0.8125
vt 0.156627 0.875
vt 0.156627 0.875
vt 0.168675 0.8125
vt 0.168675 0.875
vt 0.168675 0.8125
vt 0.180723 0.8125
vt 0.168675 0.875
vt 0.168675 0.875
vt 0.180723 0.8125
vt 0.180723 0.875
vt 0.180723 0.8125
vt 0.192771 0.8125
vt 0.180723 0.875
vt 0.180723 0.875
vt 0.192771 0.8125
vt 0.192771 0.875
vt 0.192771 0.8125
vt 0.204819 0.8125
vt 0.192771 0.875
vt 0.192771 0.875
vt 0.204819 0.8125
vt 0.204819 0.875
vt 0.204819 0.8125
vt 0.216867 0.8125
vt 0.204819 0.875
vt 0.204819 0.875
vt 0.216867 0.8125
vt 0.216867 0.875
vt 0.216867 0.8125
vt 0.228916 0.8125
vt 0.216867 0.875
vt 0.216867 0.875
vt 0.228916 0.8125
vt 0.228916 0.875
vt 0.228916 0.8125
vt 0.240964 0.8125
vt 0.228916 0.875
vt 0.228916 0.875
vt 0.240964 0.8125
vt 0.240964 0.875
vt 0.240964 0.8125
vt 0.253012 0.8125
vt 0.240964 0.875
vt 0.240964 0.875
vt 0.253012 0.8125
vt 0.253012 0.875
vt 0.253012 0.8125
vt 0.26506 0.8125
vt 0.253012 0.875
vt 0.253012 0.875
vt 0.26506 0.8125
vt 0.26506 0.875
vt 0.26506 0.8125
vt 0.277108 0.8125
vt 0.26506 0.875
vt 0.26506 0.875
vt 0.277108 0.8125
vt 0.277108 0.875
vt 0.277108 0.8125
vt 0.289157 0.8125
vt 0.277108 0.875
vt 0.277108 0.875
vt 0.289157 0.8125
vt 0.289157 0.875
vt 0.289157 0.8125
vt 0.301205 0.8125
vt 0.289157 0.875
vt 0.289157 0.875
vt 0.301205 0.8125
vt 0.301205 0.875
vt 0.301205 0.8125
vt 0.313253 0.8125
vt 0.301205 0.875
vt 0.301205 0.875
vt 0.313253 0.8125
vt 0.313253 0.875
vt 0.313253 0.8125
vt 0.325301 0.8125
vt 0.313253 0.875
vt 0.313253 0.875
vt 0.325301 0.8125
vt 0.325301 0.875
vt 0.325301 0.8125
vt 0.337349 0.8125
vt 0.325301 0.875
vt 0.325301 0.875
vt 0.337349 0.8125
vt 0.337349 0.875
vt 0.337349 0.8125
vt 0.349398 0.8125
vt 0.337349 0.875
vt 0.337349 0.875
vt 0.349398 0.8125
vt 0.349398 0.875
vt 0.349398 0.8125
vt 0.361446 0.8125
vt 0.349398 0.875
vt 0.349398 0.875
vt 0.361446 0.8125
vt 0.361446 0.875
vt 0.361446 0.8125
vt 0.373494 0.8125
vt 0.361446 0.875
vt 0.361446 0.875
vt 0.373494 0.8125
vt 0.373494 0.875
vt 0.373494 0.8125
vt 0.385542 0.8125
vt 0.373494 0.875
vt 0.373494 0.875
vt 0.385542 0.8125
vt 0.385542 0.875
vt 0.385542 0.8125
vt 0.39759 0.8125
vt 0.385542 0.875
vt 0.385542 0.875
vt 0.39759 0.8125
vt 0.39759 0.875
vt 0.39759 0.8125
vt 0.409639 0.8125
vt 0.39759 0.875
vt 0.39759 0.875
vt 0.409639 0.8125
vt 0.409639 0.875
vt 0.409639 0.8125
vt 0.421687 0.8125
vt 0.409639 0.875
vt 0.409639 0.875
vt 0.421687 0.8125
vt 0.421687 0.875
vt 0.421687 0.8125
vt 0.433735 0.8125
vt 0.421687 0.875
vt 0.421687 0.875
vt 0.433735 0.8125
vt 0.433735 0.875
vt 0.433735 0.8125
vt 0.445783 0.8125
vt 0.433735 0.875
vt 0.433735 0.875
vt 0.445783 0.8125
vt 0.445783 0.875
vt 0.445783 0.8125
vt 0.457831 0.8125
vt 0.445783 0.875
vt 0.445783 0.875
vt 0.457831 0.8125
vt 0.457831 0.875
vt 0.457831 0.8125
vt 0.46988 0.8125
vt 0.457831 0.875
vt 0.457831 0.875
vt 0.46988 0.8125
vt 0.46988 0.875
vt 0.46988 0.8125
vt 0.481928 0.8125
vt 0.46988 0.875
vt 0.46988 0.875
vt 0.481928 0.8125
vt 0.481928 0.875
vt 0.481928 0.8125
vt 0.493976 0.8125
vt 0.481928 0.875
vt 0.481928 0.875
vt 0.493976 0.8125
vt 0.493976 0.875
vt 0.493976 0.8125
vt 0.506024 0.8125
vt 0.493976 0.875
vt 0.493976 0.875
vt 0.506024 0.8125
vt 0.506024 0.875
vt 0.506024 0.8125
vt 0.518072 0.8125
vt 0.506024 0.875
vt 0.506024 0.875
vt 0.518072 0.8125
vt 0.518072 0.875
vt 0.518072 0.8125
vt 0.53012 0.8125
vt 0.518072 0.875
vt 0.518072 0.875
vt 0.53012 0.8125
vt 0.53012 0.875
vt 0.53012 0.8125
vt 0.542169 0.8125
vt 0.53012 0.875
vt 0.53012 0.875
vt 0.542169 0.8125
vt 0.542169 0.875
vt 0.542169 0.8125
vt 0.554217 0.8125
vt 0.542169 0.875
vt 0.542169 0.875
vt 0.554217 0.8125
vt 0.554217 0.875
vt 0.554217 0.8125
vt 0.566265 0.8125
vt 0.554217 0.875
vt 0.554217 0.875
vt 0.566265 0.8125
vt 0.566265 0.875
vt 0.566265 0.8125
vt 0.578313 0.8125
vt 0.566265 0.875
vt 0.566265 0.875
vt 0.578313 0.8125
vt 0.578313 0.875
vt 0.578313 0.8125
vt 0.590361 0.8125
vt 0.578313 0.875
vt 0.578313 0.875
vt 0.590361 0.8125
vt 0.590361 0.875
vt 0.590361 0.8125
vt 0.60241 0.8125
vt 0.590361 0.875
vt 0.590361 0.875
vt 0.60241 0.8125
vt 0.60241 0.875
vt 0.60241 0.8125
vt 0.614458 0.8125
vt 0.60241 0.875
vt 0.60241 0.875
vt 0.614458 0.8125
vt 0.614458 0.875
vt 0.614458 0.8125
vt 0.626506 0.8125
vt 0.614458 0.875
vt 0.614458 0.875
vt 0.626506 0.8125
vt 0.626506 0.875
vt 0.626506 0.8125
vt 0.638554 0.8125
vt 0.626506 0.875
vt 0.626506 0.875
vt 0.638554 0.8125
vt 0.638554 0.875
vt 0.638554 0.8125
vt 0.650602 0.8125
vt 0.638554 0.875
vt 0.638554 0.875
vt 0.650602 0.8125
vt 0.650602 0.875
vt 0.650602 0.8125
vt 0.662651 0.8125
vt 0.650602 0.875
vt 0.650602 0.875
vt 0.662651 0.8125
vt 0.662651 0.875
vt 0.662651 0.8125
vt 0.674699 0.8125
vt 0.662651 0.875
vt 0.662651 0.875
vt 0.674699 0.8125
vt 0.674699 0.875
vt 0.674699 0.8125
vt 0.686747 0.8125
vt 0.674699 0.875
vt 0.674699 0.875
vt 0.686747 0.8125
vt 0.686747 0.875
vt 0.686747 0.8125
vt 0.698795 0.8125
vt 0.686747 0.875
vt 0.686747 0.875
vt 0.698795 0.8125
vt 0.698795 0.875
vt 0.698795 0.8125
vt 0.710843 0.8125
vt 0.698795 0.875
vt 0.698795 0.875
vt 0.710843 0.8125
vt 0.710843 0.875
vt 0.710843 0.8125
vt 0.722892 0.8125
vt 0.710843 0.875
vt 0.710843 0.875
vt 0.722892 0.8125
vt 0.722892 0.875
vt 0.722892 0.8125
vt 0.73494 0.8125
vt 0.722892 0.875
vt 0.722892 0.875
vt 0.73494 0.8125
vt 0.73494 0.875
vt 0.73494 0.8125
vt 0.746988 0.8125
vt 0.73494 0.875
vt 0.73494 0.875
vt 0.746988 0.8125
vt 0.746988 0.875
vt 0.746988 0.8125
vt 0.759036 0.8125
vt 0.746988 0.875
vt 0.746988 0.875
vt 0.759036 0.8125
vt 0.759036 0.875
vt 0.759036 0.8125
vt 0.771084 0.8125
vt 0.759036 0.875
vt 0.759036 0.875
vt 0.771084 0.8125
vt 0.771084 0.875
vt 0.771084 0.8125
vt 0.783133 0.8125
vt 0.771084 0.875
vt 0.771084 0.875
vt 0.783133 0.8125
vt 0.783133 0.875
vt 0.783133 0.8125
vt 0.795181 0.8125
vt 0.783133 0.875
vt 0.783133 0.875
vt 0.795181 0.8125
vt 0.795181 0.875
vt 0.795181 0.8125
vt 0.807229 0.8125
vt 0.795181 0.875
vt 0.795181 0.875
vt 0.807229 0.8125
vt 0.807229 0.875
vt 0.807229 0.8125
vt 0.819277 0.8125
vt 0.807229 0.875
vt 0.807229 0.875
vt 0.819277 0.8125
vt 0.819277 0.875
vt 0.819277 0.8125
vt 0.831325 0.8125
vt 0.819277 0.875
vt 0.819277 0.875
vt 0.831325 0.8125
vt 0.831325 0.875
vt 0.831325 0.8125
vt 0.843373 0.8125
vt 0.831325 0.875
vt 0.831325 0.875
vt 0.843373 0.8125
vt 0.843373 0.875
vt 0.843373 0.8125
vt 0.855422 0.8125
vt 0.843373 0.875
vt 0.843373 0.875
vt 0.855422 0.8125
vt 0.855422 0.875
vt 0.855422 0.8125
vt 0.86747 0.8125
vt 0.855422 0.875
vt 0.855422 0.875
vt 0.86747 0.8125
vt 0.86747 0.875
vt 0.86747 0.8125
vt 0.879518 0.8125
vt 0.86747 0.875
vt 0.86747 0.875
vt 0.879518 0.8125
vt 0.879518 0.875
vt 0.879518 0.8125
vt 0.891566 0.8125
vt 0.879518 0.875
vt 0.879518 0.875
vt 0.891566 0.8125
vt 0.891566 0.875
vt 0.891566 0.8125
vt 0.903614 0.8125
vt 0.891566 0.875
vt 0.891566 0.875
vt 0.903614 0.8125
vt 0.903614 0.875
vt 0.903614 0.8125
vt 0.915663 0.8125
vt 0.903614 0.875
vt 0.903614 0.875
vt 0.915663 0.8125
vt 0.915663 0.875
vt 0.915663 0.8125
vt 0.927711 0.8125
vt 0.915663 0.875
vt 0.915663 0.875
vt 0.927711 0.8125
vt 0.927711 0.875
vt 0.927711 0.8125
vt 0.939759 0.8125
vt 0.927711 0.875
vt 0.927711 0.875
vt 0.939759 0.8125
vt 0.939759 0.875
vt 0.939759 0.8125
vt 0.951807 0.8125
vt 0.939759 0.875
vt 0.939759 0.875
vt 0.951807 0.8125
vt 0.951807 0.875
vt 0.951807 0.8125
vt 0.963855 0.8125
vt 0.951807 0.875
vt 0.951807 0.875
vt 0.963855 0.8125
vt 0.963855 0.875
vt 0.963855 0.8125
vt 0.975904 0.8125
vt 0.963855 0.875
vt 0.963855 0.875
vt 0.975904 0.8125
vt 0.975904 0.875
vt 0.975904 0.8125
vt 0.987952 0.8125
vt 0.975904 0.875
vt 0.975904 0.875
vt 0.987952 0.8125
vt 0.987952 0.875
vt 0.987952 0.8125
vt 1 0.8125
vt 0.987952 0.875
vt 0.987952 0.875
vt 1 0.8125
vt 1 0.875
vt 0 0.875
vt 0.0120482 0.875
vt 0 0.9375
vt 0 0.9375
vt 0.0120482 0.875
vt 0.0120482 0.9375
vt 0.0120482 0.875
vt 0.0240964 0.875
vt 0.0120482 0.9375
vt 0.0120482 0.9375
vt 0.0240964 0.875
vt 0.0240964 0.9375
vt 0.0240964 0.875
vt 0.0361446 0.875
vt 0.0240964 0.9375
vt 0.0240964 0.9375
vt 0.0361446 0.875
vt 0.0361446 0.9375
vt 0.0361446 0.875
vt 0.0481928 0.875
vt 0.0361446 0.9375
vt 0.0361446 0.9375
vt 0.0481928 0.875
vt 0.0481928 0.9375
vt 0.0481928 0.875
vt 0.060241 0.875
vt 0.0481928 0.9375
vt 0.0481928 0.9375
vt 0.060241 0.875
vt 0.060241 0.9375
vt 0.060241 0.875
vt 0.0722892 0.875
vt 0.060241 0.9375
vt 0.060241 0.9375
vt 0.0722892 0.875
vt 0.0722892 0.9375
vt 0.0722892 0.875
vt 0.0843373 0.875
vt 0.0722892 0.9375
vt 0.0722892 0.9375
vt 0.0843373 0.875
vt 0.0843373 0.9375
vt 0.0843373 0.875
vt 0.0963855 0.875
vt 0.0843373 0.9375
vt 0.0843373 0.9375
vt 0.0963855 0.875
vt 0.0963855 0.9375
vt 0.0963855 0.875
vt 0.108434 0.875
vt 0.0963855 0.9375
vt 0.0963855 0.9375
vt 0.108434 0.875
vt 0.108434 0.9375
vt 0.108434 0.875
vt 0.120482 0.875
vt 0.108434 0.9375
vt 0.108434 0.9375
vt 0.120482 0.875
vt 0.120482 0.9375
vt 0.120482 0.875
vt 0.13253 0.875
vt 0.120482 0.9375
vt 0.120482 0.9375
vt 0.13253 0.875
vt 0.13253 0.9375
vt 0.13253 0.875
vt 0.144578 0.875
vt 0.13253 0.9375
vt 0.13253 0.9375
vt 0.144578 0.875
vt 0.144578 0.9375
vt 0.144578 0.875
vt 0.156627 0.875
vt 0.144578 0.9375
vt 0.144578 0.9375
vt 0.156627 0.875
vt 0.156627 0.9375
vt 0.156627 0.875
vt 0.168675 0.875
vt 0.156627 0.9375
vt 0.156627 0.9375
vt 0.168675 0.875
vt 0.168675 0.9375
vt 0.168675 0.875
vt 0.180723 0.875
vt 0.168675 0.9375
vt 0.168675 0.9375
vt 0.180723 0.875
vt 0.180723 0.9375
vt 0.180723 0.875
vt 0.192771 0.875
vt 0.180723 0.9375
vt 0.180723 0.9375
vt 0.192771 0.875
vt 0.192771 0.9375
vt 0.192771 0.875
vt 0.204819 0.875
vt 0.192771 0.9375
vt 0.192771 0.9375
vt 0.204819 0.875
vt 0.204819 0.9375
vt 0.204819 0.875
vt 0.216867 0.875
vt 0.204819 0.9375
vt 0.204819 0.9375
vt 0.216867 0.875
vt 0.216867 0.9375
vt 0.216867 0.875
vt 0.228916 0.875
vt 0.216867 0.9375
vt 0.216867 0.9375
vt 0.228916 0.875
vt 0.228916 0.9375
vt 0.228916 0.875
vt 0.240964 0.875
vt 0.228916 0.9375
vt 0.228916 0.9375
vt 0.240964 0.875
vt 0.240964 0.9375
vt 0.240964 0.875
vt 0.253012 0.875
vt 0.240964 0.9375
vt 0.240964 0.9375
vt 0.253012 0.875
vt 0.253012 0.9375
vt 0.253012 0.875
vt 0.26506 0.875
vt 0.253012 0.9375
vt 0.253012 0.9375
vt 0.26506 0.875
vt 0.26506 0.9375
vt 0.26506 0.875
vt 0.277108 0.875
vt 0.26506 0.9375
vt 0.26506 0.9375
vt 0.277108 0.875
vt 0.277108 0.9375
vt 0.277108 0.875
vt 0.289157 0.875
vt 0.277108 0.9375
vt 0.277108 0.9375
vt 0.289157 0.875
vt 0.289157 0.9375
vt 0.289157 0.875
vt 0.301205 0.875
vt 0.289157 0.9375
vt 0.289157 0.9375
vt 0.301205 0.875
vt 0.301205 0.9375
vt 0.301205 0.875
vt 0.313253 0.875
vt 0.301205 0.9375
vt 0.301205 0.9375
vt 0.313253 0.875
vt 0.313253 0.9375
vt 0.313253 0.875
vt 0.325301 0.875
vt 0.313253 0.9375
vt 0.313253 0.9375
vt 0.325301 0.875
vt 0.325301 0.9375
vt 0.325301 0.875
vt 0.337349 0.875
vt 0.325301 0.9375
vt 0.325301 0.9375
vt 0.337349 0.875
vt 0.337349 0.9375
vt 0.337349 0.875
vt 0.349398 0.875
vt 0.337349 0.9375
vt 0.337349 0.9375
vt 0.349398 0.875
vt 0.349398 0.9375
vt 0.349398 0.875
vt 0.361446 0.875
vt 0.349398 0.9375
vt 0.349398 0.9375
vt 0.361446 0.875
vt 0.361446 0.9375
vt 0.361446 0.875
vt 0.373494 0.875
vt 0.361446 0.9375
vt 0.361446 0.9375
vt 0.373494 0.875
vt 0.373494 0.9375
vt 0.373494 0.875
vt 0.385542 0.875
vt 0.373494 0.9375
vt 0.373494 0.9375
vt 0.385542 0.875
vt 0.385542 0.9375
vt 0.385542 0.875
vt 0.39759 0.875
vt 0.385542 0.9375
vt 0.385542 0.9375
vt 0.39759 0.875
vt 0.39759 0.9375
vt 0.39759 0.875
vt 0.409639 0.875
vt 0.39759 0.9375
vt 0.39759 0.9375
vt 0.409639 0.875
vt 0.409639 0.9375
vt 0.409639 0.875
vt 0.421687 0.875
vt 0.409639 0.9375
vt 0.409639 0.9375
vt 0.421687 0.875
vt 0.421687 0.9375
vt 0.421687 0.875
vt 0.433735 0.875
vt 0.421687 0.9375
vt 0.421687 0.9375
vt 0.433735 0.875
vt 0.433735 0.9375
vt 0.433735 0.875
vt 0.445783 0.875
vt 0.433735 0.9375
vt 0.433735 0.9375
vt 0.445783 0.875
vt 0.445783 0.9375
vt 0.445783 0.875
vt 0.457831 0.875
vt 0.445783 0.9375
vt 0.445783 0.9375
vt 0.457831 0.875
vt 0.457831 0.9375
vt 0.457831 0.875
vt 0.46988 0.875
vt 0.457831 0.9375
vt 0.457831 0.9375
vt 0.46988 0.875
vt 0.46988 0.9375
vt 0.46988 0.875
vt 0.481928 0.875
vt 0.46988 0.9375
vt 0.46988 0.9375
vt 0.481928 0.875
vt 0.481928 0.9375
vt 0.481928 0.875
vt 0.493976 0.875
vt 0.481928 0.9375
vt 0.481928 0.9375
vt 0.493976 0.875
vt 0.493976 0.9375
vt 0.493976 0.875
vt 0.506024 0.875
vt 0.493976 0.9375
vt 0.493976 0.9375
vt 0.506024 0.875
vt 0.506024 0.9375
vt 0.506024 0.875
vt 0.518072 0.875
vt 0.506024 0.9375
vt 0.506024 0.9375
vt 0.518072 0.875
vt 0.518072 0.9375
vt 0.518072 0.875
vt 0.53012 0.875
vt 0.518072 0.9375
vt 0.518072 0.9375
vt 0.53012 0.875
vt 0.53012 0.9375
vt 0.53012 0.875
vt 0.542169 0.875
vt 0.53012 0.9375
vt 0.53012 0.9375
vt 0.542169 0.875
vt 0.542169 0.9375
vt 0.542169 0.875
vt 0.554217 0.875
vt 0.542169 0.9375
vt 0.542169 0.9375
vt 0.554217 0.875
vt 0.554217 0.9375
vt 0.554217 0.875
vt 0.566265 0.875
vt 0.554217 0.9375
vt 0.554217 0.9375
vt 0.566265 0.875
vt 0.566265 0.9375
vt 0.566265 0.875
vt 0.578313 0.875
vt 0.566265 0.9375
vt 0.566265 0.9375
vt 0.578313 0.875
vt 0.578313 0.9375
vt 0.578313 0.875
vt 0.590361 0.875
vt 0.578313 0.9375
vt 0.578313 0.9375
vt 0.590361 0.875
vt 0.590361 0.9375
vt 0.590361 0.875
vt 0.60241 0.875
vt 0.590361 0.9375
vt 0.590361 0.9375
vt 0.60241 0.875
vt 0.60241 0.9375
vt 0.60241 0.875
vt 0.614458 0.875
vt 0.60241 0.9375
vt 0.60241 0.9375
vt 0.614458 0.875
vt 0.614458 0.9375
vt 0.614458 0.875
vt 0.626506 0.875
vt 0.614458 0.9375
vt 0.614458 0.9375
vt 0.626506 0.875
vt 0.626506 0.9375
vt 0.626506 0.875
vt 0.638554 0.875
vt 0.626506 0.9375
vt 0.626506 0.9375
vt 0.638554 0.875
vt 0.638554 0.9375
vt 0.638554 0.875
vt 0.650602 0.875
vt 0.638554 0.9375
vt 0.638554 0.9375
vt 0.650602 0.875
vt 0.650602 0.9375
vt 0.650602 0.875
vt 0.662651 0.875
vt 0.650602 0.9375
vt 0.650602 0.9375
vt 0.662651 0.875
vt 0.662651 0.9375
vt 0.662651 0.875
vt 0.674699 0.875
vt 0.662651 0.9375
vt 0.662651 0.9375
vt 0.674699 0.875
vt 0.674699 0.9375
vt 0.674699 0.875
vt 0.686747 0.875
vt 0.674699 0.9375
vt 0.674699 0.9375
vt 0.686747 0.875
vt 0.686747 0.9375
vt 0.686747 0.875
vt 0.698795 0.875
vt 0.686747 0.9375
vt 0.686747 0.9375
vt 0.698795 0.875
vt 0.698795 0.9375
vt 0.698795 0.875
vt 0.710843 0.875
vt 0.698795 0.9375
vt 0.698795 0.9375
vt 0.710843 0.875
vt 0.710843 0.9375
vt 0.710843 0.875
vt 0.722892 0.875
vt 0.710843 0.9375
vt 0.710843 0.9375
vt 0.722892 0.875
vt 0.722892 0.9375
vt 0.722892 0.875
vt 0.73494 0.875
vt 0.722892 0.9375
vt 0.722892 0.9375
vt 0.73494 0.875
vt 0.73494 0.9375
vt 0.73494 0.875
vt 0.746988 0.875
vt 0.73494 0.9375
vt 0.73494 0.9375
vt 0.746988 0.875
vt 0.746988 0.9375
vt 0.746988 0.875
vt 0.759036 0.875
vt 0.746988 0.9375
vt 0.746988 0.9375
vt 0.759036 0.875
vt 0.759036 0.9375
vt 0.759036 0.875
vt 0.771084 0.875
vt 0.759036 0.9375
vt 0.759036 0.9375
vt 0.771084 0.875
vt 0.771084 0.9375
vt 0.771084 0.875
vt 0.783133 0.875
vt 0.771084 0.9375
vt 0.771084 0.9375
vt 0.783133 0.875
vt 0.783133 0.9375
vt 0.783133 0.875
vt 0.795181 0.875
vt 0.783133 0.9375
vt 0.783133 0.9375
vt 0.795181 0.875
vt 0.795181 0.9375
vt 0.795181 0.875
vt 0.807229 0.875
vt 0.795181 0.9375
vt 0.795181 0.9375
vt 0.807229 0.875
vt 0.807229 0.9375
vt 0.807229 0.875
vt 0.819277 0.875
vt 0.807229 0.9375
vt 0.807229 0.9375
vt 0.819277 0.875
vt 0.819277 0.9375
vt 0.819277 0.875
vt 0.831325 0.875
vt 0.819277 0.9375
vt 0.819277 0.9375
vt 0.831325 0.875
vt 0.831325 0.9375
vt 0.831325 0.875
vt 0.843373 0.875
vt 0.831325 0.9375
vt 0.831325 0.9375
vt 0.843373 0.875
vt 0.843373 0.9375
vt 0.843373 0.875
vt 0.855422 0.875
vt 0.843373 0.9375
vt 0.843373 0.9375
vt 0.855422 0.875
vt 0.855422 0.9375
vt 0.855422 0.875
vt 0.86747 0.875
vt 0.855422 0.9375
vt 0.855422 0.9375
vt 0.86747 0.875
vt 0.86747 0.9375
vt 0.86747 0.875
vt 0.879518 0.875
vt 0.86747 0.9375
vt 0.86747 0.9375
vt 0.879518 0.875
vt 0.879518 0.9375
vt 0.879518 0.875
vt 0.891566 0.875
vt 0.879518 0.9375
vt 0.879518 0.9375
vt 0.891566 0.875
vt 0.891566 0.9375
vt 0.891566 0.875
vt 0.903614 0.875
vt 0.891566 0.9375
vt 0.891566 0.9375
vt 0.903614 0.875
vt 0.903614 0.9375
vt 0.903614 0.875
vt 0.915663 0.875
vt 0.903614 0.9375
vt 0.903614 0.9375
vt 0.915663 0.875
vt 0.915663 0.9375
vt 0.915663 0.875
vt 0.927711 0.875
vt 0.915663 0.9375
vt 0.915663 0.9375
vt 0.927711 0.875
vt 0.927711 0.9375
vt 0.927711 0.875
vt 0.939759 0.875
vt 0.927711 0.9375
vt 0.927711 0.9375
vt 0.939759 0.875
vt 0.939759 0.9375
vt 0.939759 0.875
vt 0.951807 0.875
vt 0.939759 0.9375
vt 0.939759 0.9375
vt 0.951807 0.875
vt 0.951807 0.9375
vt 0.951807 0.875
vt 0.963855 0.875
vt 0.951807 0.9375
vt 0.951807 0.9375
vt 0.963855 0.875
vt 0.963855 0.9375
vt 0.963855 0.875
vt 0.975904 0.875
vt 0.963855 0.9375
vt 0.963855 0.9375
vt 0.975904 0.875
vt 0.975904 0.9375
vt 0.975904 0.875
vt 0.987952 0.875
vt 0.975904 0.9375
vt 0.975904 0.9375
vt 0.987952 0.875
vt 0.987952 0.9375
vt 0.987952 0.875
vt 1 0.875
vt 0.987952 0.9375
vt 0.987952 0.9375
vt 1 0.875
vt 1 0.9375
vt 0 0.9375
vt 0.0120482 0.9375
vt 0 1
vt 0 1
vt 0.0120482 0.9375
vt 0.0120482 1
vt 0.0120482 0.9375
vt 0.0240964 0.9375
vt 0.0120482 1
vt 0.0120482 1
vt 0.0240964 0.9375
vt 0.0240964 1
vt 0.0240964 0.9375
vt 0.0361446 0.9375
vt 0.0240964 1
vt 0.0240964 1
vt 0.0361446 0.9375
vt 0.0361446 1
vt 0.0361446 0.9375
vt 0.0481928 0.9375
vt 0.0361446 1
vt 0.0361446 1
vt 0.0481928 0.9375
vt 0.0481928 1
vt 0.0481928 0.9375
vt 0.060241 0.9375
vt 0.0481928 1
vt 0.0481928 1
vt 0.060241 0.9375
vt 0.060241 1
vt 0.060241 0.9375
vt 0.0722892 0.9375
vt 0.060241 1
vt 0.060241 1
vt 0.0722892 0.9375
vt 0.0722892 1
vt 0.0722892 0.9375
vt 0.0843373 0.9375
vt 0.0722892 1
vt 0.0722892 1
vt 0.0843373 0.9375
vt 0.0843373 1
vt 0.0843373 0.9375
vt 0.0963855 0.9375
vt 0.0843373 1
vt 0.0843373 1
vt 0.0963855 0.9375
vt 0.0963855 1
vt 0.0963855 0.9375
vt 0.108434 0.9375
vt 0.0963855 1
vt 0.0963855 1
vt 0.108434 0.9375
vt 0.108434 1
vt 0.108434 0.9375
vt 0.120482 0.9375
vt 0.108434 1
vt 0.108434 1
vt 0.120482 0.9375
vt 0.120482 1
vt 0.120482 0.9375
vt 0.13253 0.9375
vt 0.120482 1
vt 0.120482 1
vt 0.13253 0.9375
vt 0.13253 1
vt 0.13253 0.9375
vt 0.144578 0.9375
vt 0.13253 1
vt 0.13253 1
vt 0.144578 0.9375
vt 0.144578 1
vt 0.144578 0.9375
vt 0.156627 0.9375
vt 0.144578 1
vt 0.144578 1
vt 0.156627 0.9375
vt 0.156627 1
vt 0.156627 0.9375
vt 0.168675 0.9375
vt 0.156627 1
vt 0.156627 1
vt 0.168675 0.9375
vt 0.168675 1
vt 0.168675 0.9375
vt 0.180723 0.9375
vt 0.168675 1
vt 0.168675 1
vt 0.180723 0.9375
vt 0.180723 1
vt 0.180723 0.9375
vt 0.192771 0.9375
vt 0.180723 1
vt 0.180723 1
vt 0.192771 0.9375
vt 0.192771 1
vt 0.192771 0.9375
vt 0.204819 0.9375
vt 0.192771 1
vt 0.192771 1
vt 0.204819 0.9375
vt 0.204819 1
vt 0.204819 0.9375
vt 0.216867 0.9375
vt 0.204819 1
vt 0.204819 1
vt 0.216867 0.9375
vt 0.216867 1
vt 0.216867 0.9375
vt 0.228916 0.9375
vt 0.216867 1
vt 0.216867 1
vt 0.228916 0.9375
vt 0.228916 1
vt 0.228916 0.9375
vt 0.240964 0.9375
vt 0.228916 1
vt 0.228916 1
vt 0.240964 0.9375
vt 0.240964 1
vt 0.240964 0.9375
vt 0.253012 0.9375
vt 0.240964 1
vt 0.240964 1
vt 0.253012 0.9375
vt 0.253012 1
vt 0.253012 0.9375
vt 0.26506 0.9375
vt 0.253012 1
vt 0.253012 1
vt 0.26506 0.9375
vt 0.26506 1
vt 0.26506 0.9375
vt 0.277108 0.9375
vt 0.26506 1
vt 0.26506 1
vt 0.277108 0.9375
vt 0.277108 1
vt 0.277108 0.9375
vt 0.289157 0.9375
vt 0.277108 1
vt 0.277108 1
vt 0.289157 0.9375
vt 0.289157 1
vt 0.289157 0.9375
vt 0.301205 0.9375
vt 0.289157 1
vt 0.289157 1
vt 0.301205 0.9375
vt 0.301205 1
vt 0.301205 0.9375
vt 0.313253 0.9375
vt 0.301205 1
vt 0.301205 1
vt 0.313253 0.9375
vt 0.313253 1
vt 0.313253 0.9375
vt 0.325301 0.9375
vt 0.313253 1
vt 0.313253 1
vt 0.325301 0.9375
vt 0.325301 1
vt 0.325301 0.9375
vt 0.337349 0.9375
vt 0.325301 1
vt 0.325301 1
vt 0.337349 0.9375
vt 0.337349 1
vt 0.337349 0.9375
vt 0.349398 0.9375
vt 0.337349 1
vt 0.337349 1
vt 0.349398 0.9375
vt 0.349398 1
vt 0.349398 0.9375
vt 0.361446 0.9375
vt 0.349398 1
vt 0.349398 1
vt 0.361446 0.9375
vt 0.361446 1
vt 0.361446 0.9375
vt 0.373494 0.9375
vt 0.361446 1
vt 0.361446 1
vt 0.373494 0.9375
vt 0.373494 1
vt 0.373494 0.9375
vt 0.385542 0.9375
vt 0.373494 1
vt 0.373494 1
vt 0.385542 0.9375
vt 0.385542 1
vt 0.385542 0.9375
vt 0.39759 0.9375
vt 0.385542 1
vt 0.385542 1
vt 0.39759 0.9375
vt 0.39759 1
vt 0.39759 0.9375
vt 0.409639 0.9375
vt 0.39759 1
vt 0.39759 1
vt 0.409639 0.9375
vt 0.409639 1
vt 0.409639 0.9375
vt 0.421687 0.9375
vt 0.409639 1
vt 0.409639 1
vt 0.421687 0.9375
vt 0.421687 1
vt 0.421687 0.9375
vt 0.433735 0.9375
vt 0.421687 1
vt 0.421687 1
vt 0.433735 0.9375
vt 0.433735 1
vt 0.433735 0.9375
vt 0.445783 0.9375
vt 0.433735 1
vt 0.433735 1
vt 0.445783 0.9375
vt 0.445783 1
vt 0.445783 0.9375
vt 0.457831 0.9375
vt 0.445783 1
vt 0.445783 1
vt 0.457831 0.9375
vt 0.457831 1
vt 0.457831 0.9375
vt 0.46988 0.9375
vt 0.457831 1
vt 0.457831 1
vt 0.46988 0.9375
vt 0.46988 1
vt 0.46988 0.9375
vt 0.481928 0.9375
vt 0.46988 1
vt 0.46988 1
vt 0.481928 0.9375
vt 0.481928 1
vt 0.481928 0.9375
vt 0.493976 0.9375
vt 0.481928 1
vt 0.481928 1
vt 0.493976 0.9375
vt 0.493976 1
vt 0.493976 0.9375
vt 0.506024 0.9375
vt 0.493976 1
vt 0.493976 1
vt 0.506024 0.9375
vt 0.506024 1
vt 0.506024 0.9375
vt 0.518072 0.9375
vt 0.506024 1
vt 0.506024 1
vt 0.518072 0.9375
vt 0.518072 1
vt 0.518072 0.9375
vt 0.53012 0.9375
vt 0.518072 1
vt 0.518072 1
vt 0.53012 0.9375
vt 0.53012 1
vt 0.53012 0.9375
vt 0.542169 0.9375
vt 0.53012 1
vt 0.53012 1
vt 0.542169 0.9375
vt 0.542169 1
vt 0.542169 0.9375
vt 0.554217 0.9375
vt 0.542169 1
vt 0.542169 1
vt 0.554217 0.9375
vt 0.554217 1
vt 0.554217 0.9375
vt 0.566265 0.9375
vt 0.554217 1
vt 0.554217 1
vt 0.566265 0.9375
vt 0.566265 1
vt 0.566265 0.9375
vt 0.578313 0.9375
vt 0.566265 1
vt 0.566265 1
vt 0.578313 0.9375
vt 0.578313 1
vt 0.578313 0.9375
vt 0.590361 0.9375
vt 0.578313 1
vt 0.578313 1
vt 0.590361 0.9375
vt 0.590361 1
vt 0.590361 0.9375
vt 0.60241 0.9375
vt 0.590361 1
vt 0.590361 1
vt 0.60241 0.9375
vt 0.60241 1
vt 0.60241 0.9375
vt 0.614458 0.9375
vt 0.60241 1
vt 0.60241 1
vt 0.614458 0.9375
vt 0.614458 1
vt 0.614458 0.9375
vt 0.626506 0.9375
vt 0.614458 1
vt 0.614458 1
vt 0.626506 0.9375
vt 0.626506 1
vt 0.626506 0.9375
vt 0.638554 0.9375
vt 0.626506 1
vt 0.626506 1
vt 0.638554 0.9375
vt 0.638554 1
vt 0.638554 0.9375
vt 0.650602 0.9375
vt 0.638554 1
vt 0.638554 1
vt 0.650602 0.9375
vt 0.650602 1
vt 0.650602 0.9375
vt 0.662651 0.9375
vt 0.650602 1
vt 0.650602 1
vt 0.662651 0.9375
vt 0.662651 1
vt 0.662651 0.9375
vt 0.674699 0.9375
vt 0.662651 1
vt 0.662651 1
vt 0.674699 0.9375
vt 0.674699 1
vt 0.674699 0.9375
vt 0.686747 0.9375
vt 0.674699 1
vt 0.674699 1
vt 0.686747 0.9375
vt 0.686747 1
vt 0.686747 0.9375
vt 0.698795 0.9375
vt 0.686747 1
vt 0.686747 1
vt 0.698795 0.9375
vt 0.698795 1
vt 0.698795 0.9375
vt 0.710843 0.9375
vt 0.698795 1
vt 0.698795 1
vt 0.710843 0.9375
vt 0.710843 1
vt 0.710843 0.9375
vt 0.722892 0.9375
vt 0.710843 1
vt 0.710843 1
vt 0.722892 0.9375
vt 0.722892 1
vt 0.722892 0.9375
vt 0.73494 0.9375
vt 0.722892 1
vt 0.722892 1
vt 0.73494 0.9375
vt 0.73494 1
vt 0.73494 0.9375
vt 0.746988 0.9375
vt 0.73494 1
vt 0.73494 1
vt 0.746988 0.9375
vt 0.746988 1
vt 0.746988 0.9375
vt 0.759036 0.9375
vt 0.746988 1
vt 0.746988 1
vt 0.759036 0.9375
vt 0.759036 1
vt 0.759036 0.9375
vt 0.771084 0.9375
vt 0.759036 1
vt 0.759036 1
vt 0.771084 0.9375
vt 0.771084 1
vt 0.771084 0.9375
vt 0.783133 0.9375
vt 0.771084 1
vt 0.771084 1
vt 0.783133 0.9375
vt 0.783133 1
vt 0.783133 0.9375
vt 0.795181 0.9375
vt 0.783133 1
vt 0.783133 1
vt 0.795181 0.9375
vt 0.795181 1
vt 0.795181 0.9375
vt 0.807229 0.9375
vt 0.795181 1
vt 0.795181 1
vt 0.807229 0.9375
vt 0.807229 1
vt 0.807229 0.9375
vt 0.819277 0.9375
vt 0.807229 1
vt 0.807229 1
vt 0.819277 0.9375
vt 0.819277 1
vt 0.819277 0.9375
vt 0.831325 0.9375
vt 0.819277 1
vt 0.819277 1
vt 0.831325 0.9375
vt 0.831325 1
vt 0.831325 0.9375
vt 0.843373 0.9375
vt 0.831325 1
vt 0.831325 1
vt 0.843373 0.9375
vt 0.843373 1
vt 0.843373 0.9375
vt 0.855422 0.9375
vt 0.843373 1
vt 0.843373 1
vt 0.855422 0.9375
vt 0.855422 1
vt 0.855422 0.9375
vt 0.86747 0.9375
vt 0.855422 1
vt 0.855422 1
vt 0.86747 0.9375
vt 0.86747 1
vt 0.86747 0.9375
vt 0.879518 0.9375
vt 0.86747 1
vt 0.86747 1
vt 0.879518 0.9375
vt 0.879518 1
vt 0.879518 0.9375
vt 0.891566 0.9375
vt 0.879518 1
vt 0.879518 1
vt 0.891566 0.9375
vt 0.891566 1
vt 0.891566 0.9375
vt 0.903614 0.9375
vt 0.891566 1
vt 0.891566 1
vt 0.903614 0.9375
vt 0.903614 1
vt 0.903614 0.9375
vt 0.915663 0.9375
vt 0.903614 1
vt 0.903614 1
vt 0.915663 0.9375
vt 0.915663 1
vt 0.915663 0.9375
vt 0.927711 0.9375
vt 0.915663 1
vt 0.915663 1
vt 0.927711 0.9375
vt 0.927711 1
vt 0.927711 0.9375
vt 0.939759 0.9375
vt 0.927711 1
vt 0.927711 1
vt 0.939759 0.9375
vt 0.939759 1
vt 0.939759 0.9375
vt 0.951807 0.9375
vt 0.939759 1
vt 0.939759 1
vt 0.951807 0.9375
vt 0.951807 1
vt 0.951807 0.9375
vt 0.963855 0.9375
vt 0.951807 1
vt 0.951807 1
vt 0.963855 0.9375
vt 0.963855 1
vt 0.963855 0.9375
vt 0.975904 0.9375
vt 0.963855 1
vt 0.963855 1
vt 0.975904 0.9375
vt 0.975904 1
vt 0.975904 0.9375
vt 0.987952 0.9375
vt 0.975904 1
vt 0.975904 1
vt 0.987952 0.9375
vt 0.987952 1
vt 0.987952 0.9375
vt 1 0.9375
vt 0.987952 1
vt 0.987952 1
vt 1 0.9375
vt 1 1
vn 0 1 0
vn 0 1 0
vn 0 1 0
vn 0 1 0
vn 0 1 0
vn 0 1 0
vn -0.0299315 0.997758 0.059863
vn -0.0299315 0.997758 0.059863
vn -0.0299315 0.997758 0.059863
vn -0.059863 0.997758 0.0299315
vn -0.059863 0.997758 0.0299315
vn -0.059863 0.997758 0.0299315
vn -0.0299718 0.999101 0.0299718
vn -0.0299718 0.999101 0.0299718
vn -0.0299718 0.999101 0.0299718
vn -0.0797463 0.996615 -0.0199518
vn -0.0797463 0.996615 -0.0199518
vn -0.0797463 0.996615 -0.0199518
vn -0.0399381 0.999002 -0.0199996
vn -0.0399381 0.999002 -0.0199996
vn -0.0399381 0.999002 -0.0199996
vn -0 0.999801 0.0199545
vn -0 0.999801 0.0199545
vn -0 0.999801 0.0199545
vn -0.0300098 0.999351 0.0199455
vn -0.0300098 0.999351 0.0199455
vn -0.0300098 0.999351 0.0199455
vn -0.0598869 0.998155 -0.0099913
vn -0.0598869 0.998155 -0.0099913
vn -0.0598869 0.998155 -0.0099913
vn -0.186654 0.982376 -0.00983336
vn -0.186654 0.982376 -0.00983336
vn -0.186654 0.982376 -0.00983336
vn -0.0197643 0.987252 0.157934
vn -0.0197643 0.987252 0.157934
vn -0.0197643 0.987252 0.157934
vn -0.17499 0.972209 0.155527
vn -0.17499 0.972209 0.155527
vn -0.17499 0.972209 0.155527
vn 0.17499 -0.972209 -0.155527
vn 0.17499 -0.972209 -0.155527
vn 0.17499 -0.972209 -0.155527
vn 0 1 0
vn 0 1 0
vn 0 1 0
vn -0.175246 0.973629 -0.146068
vn -0.175246 0.973629 -0.146068
vn -0.175246 0.973629 -0.146068
vn 0 1 0
vn 0 1 0
vn 0 1 0
vn -0.378298 0.922739 0.0737786
vn -0.378298 0.922739 0.0737786
vn -0.378298 0.922739 0.0737786
vn -0.278477 0.949349 -0.145555
vn -0.278477 0.949349 -0.145555
vn -0.278477 0.949349 -0.145555
vn -0.195789 0.978886 -0.0587308
vn -0.195789 0.978886 -0.0587308
vn -0.195789 0.978886 -0.0587308
vn -0.487934 0.871314 -0.0522767
vn -0.487934 0.871314 -0.0522767
vn -0.487934 0.871314 -0.0522767
vn -0.432669 0.901373 0.0180176
vn -0.432669 0.901373 0.0180176
vn -0.432669 0.901373 0.0180176
vn -0.321868 0.946595 0.0189215
vn -0.321868 0.946595 0.0189215
vn -0.321868 0.946595 0.0189215
vn -0.401643 0.912883 -0.0729905
vn -0.401643 0.912883 -0.0729905
vn -0.401643 0.912883 -0.0729905
vn 0 1 0
vn 0 1 0
vn 0 1 0
vn -0.118787 0.989761 -0.0791374
vn -0.118787 0.989761 -0.0791374
vn -0.118787 0.989761 -0.0791374
vn 0 1 0
vn 0 1 0
vn 0 1 0
vn -0.0592932 0.9886 -0.138399
vn -0.0592932 0.9886 -0.138399
vn -0.0592932 0.9886 -0.138399
vn 0 1 0
vn 0 1 0
vn 0 1 0
vn 0.019114 0.957687 -0.287177
vn 0.019114 0.957687 -0.287177
vn 0.019114 0.957687 -0.287177
vn 0 1 0
vn 0 1 0
vn 0 1 0
vn -0.211466 0.881142 0.422931
vn -0.211466 0.881142 0.422931
vn -0.211466 0.881142 0.422931
vn 0 1 0
vn 0 1 0
vn 0 1 0
vn -0.26399 0.272155 0.925333
vn -0.26399 0.272155 0.925333
vn -0.26399 0.272155 0.925333
vn 0 1 0
vn 0 1 0
vn 0 1 0
vn -0.327427 0.861639 0.387775
vn -0.327427 0.861639 0.387775
vn -0.327427 0.861639 0.387775
vn 0 1 0
vn 0 1 0
vn 0 1 0
vn -0.325291 0.756502 0.567354
vn -0.325291 0.756502 0.567354
vn -0.325291 0.756502 0.567354
vn 0 1 0
vn 0 1 0
vn 0 1 0
vn -0.331997 0.830004 0.448186
vn -0.331997 0.830004 0.448186
vn -0.331997 0.830004 0.448186
vn 0 1 0
vn 0 1 0
vn 0 1 0
vn -0.303411 0.948139 -0.0947331
vn -0.303411 0.948139 -0.0947331
vn -0.303411 0.948139 -0.0947331
vn 0 1 0
vn 0 1 0
vn 0 1 0
vn 0 1 0
vn 0 1 0
vn 0 1 0
vn 0 1 0
vn 0 1 0
vn 0 1 0
vn 0 1 0
vn 0 1 0
vn 0 1 0
vn 0 1 0
vn 0 1 0
vn 0 1 0
vn 0 1 0
vn 0 1 0
vn 0 1 0
vn 0 1 0
vn 0 1 0
vn 0 1 0
vn 0 1 0
vn 0 1 0
vn 0 1 0
vn 0 1 0
vn 0 1 0
vn 0 1 0
vn 0 1 0
vn 0 1 0
vn 0 1 0
vn 0 1 0
vn 0 1 0
vn 0 1 0
vn 0 1 0
vn 0 1 0
vn 0 1 0
vn 0 1 0
vn 0 1 0
vn 0 1 0
vn 0 1 0
vn 0 1 0
vn 0 1 0
vn 0 1 0
vn 0 1 0
vn 0 1 0
vn 0 1 0
vn 0 1 0
vn 0 1 0
vn 0 1 0
vn 0 1 0
vn 0 1 0
vn 0 1 0
vn 0 1 0
vn 0 1 0
vn 0 1 0
vn 0 1 0
vn 0 1 0
vn 0 1 0
vn 0 1 0
vn 0 1 0
vn 0 1 0
vn 0 1 0
vn 0 1 0
vn 0 1 0
vn 0 1 0
vn 0 1 0
vn 0 1 0
vn 0 1 0
vn 0 1 0
vn 0 1 0
vn 0 1 0
vn 0 1 0
vn 0 1 0
vn 0 1 0
vn 0 1 0
vn 0 1 0
vn 0 1 0
vn 0 1 0
vn 0 1 0
vn 0 1 0
vn 0 1 0
vn 0 1 0
vn 0 1 0
vn 0 1 0
vn 0 1 0
vn 0 1 0
vn 0 1 0
vn 0 1 0
vn 0 1 0
vn 0 1 0
vn 0 1 0
vn 0 1 0
vn 0 1 0
vn 0 1 0
vn 0 1 0
vn 0 1 0
vn 0 1 0
vn 0 1 0
vn 0 1 0
vn 0 1 0
vn 0 1 0
vn 0 1 0
vn 0 1 0
vn 0 1 0
vn 0 1 0
vn 0 1 0
vn 0 1 0
vn 0 1 0
vn 0 1 0
vn 0 1 0
vn 0 1 0
vn 0 1 0
vn 0 1 0
vn 0 1 0
vn 0 1 0
vn 0 1 0
vn 0 1 0
vn 0 1 0
vn 0 1 0
vn 0 1 0
vn 0 1 0
vn 0 1 0
vn 0 1 0
vn 0 1 0
vn 0 1 0
vn 0 1 0
vn 0 1 0
vn 0 1 0
vn 0 1 0
vn 0 1 0
vn 0 1 0
vn 0 1 0
vn 0 1 0
vn 0 1 0
vn 0 1 0
vn 0 1 0
vn 0 1 0
vn 0 1 0
vn 0 1 0
vn 0 1 0
vn 0 1 0
vn 0 1 0
vn 0 1 0
vn 0 1 0
vn 0 1 0
vn 0 1 0
vn 0 1 0
vn 0 1 0
vn 0 1 0
vn 0 1 0
vn 0 1 0
vn 0 1 0
vn 0 1 0
vn 0 1 0
vn 0 1 0
vn 0 1 0
vn 0 1 0
vn 0 1 0
vn 0 1 0
vn 0 1 0
vn 0 1 0
vn 0 1 0
vn 0 1 0
vn 0 1 0
vn 0 1 0
vn 0 1 0
vn 0 1 0
vn 0 1 0
vn 0 1 0
vn 0 1 0
vn 0 1 0
vn 0 1 0
vn 0 1 0
vn 0 1 0
vn 0 1 0
vn 0 1 0
vn 0 1 0
vn 0 1 0
vn 0 1 0
vn 0 1 0
vn 0 1 0
vn 0 1 0
vn 0 1 0
vn 0 1 0
vn 0 1 0
vn 0 1 0
vn 0 1 0
vn 0 1 0
vn 0 1 0
vn 0 1 0
vn 0 1 0
vn 0 1 0
vn 0 1 0
vn 0 1 0
vn 0 1 0
vn 0 1 0
vn 0 1 0
vn 0 1 0
vn 0 1 0
vn 0 1 0
vn 0 1 0
vn 0 1 0
vn 0 1 0
vn 0 1 0
vn 0 1 0
vn 0 1 0
vn 0 1 0
vn 0 1 0
vn 0 1 0
vn 0 1 0
vn 0 1 0
vn 0 1 0
vn 0 1 0
vn 0 1 0
vn 0 1 0
vn 0 1 0
vn 0 1 0
vn 0 1 0
vn 0 1 0
vn 0 1 0
vn 0 1 0
vn 0 1 0
vn 0 1 0
vn 0 1 0
vn 0 1 0
vn 0 1 0
vn 0 1 0
vn 0 1 0
vn 0 1 0
vn 0 1 0
vn 0 1 0
vn 0 1 0
vn 0 1 0
vn 0 1 0
vn 0 1 0
vn 0 1 0
vn 0 1 0
vn 0 1 0
vn 0 1 0
vn 0 1 0
vn 0 1 0
vn 0 1 0
vn 0 1 0
vn 0 1 0
vn 0 1 0
vn 0 1 0
vn 0 1 0
vn 0 1 0
vn 0 1 0
vn 0 1 0
vn 0 1 0
vn 0 1 0
vn 0 1 0
vn 0 1 0
vn 0 1 0
vn 0 1 0
vn 0 1 0
vn 0 1 0
vn 0 1 0
vn 0 1 0
vn 0 1 0
vn 0 1 0
vn 0 1 0
vn 0 1 0
vn 0 1 0
vn 0 1 0
vn 0 1 0
vn 0 1 0
vn 0 1 0
vn 0 1 0
vn 0 1 0
vn 0 1 0
vn 0 1 0
vn 0 1 0
vn 0 1 0
vn 0 1 0
vn 0 1 0
vn 0 1 0
vn 0 1 0
vn 0 1 0
vn 0 1 0
vn 0 1 0
vn 0 1 0
vn 0 1 0
vn 0 1 0
vn 0 1 0
vn 0 1 0
vn 0 1 0
vn 0 1 0
vn 0 1 0
vn 0 1 0
vn 0 1 0
vn 0 1 0
vn 0 1 0
vn 0 1 0
vn 0 1 0
vn 0 1 0
vn 0 1 0
vn 0 1 0
vn 0 1 0
vn 0 1 0
vn 0 1 0
vn 0 1 0
vn 0 1 0
vn 0 1 0
vn 0 1 0
vn 0 1 0
vn 0 1 0
vn 0 1 0
vn 0 1 0
vn 0 1 0
vn 0 1 0
vn 0 1 0
vn 0 1 0
vn 0 1 0
vn 0 1 0
vn 0 1 0
vn 0 1 0
vn 0 1 0
vn 0 1 0
vn 0 1 0
vn 0 1 0
vn 0 1 0
vn 0 1 0
vn 0 1 0
vn 0 1 0
vn 0 1 0
vn 0 1 0
vn 0 1 0
vn 0 1 0
vn 0 1 0
vn 0 1 0
vn 0 1 0
vn 0 1 0
vn 0 1 0
vn 0 1 0
vn 0 1 0
vn 0 1 0
vn 0 1 0
vn 0 1 0
vn 0 1 0
vn 0 1 0
vn 0 1 0
vn 0 1 0
vn 0 1 0
vn 0 1 0
vn 0 1 0
vn 0 1 0
vn 0 1 0
vn 0 1 0
vn 0 1 0
vn 0 1 0
vn 0 1 0
vn 0 1 0
vn 0 1 0
vn 0 1 0
vn 0 1 0
vn 0 1 0
vn 0 1 0
vn 0 1 0
vn 0 1 0
vn 0 1 0
vn 0 1 0
vn 0 1 0
vn 0 1 0
vn 0 1 0
vn 0 1 0
vn 0 1 0
vn 0 1 0
vn 0 1 0
vn 0 1 0
vn 0 1 0
vn 0 1 0
vn 0 1 0
vn 0 1 0
vn 1 0 -0
vn 1 0 -0
vn 1 0 -0
vn -0.0596999 0.995038 -0.0795897
vn -0.0596999 0.995038 -0.0795897
vn -0.0596999 0.995038 -0.0795897
vn -0.0399049 0.99741 -0.0598422
vn -0.0399049 0.99741 -0.0598422
vn -0.0399049 0.99741 -0.0598422
vn -0.0796199 0.995036 -0.0596997
vn -0.0796199 0.995036 -0.0596997
vn -0.0796199 0.995036 -0.0596997
vn -0.0399382 0.999003 -0.0199386
vn -0.0399382 0.999003 -0.0199386
vn -0.0399382 0.999003 -0.0199386
vn 0 0.999801 -0.0199545
vn 0 0.999801 -0.0199545
vn 0 0.999801 -0.0199545
vn -0.0199996 0.999002 -0.0399381
vn -0.0199996 0.999002 -0.0399381
vn -0.0199996 0.999002 -0.0399381
vn -0.0598422 0.997411 -0.0398745
vn -0.0598422 0.997411 -0.0398745
vn -0.0598422 0.997411 -0.0398745
vn -0.039999 0.999 -0.0199995
vn -0.039999 0.999 -0.0199995
vn -0.039999 0.999 -0.0199995
vn -0.0200115 0.999599 -0.0200115
vn -0.0200115 0.999599 -0.0200115
vn -0.0200115 0.999599 -0.0200115
vn -0.0498633 0.99751 -0.0498633
vn -0.0498633 0.99751 -0.0498633
vn -0.0498633 0.99751 -0.0498633
vn -1 0 0
vn -1 0 0
vn -1 0 0
vn -0.186372 0.980997 0.0539477
vn -0.186372 0.980997 0.0539477
vn -0.186372 0.980997 0.0539477
vn -0.29717 0.948391 0.110651
vn -0.29717 0.948391 0.110651
vn -0.29717 0.948391 0.110651
vn -0.133265 0.95186 0.276048
vn -0.133265 0.95186 0.276048
vn -0.133265 0.95186 0.276048
vn -0.366371 0.893647 0.259165
vn -0.366371 0.893647 0.259165
vn -0.366371 0.893647 0.259165
vn -0.340297 0.89558 0.286592
vn -0.340297 0.89558 0.286592
vn -0.340297 0.89558 0.286592
vn -0.187131 0.935598 0.299398
vn -0.187131 0.935598 0.299398
vn -0.187131 0.935598 0.299398
vn -0.377431 0.920487 0.10124
vn -0.377431 0.920487 0.10124
vn -0.377431 0.920487 0.10124
vn -0.430627 0.89712 0.0986701
vn -0.430627 0.89712 0.0986701
vn -0.430627 0.89712 0.0986701
vn -0.467614 0.882344 0.0529654
vn -0.467614 0.882344 0.0529654
vn -0.467614 0.882344 0.0529654
vn -0.402111 0.913946 0.0548624
vn -0.402111 0.913946 0.0548624
vn -0.402111 0.913946 0.0548624
vn -0.188156 0.940722 0.282205
vn -0.188156 0.940722 0.282205
vn -0.188156 0.940722 0.282205
vn -0.114202 0.951563 0.285457
vn -0.114202 0.951563 0.285457
vn -0.114202 0.951563 0.285457
vn -0.172402 0.957825 0.229888
vn -0.172402 0.957825 0.229888
vn -0.172402 0.957825 0.229888
vn -0.0582218 0.970735 0.232987
vn -0.0582218 0.970735 0.232987
vn -0.0582218 0.970735 0.232987
vn -0.330013 0.942796 -0.0471858
vn -0.330013 0.942796 -0.0471858
vn -0.330013 0.942796 -0.0471858
vn 0.0199296 0.998552 -0.0499763
vn 0.0199296 0.998552 -0.0499763
vn 0.0199296 0.998552 -0.0499763
vn -0.393102 0.802266 -0.449267
vn -0.393102 0.802266 -0.449267
vn -0.393102 0.802266 -0.449267
vn -0.204948 0.853986 -0.47823
vn -0.204948 0.853986 -0.47823
vn -0.204948 0.853986 -0.47823
vn -0.314347 0.766751 -0.559713
vn -0.314347 0.766751 -0.559713
vn -0.314347 0.766751 -0.559713
vn -0.616726 0.635799 -0.464121
vn -0.616726 0.635799 -0.464121
vn -0.616726 0.635799 -0.464121
vn -0.562518 0.730525 -0.387177
vn -0.562518 0.730525 -0.387177
vn -0.562518 0.730525 -0.387177
vn -0.318299 0.837619 -0.443937
vn -0.318299 0.837619 -0.443937
vn -0.318299 0.837619 -0.443937
vn -0.432722 0.721232 -0.540902
vn -0.432722 0.721232 -0.540902
vn -0.432722 0.721232 -0.540902
vn -0.32529 0.756502 -0.567354
vn -0.32529 0.756502 -0.567354
vn -0.32529 0.756502 -0.567354
vn 0.18516 0.974512 -0.126662
vn 0.18516 0.974512 -0.126662
vn 0.18516 0.974512 -0.126662
vn -0.368711 0.921791 -0.119809
vn -0.368711 0.921791 -0.119809
vn -0.368711 0.921791 -0.119809
vn -0.444293 0.871146 -0.209066
vn -0.444293 0.871146 -0.209066
vn -0.444293 0.871146 -0.209066
vn -0.297119 0.928477 -0.222825
vn -0.297119 0.928477 -0.222825
vn -0.297119 0.928477 -0.222825
vn -0.297119 0.928477 -0.222825
vn -0.297119 0.928477 -0.222825
vn -0.297119 0.928477 -0.222825
vn 0.28386 -0.932391 0.223765
vn 0.28386 -0.932391 0.223765
vn 0.28386 -0.932391 0.223765
vn -0.104153 0.718348 -0.687843
vn -0.104153 0.718348 -0.687843
vn -0.104153 0.718348 -0.687843
vn 0 1 0
vn 0 1 0
vn 0 1 0
vn -0.360355 0.868306 0.340865
vn -0.360355 0.868306 0.340865
vn -0.360355 0.868306 0.340865
vn 0 1 0
vn 0 1 0
vn 0 1 0
vn -0.29158 0.940587 -0.174006
vn -0.29158 0.940587 -0.174006
vn -0.29158 0.940587 -0.174006
vn 0 1 0
vn 0 1 0
vn 0 1 0
vn -0.0982177 0.654678 -0.7495
vn -0.0982177 0.654678 -0.7495
vn -0.0982177 0.654678 -0.7495
vn 0 1 0
vn 0 1 0
vn 0 1 0
vn -0.294586 0.950379 -0.099989
vn -0.294586 0.950379 -0.099989
vn -0.294586 0.950379 -0.099989
vn 0 1 0
vn 0 1 0
vn 0 1 0
vn -0.271132 0.93491 -0.228977
vn -0.271132 0.93491 -0.228977
vn -0.271132 0.93491 -0.228977
vn 0 1 0
vn 0 1 0
vn 0 1 0
vn -0.100945 0.630774 -0.769372
vn -0.100945 0.630774 -0.769372
vn -0.100945 0.630774 -0.769372
vn 0 1 0
vn 0 1 0
vn 0 1 0
vn 0 1 0
vn 0 1 0
vn 0 1 0
vn 0 1 0
vn 0 1 0
vn 0 1 0
vn 0 1 0
vn 0 1 0
vn 0 1 0
vn 0 1 0
vn 0 1 0
vn 0 1 0
vn 0 1 0
vn 0 1 0
vn 0 1 0
vn 0 1 0
vn 0 1 0
vn 0 1 0
vn 0 1 0
vn 0 1 0
vn 0 1 0
vn 0 1 0
vn 0 1 0
vn 0 1 0
vn 0.015264 0.305167 -0.952176
vn 0.015264 0.305167 -0.952176
vn 0.015264 0.305167 -0.952176
vn 0 1 0
vn 0 1 0
vn 0 1 0
vn -0.10443 0.696226 -0.710186
vn -0.10443 0.696226 -0.710186
vn -0.10443 0.696226 -0.710186
vn 0 1 0
vn 0 1 0
vn 0 1 0
vn 0.0122376 0.306108 -0.951918
vn 0.0122376 0.306108 -0.951918
vn 0.0122376 0.306108 -0.951918
vn 0 1 0
vn 0 1 0
vn 0 1 0
vn 0 1 0
vn 0 1 0
vn 0 1 0
vn 0 1 0
vn 0 1 0
vn 0 1 0
vn 0 1 0
vn 0 1 0
vn 0 1 0
vn 0 1 0
vn 0 1 0
vn 0 1 0
vn 0 1 0
vn 0 1 0
vn 0 1 0
vn 0 1 0
vn 0 1 0
vn 0 1 0
vn 0 1 0
vn 0 1 0
vn 0 1 0
vn 0 1 0
vn 0 1 0
vn 0 1 0
vn 0 1 0
vn 0 1 0
vn 0 1 0
vn 0 1 0
vn 0 1 0
vn 0 1 0
vn 0 1 0
vn 0 1 0
vn 0 1 0
vn 0 1 0
vn 0 1 0
vn 0 1 0
vn 0 1 0
vn 0 1 0
vn 0 1 0
vn 0 1 0
vn 0 1 0
vn 0 1 0
vn 0 1 0
vn 0 1 0
vn 0 1 0
vn 0 1 0
vn 0 1 0
vn 0 1 0
vn 0 1 0
vn 0 1 0
vn 0 1 0
vn 0 1 0
vn 0 1 0
vn 0 1 0
vn 0 1 0
vn 0 1 0
vn 0 1 0
vn 0 1 0
vn 0 1 0
vn 0 1 0
vn 0 1 0
vn 0 1 0
vn 0 1 0
vn 0 1 0
vn 0 1 0
vn 0 1 0
vn 0 1 0
vn 0 1 0
vn 0 1 0
vn 0 1 0
vn 0 1 0
vn 0 1 0
vn 0 1 0
vn 0 1 0
vn 0 1 0
vn 0 1 0
vn 0 1 0
vn 0 1 0
vn 0 1 0
vn 0 1 0
vn 0 1 0
vn 0 1 0
vn 0 1 0
vn 0 1 0
vn 0 1 0
vn 0 1 0
vn 0 1 0
vn 0 1 0
vn 0 1 0
vn 0 1 0
vn 0 1 0
vn 0 1 0
vn 0 1 0
vn 0 1 0
vn 0 1 0
vn 0 1 0
vn 0 1 0
vn 0 1 0
vn 0 1 0
vn 0 1 0
vn 0 1 0
vn 0 1 0
vn 0 1 0
vn 0 1 0
vn 0 1 0
vn 0 1 0
vn 0 1 0
vn 0 1 0
vn 0 1 0
vn 0 1 0
vn 0 1 0
vn 0 1 0
vn 0 1 0
vn 0 1 0
vn 0 1 0
vn 0 1 0
vn 0 1 0
vn 0 1 0
vn 0 1 0
vn 0 1 0
vn 0 1 0
vn 0 1 0
vn 0 1 0
vn 0 1 0
vn 0 1 0
vn 0 1 0
vn 0 1 0
vn 0 1 0
vn 0 1 0
vn 0 1 0
vn 0 1 0
vn 0 1 0
vn 0 1 0
vn 0 1 0
vn 0 1 0
vn 0 1 0
vn 0 1 0
vn 0 1 0
vn 0 1 0
vn 0 1 0
vn 0 1 0
vn 0 1 0
vn 0 1 0
vn 0 1 0
vn 0 1 0
vn 0 1 0
vn 0 1 0
vn 0 1 0
vn 0 1 0
vn 0 1 0
vn 0 1 0
vn 0 1 0
vn 0 1 0
vn 0 1 0
vn 0 1 0
vn 0 1 0
vn 0 1 0
vn 0 1 0
vn 0 1 0
vn 0 1 0
vn 0 1 0
vn 0 1 0
vn 0 1 0
vn 0 1 0
vn 0 1 0
vn 0 1 0
vn 0 1 0
vn 0 1 0
vn 0 1 0
vn 0 1 0
vn 0 1 0
vn 0 1 0
vn 0 1 0
vn 0 1 0
vn 0 1 0
vn 0 1 0
vn 0 1 0
vn 0 1 0
vn 0 1 0
vn 0 1 0
vn 0 1 0
vn 0 1 0
vn 0 1 0
vn 0 1 0
vn 0 1 0
vn 0 1 0
vn 0 1 0
vn 0 1 0
vn 0 1 0
vn 0 1 0
vn 0 1 0
vn 0 1 0
vn 0 1 0
vn 0 1 0
vn 0 1 0
vn 0 1 0
vn 0 1 0
vn 0 1 0
vn 0 1 0
vn 0 1 0
vn 0 1 0
vn 0 1 0
vn 0 1 0
vn 0 1 0
vn 0 1 0
vn 0 1 0
vn 0 1 0
vn 0 1 0
vn 0 1 0
vn 0 1 0
vn 0 1 0
vn 0 1 0
vn 0 1 0
vn 0 1 0
vn 0 1 0
vn 0 1 0
vn 0 1 0
vn 0 1 0
vn 0 1 0
vn 0 1 0
vn 0 1 0
vn 0 1 0
vn 0 1 0
vn 0 1 0
vn 0 1 0
vn 0 1 0
vn 0 1 0
vn 0 1 0
vn 0 1 0
vn 0 1 0
vn 0 1 0
vn 0 1 0
vn 0 1 0
vn 0 1 0
vn 0 1 0
vn 0 1 0
vn 0 1 0
vn 0 1 0
vn 0 1 0
vn 0 1 0
vn 0 1 0
vn 0 1 0
vn 0 1 0
vn 0 1 0
vn 0 1 0
vn 0 1 0
vn 0 1 0
vn 0 1 0
vn 0 1 0
vn 0 1 0
vn 0 1 0
vn 0 1 0
vn 0 1 0
vn 0 1 0
vn 0 1 0
vn 0 1 0
vn 0 1 0
vn 0 1 0
vn 0 1 0
vn 0 1 0
vn 0 1 0
vn 0 1 0
vn 0 1 0
vn 0 1 0
vn 0 1 0
vn 0 1 0
vn 0 1 0
vn 0 1 0
vn 0 1 0
vn 0 1 0
vn 0 1 0
vn 0 1 0
vn 0 1 0
vn 0 1 0
vn 0 1 0
vn 0 1 0
vn 0 1 0
vn 0 1 0
vn 0 1 0
vn 0 1 0
vn 0 1 0
vn 0 1 0
vn 0 1 0
vn 0 1 0
vn 0 1 0
vn 0 1 0
vn 0 1 0
vn 0 1 0
vn 1 0 0
vn 1 0 0
vn 1 0 0
vn -0.0399447 0.998403 -0.0399447
vn -0.0399447 0.998403 -0.0399447
vn -0.0399447 0.998403 -0.0399447
vn -0.0696667 0.995135 -0.0696667
vn -0.0696667 0.995135 -0.0696667
vn -0.0696667 0.995135 -0.0696667
vn -0.0398487 0.996766 -0.0697809
vn -0.0398487 0.996766 -0.0697809
vn -0.0398487 0.996766 -0.0697809
vn -0.0694912 0.992628 -0.0992992
vn -0.0694912 0.992628 -0.0992992
vn -0.0694912 0.992628 -0.0992992
vn -0.0199162 0.994836 -0.0995201
vn -0.0199162 0.994836 -0.0995201
vn -0.0199162 0.994836 -0.0995201
vn 0.0133154 0.997696 -0.0665174
vn 0.0133154 0.997696 -0.0665174
vn 0.0133154 0.997696 -0.0665174
vn -0.0399185 0.99699 -0.0664703
vn -0.0399185 0.99699 -0.0664703
vn -0.0399185 0.99699 -0.0664703
vn -0.0133343 0.999113 -0.0399426
vn -0.0133343 0.999113 -0.0399426
vn -0.0133343 0.999113 -0.0399426
vn -0.0498857 0.997958 -0.0398964
vn -0.0498857 0.997958 -0.0398964
vn -0.0498857 0.997958 -0.0398964
vn -0.049916 0.997955 -0.0399267
vn -0.049916 0.997955 -0.0399267
vn -0.049916 0.997955 -0.0399267
vn -0.186499 0.98167 -0.0392752
vn -0.186499 0.98167 -0.0392752
vn -0.186499 0.98167 -0.0392752
vn -0.0894746 0.994202 0.0596292
vn -0.0894746 0.994202 0.0596292
vn -0.0894746 0.994202 0.0596292
vn -0.138408 0.988599 0.0592931
vn -0.138408 0.988599 0.0592931
vn -0.138408 0.988599 0.0592931
vn -0.242223 0.969011 -0.0484387
vn -0.242223 0.969011 -0.0484387
vn -0.242223 0.969011 -0.0484387
vn -0.35481 0.933773 -0.0466772
vn -0.35481 0.933773 -0.0466772
vn -0.35481 0.933773 -0.0466772
vn -0.194554 0.97271 0.126427
vn -0.194554 0.97271 0.126427
vn -0.194554 0.97271 0.126427
vn -0.376666 0.918622 0.119397
vn -0.376666 0.918622 0.119397
vn -0.376666 0.918622 0.119397
vn -0.289172 0.932911 0.214608
vn -0.289172 0.932911 0.214608
vn -0.289172 0.932911 0.214608
vn -0.458888 0.865879 0.199188
vn -0.458888 0.865879 0.199188
vn -0.458888 0.865879 0.199188
vn -0.386502 0.878408 0.281097
vn -0.386502 0.878408 0.281097
vn -0.386502 0.878408 0.281097
vn -0.187131 0.935598 0.299398
vn -0.187131 0.935598 0.299398
vn -0.187131 0.935598 0.299398
vn -0.501055 0.863862 -0.0518296
vn -0.501055 0.863862 -0.0518296
vn -0.501055 0.863862 -0.0518296
vn -0.176838 0.982473 -0.058946
vn -0.176838 0.982473 -0.058946
vn -0.176838 0.982473 -0.058946
vn -0.417563 0.852187 -0.315305
vn -0.417563 0.852187 -0.315305
vn -0.417563 0.852187 -0.315305
vn -0.311909 0.891075 -0.329693
vn -0.311909 0.891075 -0.329693
vn -0.311909 0.891075 -0.329693
vn -0.0199996 0.999002 -0.0399381
vn -0.0199996 0.999002 -0.0399381
vn -0.0199996 0.999002 -0.0399381
vn -0.439725 0.897416 -0.0358769
vn -0.439725 0.897416 -0.0358769
vn -0.439725 0.897416 -0.0358769
vn -0.238095 0.952379 0.190487
vn -0.238095 0.952379 0.190487
vn -0.238095 0.952379 0.190487
vn -0.372998 0.909812 0.181974
vn -0.372998 0.909812 0.181974
vn -0.372998 0.909812 0.181974
vn -0.38973 0.906364 0.163139
vn -0.38973 0.906364 0.163139
vn -0.38973 0.906364 0.163139
vn -0.603992 0.784386 0.141184
vn -0.603992 0.784386 0.141184
vn -0.603992 0.784386 0.141184
vn -0.672761 0.73927 0.0295545
vn -0.672761 0.73927 0.0295545
vn -0.672761 0.73927 0.0295545
vn -0.514179 0.856999 0.0342611
vn -0.514179 0.856999 0.0342611
vn -0.514179 0.856999 0.0342611
vn -0.561998 0.826476 -0.0330913
vn -0.561998 0.826476 -0.0330913
vn -0.561998 0.826476 -0.0330913
vn 0.186519 0.981665 -0.0393049
vn 0.186519 0.981665 -0.0393049
vn 0.186519 0.981665 -0.0393049
vn -0.374454 0.748909 -0.546735
vn -0.374454 0.748909 -0.546735
vn -0.374454 0.748909 -0.546735
vn -0.380873 0.746795 -0.545191
vn -0.380873 0.746795 -0.545191
vn -0.380873 0.746795 -0.545191
vn -0.385637 0.741669 -0.548828
vn -0.385637 0.741669 -0.548828
vn -0.385637 0.741669 -0.548828
vn -0.249126 0.778501 -0.576083
vn -0.249126 0.778501 -0.576083
vn -0.249126 0.778501 -0.576083
vn -0.121262 0.866068 -0.484996
vn -0.121262 0.866068 -0.484996
vn -0.121262 0.866068 -0.484996
vn -0.125504 0.865608 -0.484738
vn -0.125504 0.865608 -0.484738
vn -0.125504 0.865608 -0.484738
vn -0.312054 0.725668 -0.613212
vn -0.312054 0.725668 -0.613212
vn -0.312054 0.725668 -0.613212
vn -0.302169 0.728104 -0.615271
vn -0.302169 0.728104 -0.615271
vn -0.302169 0.728104 -0.615271
vn -0.277546 0.750195 -0.600147
vn -0.277546 0.750195 -0.600147
vn -0.277546 0.750195 -0.600147
vn -0.235274 0.758954 -0.607154
vn -0.235274 0.758954 -0.607154
vn -0.235274 0.758954 -0.607154
vn -0.229172 0.763784 -0.603419
vn -0.229172 0.763784 -0.603419
vn -0.229172 0.763784 -0.603419
vn -0.116912 0.779286 -0.615666
vn -0.116912 0.779286 -0.615666
vn -0.116912 0.779286 -0.615666
vn 0.309677 0.910744 -0.273212
vn 0.309677 0.910744 -0.273212
vn 0.309677 0.910744 -0.273212
vn -0.284616 0.918215 -0.275453
vn -0.284616 0.918215 -0.275453
vn -0.284616 0.918215 -0.275453
vn -0.276854 0.922886 -0.267645
vn -0.276854 0.922886 -0.267645
vn -0.276854 0.922886 -0.267645
vn -0.268318 0.925208 -0.268318
vn -0.268318 0.925208 -0.268318
vn -0.268318 0.925208 -0.268318
vn -0.137348 0.980954 -0.137348
vn -0.137348 0.980954 -0.137348
vn -0.137348 0.980954 -0.137348
vn -0.156534 0.978131 -0.136953
vn -0.156534 0.978131 -0.136953
vn -0.156534 0.978131 -0.136953
vn -0.131346 0.985032 -0.111626
vn -0.131346 0.985032 -0.111626
vn -0.131346 0.985032 -0.111626
vn 0.284213 -0.952664 0.107958
vn 0.284213 -0.952664 0.107958
vn 0.284213 -0.952664 0.107958
vn -0.0542375 0.626088 -0.777864
vn -0.0542375 0.626088 -0.777864
vn -0.0542375 0.626088 -0.777864
vn 0 1 0
vn 0 1 0
vn 0 1 0
vn -0.0221262 0.552893 -0.832958
vn -0.0221262 0.552893 -0.832958
vn -0.0221262 0.552893 -0.832958
vn 0 1 0
vn 0 1 0
vn 0 1 0
vn -0.0420954 0.601389 -0.797847
vn -0.0420954 0.601389 -0.797847
vn -0.0420954 0.601389 -0.797847
vn -0.216661 0.934611 -0.282062
vn -0.216661 0.934611 -0.282062
vn -0.216661 0.934611 -0.282062
vn -0.0298367 0.994597 -0.0994354
vn -0.0298367 0.994597 -0.0994354
vn -0.0298367 0.994597 -0.0994354
vn 0.0497087 0.993809 -0.0993567
vn 0.0497087 0.993809 -0.0993567
vn 0.0497087 0.993809 -0.0993567
vn -0.0777449 0.971603 -0.223479
vn -0.0777449 0.971603 -0.223479
vn -0.0777449 0.971603 -0.223479
vn -0.14464 0.964305 -0.221801
vn -0.14464 0.964305 -0.221801
vn -0.14464 0.964305 -0.221801
vn 0.00998483 0.997509 -0.0698329
vn 0.00998483 0.997509 -0.0698329
vn 0.00998483 0.997509 -0.0698329
vn 0.0398487 0.996766 -0.0697809
vn 0.0398487 0.996766 -0.0697809
vn 0.0398487 0.996766 -0.0697809
vn 0.0498361 0.996965 -0.0598154
vn 0.0498361 0.996965 -0.0598154
vn 0.0498361 0.996965 -0.0598154
vn 0.219338 -0.973898 0.0584315
vn 0.219338 -0.973898 0.0584315
vn 0.219338 -0.973898 0.0584315
vn -0.0360902 0.601528 -0.798036
vn -0.0360902 0.601528 -0.798036
vn -0.0360902 0.601528 -0.798036
vn 0 1 0
vn 0 1 0
vn 0 1 0
vn -0.0702773 0.702944 -0.707764
vn -0.0702773 0.702944 -0.707764
vn -0.0702773 0.702944 -0.707764
vn 0 1 0
vn 0 1 0
vn 0 1 0
vn -0.23994 0.922704 0.301739
vn -0.23994 0.922704 0.301739
vn -0.23994 0.922704 0.301739
vn 0 1 0
vn 0 1 0
vn 0 1 0
vn -0.239922 0.922852 0.301299
vn -0.239922 0.922852 0.301299
vn -0.239922 0.922852 0.301299
vn 0 1 0
vn 0 1 0
vn 0 1 0
vn -0.214749 0.976128 -0.0325199
vn -0.214749 0.976128 -0.0325199
vn -0.214749 0.976128 -0.0325199
vn 0 1 0
vn 0 1 0
vn 0 1 0
vn -0.23902 0.919383 0.312418
vn -0.23902 0.919383 0.312418
vn -0.23902 0.919383 0.312418
vn 0 1 0
vn 0 1 0
vn 0 1 0
vn 0 1 0
vn 0 1 0
vn 0 1 0
vn 0 1 0
vn 0 1 0
vn 0 1 0
vn 0 1 0
vn 0 1 0
vn 0 1 0
vn 0 1 0
vn 0 1 0
vn 0 1 0
vn 0 1 0
vn 0 1 0
vn 0 1 0
vn 0 1 0
vn 0 1 0
vn 0 1 0
vn 0 1 0
vn 0 1 0
vn 0 1 0
vn 0 1 0
vn 0 1 0
vn 0 1 0
vn 0 1 0
vn 0 1 0
vn 0 1 0
vn 0 1 0
vn 0 1 0
vn 0 1 0
vn 0 1 0
vn 0 1 0
vn 0 1 0
vn 0 1 0
vn 0 1 0
vn 0 1 0
vn 0 1 0
vn 0 1 0
vn 0 1 0
vn 0 1 0
vn 0 1 0
vn 0 1 0
vn 0 1 0
vn 0 1 0
vn 0 1 0
vn 0 1 0
vn 0 1 0
vn 0 1 0
vn 0 1 0
vn 0 1 0
vn 0 1 0
vn 0 1 0
vn 0 1 0
vn 0 1 0
vn 0 1 0
vn 0 1 0
vn 0 1 0
vn 0 1 0
vn 0 1 0
vn 0 1 0
vn 0 1 0
vn 0 1 0
vn 0 1 0
vn 0 1 0
vn 0 1 0
vn 0 1 0
vn 0 1 0
vn 0 1 0
vn 0 1 0
vn 0 1 0
vn 0 1 0
vn 0 1 0
vn 0 1 0
vn 0 1 0
vn 0 1 0
vn 0 1 0
vn 0 1 0
vn 0 1 0
vn 0 1 0
vn 0 1 0
vn 0 1 0
vn 0 1 0
vn 0 1 0
vn 0 1 0
vn 0 1 0
vn 0 1 0
vn 0 1 0
vn 0 1 0
vn 0 1 0
vn 0 1 0
vn 0 1 0
vn 0 1 0
vn 0 1 0
vn 0 1 0
vn 0 1 0
vn 0 1 0
vn 0 1 0
vn 0 1 0
vn 0 1 0
vn 0 1 0
vn 0 1 0
vn 0 1 0
vn 0 1 0
vn 0 1 0
vn 0 1 0
vn 0 1 0
vn 0 1 0
vn 0 1 0
vn 0 1 0
vn 0 1 0
vn 0 1 0
vn 0 1 0
vn 0 1 0
vn 0 1 0
vn 0 1 0
vn 0 1 0
vn 0 1 0
vn 0 1 0
vn 0 1 0
vn 0 1 0
vn 0 1 0
vn 0 1 0
vn 0 1 0
vn 0 1 0
vn 0 1 0
vn 0 1 0
vn 0 1 0
vn 0 1 0
vn 0 1 0
vn 0 1 0
vn 0 1 0
vn 0 1 0
vn 0 1 0
vn 0 1 0
vn 0 1 0
vn 0 1 0
vn 0 1 0
vn 0 1 0
vn 0 1 0
vn 0 1 0
vn 0 1 0
vn 0 1 0
vn 0 1 0
vn 0 1 0
vn 0 1 0
vn 0 1 0
vn 0 1 0
vn 0 1 0
vn 0 1 0
vn 0 1 0
vn 0 1 0
vn 0 1 0
vn 0 1 0
vn 0 1 0
vn 0 1 0
vn 0 1 0
vn 0 1 0
vn 0 1 0
vn 0 1 0
vn 0 1 0
vn 0 1 0
vn 0 1 0
vn 0 1 0
vn 0 1 0
vn 0 1 0
vn 0 1 0
vn 0 1 0
vn 0 1 0
vn 0 1 0
vn 0 1 0
vn 0 1 0
vn 0 1 0
vn 0 1 0
vn 0 1 0
vn 0 1 0
vn 0 1 0
vn 0 1 0
vn 0 1 0
vn 0 1 0
vn 0 1 0
vn 0 1 0
vn 0 1 0
vn 0 1 0
vn 0 1 0
vn 0 1 0
vn 0 1 0
vn 0 1 0
vn 0 1 0
vn 0 1 0
vn 0 1 0
vn 0 1 0
vn 0 1 0
vn 0 1 0
vn 0 1 0
vn 0 1 0
vn 0 1 0
vn 0 1 0
vn 0 1 0
vn 0 1 0
vn 0 1 0
vn 0 1 0
vn 0 1 0
vn 0 1 0
vn 0 1 0
vn 0 1 0
vn 0 1 0
vn 0 1 0
vn 0 1 0
vn 0 1 0
vn 0 1 0
vn 0 1 0
vn 0 1 0
vn 0 1 0
vn 0 1 0
vn 0 1 0
vn 0 1 0
vn 0 1 0
vn 0 1 0
vn 0 1 0
vn 0 1 0
vn 0 1 0
vn 0 1 0
vn 0 1 0
vn 0 1 0
vn 0 1 0
vn 0 1 0
vn 0 1 0
vn 0 1 0
vn 0 1 0
vn 0 1 0
vn 0 1 0
vn 0 1 0
vn 0 1 0
vn 0 1 0
vn 0 1 0
vn 0 1 0
vn 0 1 0
vn 0 1 0
vn 0 1 0
vn 0 1 0
vn 0 1 0
vn 0 1 0
vn 0 1 0
vn 0 1 0
vn 0 1 0
vn 0 1 0
vn 0 1 0
vn 0 1 0
vn 0 1 0
vn 0 1 0
vn 0 1 0
vn 0 1 0
vn -1 0 0
vn -1 0 0
vn -1 0 0
vn -0.0698329 0.997509 -0.00998483
vn -0.0698329 0.997509 -0.00998483
vn -0.0698329 0.997509 -0.00998483
vn -0.0698329 0.997509 -0.00998483
vn -0.0698329 0.997509 -0.00998483
vn -0.0698329 0.997509 -0.00998483
vn -0.0698329 0.997509 -0.00998483
vn -0.0698329 0.997509 -0.00998483
vn -0.0698329 0.997509 -0.00998483
vn -0.0399381 0.999002 0.0199996
vn -0.0399381 0.999002 0.0199996
vn -0.0399381 0.999002 0.0199996
vn 0.0133422 0.999711 0.0200137
vn 0.0133422 0.999711 0.0200137
vn 0.0133422 0.999711 0.0200137
vn -0.0499091 0.997817 -0.0432502
vn -0.0499091 0.997817 -0.0432502
vn -0.0499091 0.997817 -0.0432502
vn -0.0133324 0.998973 -0.0433004
vn -0.0133324 0.998973 -0.0433004
vn -0.0133324 0.998973 -0.0433004
vn 0 0.99955 -0.0299853
vn 0 0.99955 -0.0299853
vn 0 0.99955 -0.0299853
vn -0.0499335 0.998303 -0.0299479
vn -0.0499335 0.998303 -0.0299479
vn -0.0499335 0.998303 -0.0299479
vn -0.0100088 0.9999 0.0100088
vn -0.0100088 0.9999 0.0100088
vn -0.0100088 0.9999 0.0100088
vn -0.0896296 0.995925 0.00996898
vn -0.0896296 0.995925 0.00996898
vn -0.0896296 0.995925 0.00996898
vn -0.0664759 0.997234 0.0332536
vn -0.0664759 0.997234 0.0332536
vn -0.0664759 0.997234 0.0332536
vn -0.242381 0.969642 0.0323335
vn -0.242381 0.969642 0.0323335
vn -0.242381 0.969642 0.0323335
vn -0.208156 0.97571 0.068277
vn -0.208156 0.97571 0.068277
vn -0.208156 0.97571 0.068277
vn -0.195668 0.978278 0.0684568
vn -0.195668 0.978278 0.0684568
vn -0.195668 0.978278 0.0684568
vn -0.223959 0.973819 0.0389611
vn -0.223959 0.973819 0.0389611
vn -0.223959 0.973819 0.0389611
vn -0.295854 0.95447 0.0381869
vn -0.295854 0.95447 0.0381869
vn -0.295854 0.95447 0.0381869
vn -0.295908 0.954455 0.0381281
vn -0.295908 0.954455 0.0381281
vn -0.295908 0.954455 0.0381281
vn -0.402472 0.914703 0.0365401
vn -0.402472 0.914703 0.0365401
vn -0.402472 0.914703 0.0365401
vn -0.44238 0.896747 -0.0119866
vn -0.44238 0.896747 -0.0119866
vn -0.44238 0.896747 -0.0119866
vn -0.501696 0.864967 -0.0115618
vn -0.501696 0.864967 -0.0115618
vn -0.501696 0.864967 -0.0115618
vn -0.600906 0.783795 -0.156769
vn -0.600906 0.783795 -0.156769
vn -0.600906 0.783795 -0.156769
vn -0.433078 0.883851 -0.176781
vn -0.433078 0.883851 -0.176781
vn -0.433078 0.883851 -0.176781
vn -0.233089 0.971243 0.0485503
vn -0.233089 0.971243 0.0485503
vn -0.233089 0.971243 0.0485503
vn -0.0199906 0.998553 0.0499155
vn -0.0199906 0.998553 0.0499155
vn -0.0199906 0.998553 0.0499155
vn -0.157403 0.983557 -0.0885465
vn -0.157403 0.983557 -0.0885465
vn -0.157403 0.983557 -0.0885465
vn -0.241616 0.966463 -0.0870077
vn -0.241616 0.966463 -0.0870077
vn -0.241616 0.966463 -0.0870077
vn -0.312003 0.936125 -0.162248
vn -0.312003 0.936125 -0.162248
vn -0.312003 0.936125 -0.162248
vn -0.390108 0.907243 -0.157243
vn -0.390108 0.907243 -0.157243
vn -0.390108 0.907243 -0.157243
vn -0.292851 0.954966 -0.0477366
vn -0.292851 0.954966 -0.0477366
vn -0.292851 0.954966 -0.0477366
vn -0.672595 0.739088 -0.0369454
vn -0.672595 0.739088 -0.0369454
vn -0.672595 0.739088 -0.0369454
vn -0.687294 0.723458 -0.0650865
vn -0.687294 0.723458 -0.0650865
vn -0.687294 0.723458 -0.0650865
vn -0.560756 0.82465 -0.0741903
vn -0.560756 0.82465 -0.0741903
vn -0.560756 0.82465 -0.0741903
vn -0.603992 0.784385 -0.141184
vn -0.603992 0.784385 -0.141184
vn -0.603992 0.784385 -0.141184
vn -0.441528 0.883057 -0.158944
vn -0.441528 0.883057 -0.158944
vn -0.441528 0.883057 -0.158944
vn -0.419191 0.89829 -0.131732
vn -0.419191 0.89829 -0.131732
vn -0.419191 0.89829 -0.131732
vn -0.457468 0.879816 -0.129023
vn -0.457468 0.879816 -0.129023
vn -0.457468 0.879816 -0.129023
vn -0.478242 0.864339 -0.155575
vn -0.478242 0.864339 -0.155575
vn -0.478242 0.864339 -0.155575
vn -0.13651 0.974971 -0.175488
vn -0.13651 0.974971 -0.175488
vn -0.13651 0.974971 -0.175488
vn -0.257698 0.920254 -0.294488
vn -0.257698 0.920254 -0.294488
vn -0.257698 0.920254 -0.294488
vn -0.379008 0.881365 -0.282043
vn -0.379008 0.881365 -0.282043
vn -0.379008 0.881365 -0.282043
vn -0.474318 0.790562 -0.387343
vn -0.474318 0.790562 -0.387343
vn -0.474318 0.790562 -0.387343
vn -0.315285 0.852204 -0.417545
vn -0.315285 0.852204 -0.417545
vn -0.315285 0.852204 -0.417545
vn -0.115896 0.965837 -0.231791
vn -0.115896 0.965837 -0.231791
vn -0.115896 0.965837 -0.231791
vn -0.280086 0.933469 -0.224024
vn -0.280086 0.933469 -0.224024
vn -0.280086 0.933469 -0.224024
vn -0.247059 0.950192 -0.189992
vn -0.247059 0.950192 -0.189992
vn -0.247059 0.950192 -0.189992
vn 0.316308 0.930243 -0.186003
vn 0.316308 0.930243 -0.186003
vn 0.316308 0.930243 -0.186003
vn -0.034614 0.864506 -0.501428
vn -0.034614 0.864506 -0.501428
vn -0.034614 0.864506 -0.501428
vn -0.251178 0.837293 -0.485644
vn -0.251178 0.837293 -0.485644
vn -0.251178 0.837293 -0.485644
vn -0.19307 0.877588 -0.438821
vn -0.19307 0.877588 -0.438821
vn -0.19307 0.877588 -0.438821
vn -0.124261 0.887484 -0.443769
vn -0.124261 0.887484 -0.443769
vn -0.124261 0.887484 -0.443769
vn -0.0730174 0.912871 -0.401665
vn -0.0730174 0.912871 -0.401665
vn -0.0730174 0.912871 -0.401665
vn -0.12115 0.908572 -0.399774
vn -0.12115 0.908572 -0.399774
vn -0.12115 0.908572 -0.399774
vn -0.0470309 0.940847 -0.335552
vn -0.0470309 0.940847 -0.335552
vn -0.0470309 0.940847 -0.335552
vn -0.0813248 0.938769 -0.334811
vn -0.0813248 0.938769 -0.334811
vn -0.0813248 0.938769 -0.334811
vn -0.0661354 0.944692 -0.321221
vn -0.0661354 0.944692 -0.321221
vn -0.0661354 0.944692 -0.321221
vn -0.0378613 0.946086 -0.321695
vn -0.0378613 0.946086 -0.321695
vn -0.0378613 0.946086 -0.321695
vn 0 0.957824 -0.287355
vn 0 0.957824 -0.287355
vn 0 0.957824 -0.287355
vn -0.0668947 0.955679 -0.286711
vn -0.0668947 0.955679 -0.286711
vn -0.0668947 0.955679 -0.286711
vn 0.0261286 0.979612 -0.199193
vn 0.0261286 0.979612 -0.199193
vn 0.0261286 0.979612 -0.199193
vn -0.0293845 0.979523 -0.199175
vn -0.0293845 0.979523 -0.199175
vn -0.0293845 0.979523 -0.199175
vn 0.0926255 0.992529 -0.0794193
vn 0.0926255 0.992529 -0.0794193
vn 0.0926255 0.992529 -0.0794193
vn -0.0795096 0.993658 -0.0795096
vn -0.0795096 0.993658 -0.0795096
vn -0.0795096 0.993658 -0.0795096
vn 0.0200115 0.999599 0.0200115
vn 0.0200115 0.999599 0.0200115
vn 0.0200115 0.999599 0.0200115
vn 0.0100073 0.99975 0.0200145
vn 0.0100073 0.99975 0.0200145
vn 0.0100073 0.99975 0.0200145
vn -0.118436 0.98701 -0.108557
vn -0.118436 0.98701 -0.108557
vn -0.118436 0.98701 -0.108557
vn 0.0496269 0.992781 -0.109191
vn 0.0496269 0.992781 -0.109191
vn 0.0496269 0.992781 -0.109191
vn 0.0264092 0.990884 -0.132106
vn 0.0264092 0.990884 -0.132106
vn 0.0264092 0.990884 -0.132106
vn -0.0593665 0.989481 -0.131919
vn -0.0593665 0.989481 -0.131919
vn -0.0593665 0.989481 -0.131919
vn 0.00663795 0.997763 -0.0665215
vn 0.00663795 0.997763 -0.0665215
vn 0.00663795 0.997763 -0.0665215
vn -0.0992615 0.992857 -0.0661944
vn -0.0992615 0.992857 -0.0661944
vn -0.0992615 0.992857 -0.0661944
vn -0.102517 0.992303 -0.0694684
vn -0.102517 0.992303 -0.0694684
vn -0.102517 0.992303 -0.0694684
vn -0.251095 0.965599 -0.067599
vn -0.251095 0.965599 -0.067599
vn -0.251095 0.965599 -0.067599
vn -0.138462 0.98913 0.0495048
vn -0.138462 0.98913 0.0495048
vn -0.138462 0.98913 0.0495048
vn -0.25132 0.966694 0.0483819
vn -0.25132 0.966694 0.0483819
vn -0.25132 0.966694 0.0483819
vn -0.251348 0.966688 0.0483521
vn -0.251348 0.966688 0.0483521
vn -0.251348 0.966688 0.0483521
vn -0.214607 0.975481 0.0487919
vn -0.214607 0.975481 0.0487919
vn -0.214607 0.975481 0.0487919
vn -0.242518 0.969953 0.0193884
vn -0.242518 0.969953 0.0193884
vn -0.242518 0.969953 0.0193884
vn -0.251568 0.967646 0.0193423
vn -0.251568 0.967646 0.0193423
vn -0.251568 0.967646 0.0193423
vn -0.251568 0.967646 0.0193423
vn -0.251568 0.967646 0.0193423
vn -0.251568 0.967646 0.0193423
vn 0.221228 -0.975027 -0.0194898
vn 0.221228 -0.975027 -0.0194898
vn 0.221228 -0.975027 -0.0194898
vn -0.19327 0.966438 -0.169248
vn -0.19327 0.966438 -0.169248
vn -0.19327 0.966438 -0.169248
vn 0 1 0
vn 0 1 0
vn 0 1 0
vn -0.204564 0.974012 -0.0972288
vn -0.204564 0.974012 -0.0972288
vn -0.204564 0.974012 -0.0972288
vn 0 1 0
vn 0 1 0
vn 0 1 0
vn -0.204564 0.974012 -0.0972288
vn -0.204564 0.974012 -0.0972288
vn -0.204564 0.974012 -0.0972288
vn 0 1 0
vn 0 1 0
vn 0 1 0
vn -0.14163 0.885335 -0.442857
vn -0.14163 0.885335 -0.442857
vn -0.14163 0.885335 -0.442857
vn 0 1 0
vn 0 1 0
vn 0 1 0
vn -0.242567 0.898431 0.366036
vn -0.242567 0.898431 0.366036
vn -0.242567 0.898431 0.366036
vn 0 1 0
vn 0 1 0
vn 0 1 0
vn -0.242567 0.898431 0.366036
vn -0.242567 0.898431 0.366036
vn -0.242567 0.898431 0.366036
vn -0.195429 0.964775 -0.176115
vn -0.195429 0.964775 -0.176115
vn -0.195429 0.964775 -0.176115
vn -0.193142 0.965653 -0.17381
vn -0.193142 0.965653 -0.17381
vn -0.193142 0.965653 -0.17381
vn 0.195711 -0.965152 0.17372
vn 0.195711 -0.965152 0.17372
vn 0.195711 -0.965152 0.17372
vn -0.23076 0.96154 0.148964
vn -0.23076 0.96154 0.148964
vn -0.23076 0.96154 0.148964
vn 0 1 0
vn 0 1 0
vn 0 1 0
vn -0.178731 0.940524 -0.288912
vn -0.178731 0.940524 -0.288912
vn -0.178731 0.940524 -0.288912
vn 0 1 0
vn 0 1 0
vn 0 1 0
vn -0.0750071 0.681784 -0.727698
vn -0.0750071 0.681784 -0.727698
vn -0.0750071 0.681784 -0.727698
vn 0 1 0
vn 0 1 0
vn 0 1 0
vn -0.0198289 0.495996 -0.868098
vn -0.0198289 0.495996 -0.868098
vn -0.0198289 0.495996 -0.868098
vn 0 1 0
vn 0 1 0
vn 0 1 0
vn -0.167484 0.930507 -0.32574
vn -0.167484 0.930507 -0.32574
vn -0.167484 0.930507 -0.32574
vn 0 1 0
vn 0 1 0
vn 0 1 0
vn -0.167273 0.36362 0.916406
vn -0.167273 0.36362 0.916406
vn -0.167273 0.36362 0.916406
vn 0 1 0
vn 0 1 0
vn 0 1 0
vn -0.142147 0.229271 0.962927
vn -0.142147 0.229271 0.962927
vn -0.142147 0.229271 0.962927
vn 0 1 0
vn 0 1 0
vn 0 1 0
vn -0.147088 0.253606 0.956059
vn -0.147088 0.253606 0.956059
vn -0.147088 0.253606 0.956059
vn 0 1 0
vn 0 1 0
vn 0 1 0
vn -0.191477 0.4787 0.856845
vn -0.191477 0.4787 0.856845
vn -0.191477 0.4787 0.856845
vn 0 1 0
vn 0 1 0
vn 0 1 0
vn 0 1 0
vn 0 1 0
vn 0 1 0
vn 0 1 0
vn 0 1 0
vn 0 1 0
vn 0 1 0
vn 0 1 0
vn 0 1 0
vn 0 1 0
vn 0 1 0
vn 0 1 0
vn 0 1 0
vn 0 1 0
vn 0 1 0
vn 0 1 0
vn 0 1 0
vn 0 1 0
vn 0 1 0
vn 0 1 0
vn 0 1 0
vn 0 1 0
vn 0 1 0
vn 0 1 0
vn 0 1 0
vn 0 1 0
vn 0 1 0
vn 0 1 0
vn 0 1 0
vn 0 1 0
vn 0 1 0
vn 0 1 0
vn 0 1 0
vn 0 1 0
vn 0 1 0
vn 0 1 0
vn 0 1 0
vn 0 1 0
vn 0 1 0
vn 0 1 0
vn 0 1 0
vn 0 1 0
vn 0 1 0
vn 0 1 0
vn 0 1 0
vn 0 1 0
vn 0 1 0
vn 0 1 0
vn 0 1 0
vn 0 1 0
vn 0 1 0
vn 0 1 0
vn 0 1 0
vn 0 1 0
vn 0 1 0
vn 0 1 0
vn 0 1 0
vn 0 1 0
vn 0 1 0
vn 0 1 0
vn 0 1 0
vn 0 1 0
vn 0 1 0
vn 0 1 0
vn 0 1 0
vn 0 1 0
vn 0 1 0
vn 0 1 0
vn 0 1 0
vn 0 1 0
vn 0 1 0
vn 0 1 0
vn 0 1 0
vn 0 1 0
vn 0 1 0
vn 0 1 0
vn 0 1 0
vn 0 1 0
vn 0 1 0
vn 0 1 0
vn 0 1 0
vn 0 1 0
vn 0 1 0
vn 0 1 0
vn 0 1 0
vn 0 1 0
vn 0 1 0
vn 0 1 0
vn 0 1 0
vn 0 1 0
vn 0 1 0
vn 0 1 0
vn 0 1 0
vn 0 1 0
vn 0 1 0
vn 0 1 0
vn 0 1 0
vn 0 1 0
vn 0 1 0
vn 0 1 0
vn 0 1 0
vn 0 1 0
vn 0 1 0
vn 0 1 0
vn 0 1 0
vn 0 1 0
vn 0 1 0
vn 0 1 0
vn 0 1 0
vn 0 1 0
vn 0 1 0
vn 0 1 0
vn 0 1 0
vn 0 1 0
vn 0 1 0
vn 0 1 0
vn 0 1 0
vn 0 1 0
vn 0 1 0
vn 0 1 0
vn 0 1 0
vn 0 1 0
vn 0 1 0
vn 0 1 0
vn 0 1 0
vn 0 1 0
vn 0 1 0
vn 0 1 0
vn 0 1 0
vn 0 1 0
vn 0 1 0
vn 0 1 0
vn 0 1 0
vn 0 1 0
vn 0 1 0
vn 0 1 0
vn 0 1 0
vn 0 1 0
vn 0 1 0
vn 0 1 0
vn 0 1 0
vn 0 1 0
vn 0 1 0
vn 0 1 0
vn 0 1 0
vn 0 1 0
vn 0 1 0
vn 0 1 0
vn 0 1 0
vn 0 1 0
vn 0 1 0
vn 0 1 0
vn 0 1 0
vn 0 1 0
vn 0 1 0
vn 0 1 0
vn 1 0 0
vn 1 0 0
vn 1 0 0
vn -0.0694196 0.991605 -0.109092
vn -0.0694196 0.991605 -0.109092
vn -0.0694196 0.991605 -0.109092
vn -0.0595636 0.993273 -0.099303
vn -0.0595636 0.993273 -0.099303
vn -0.0595636 0.993273 -0.099303
vn -0.0397483 0.994253 -0.099401
vn -0.0397483 0.994253 -0.099401
vn -0.0397483 0.994253 -0.099401
vn -0.049657 0.992776 -0.109221
vn -0.049657 0.992776 -0.109221
vn -0.049657 0.992776 -0.109221
vn -0.049657 0.992776 -0.109221
vn -0.049657 0.992776 -0.109221
vn -0.049657 0.992776 -0.109221
vn -0.0692266 0.98928 -0.128581
vn -0.0692266 0.98928 -0.128581
vn -0.0692266 0.98928 -0.128581
vn 0 0.991659 -0.12889
vn 0 0.991659 -0.12889
vn 0 0.991659 -0.12889
vn -0.0197942 0.988743 -0.148305
vn -0.0197942 0.988743 -0.148305
vn -0.0197942 0.988743 -0.148305
vn -0.00989855 0.988889 -0.148327
vn -0.00989855 0.988889 -0.148327
vn -0.00989855 0.988889 -0.148327
vn 0.0397482 0.99425 -0.0994311
vn 0.0397482 0.99425 -0.0994311
vn 0.0397482 0.99425 -0.0994311
vn -0.066184 0.992855 -0.0992915
vn -0.066184 0.992855 -0.0992915
vn -0.066184 0.992855 -0.0992915
vn 0.0400061 0.999177 0.00668776
vn 0.0400061 0.999177 0.00668776
vn 0.0400061 0.999177 0.00668776
vn -0.208639 0.977971 0.00654582
vn -0.208639 0.977971 0.00654582
vn -0.208639 0.977971 0.00654582
vn -0.118557 0.988016 0.0988378
vn -0.118557 0.988016 0.0988378
vn -0.118557 0.988016 0.0988378
vn -0.223072 0.969961 0.0970316
vn -0.223072 0.969961 0.0970316
vn -0.223072 0.969961 0.0970316
vn -0.136271 0.97326 0.184922
vn -0.136271 0.97326 0.184922
vn -0.136271 0.97326 0.184922
vn -0.291364 0.939799 0.178564
vn -0.291364 0.939799 0.178564
vn -0.291364 0.939799 0.178564
vn -0.378047 0.922057 0.0830099
vn -0.378047 0.922057 0.0830099
vn -0.378047 0.922057 0.0830099
vn -0.440977 0.893903 0.0804753
vn -0.440977 0.893903 0.0804753
vn -0.440977 0.893903 0.0804753
vn -0.508138 0.861256 -0.00572979
vn -0.508138 0.861256 -0.00572979
vn -0.508138 0.861256 -0.00572979
vn -0.608421 0.793597 -0.00527967
vn -0.608421 0.793597 -0.00527967
vn -0.608421 0.793597 -0.00527967
vn -0.509724 0.849532 0.135928
vn -0.509724 0.849532 0.135928
vn -0.509724 0.849532 0.135928
vn -0.23059 0.96083 0.153736
vn -0.23059 0.96083 0.153736
vn -0.23059 0.96083 0.153736
vn -0.258655 0.957912 0.124504
vn -0.258655 0.957912 0.124504
vn -0.258655 0.957912 0.124504
vn -0.156738 0.979402 0.127297
vn -0.156738 0.979402 0.127297
vn -0.156738 0.979402 0.127297
vn -0.419828 0.893249 -0.160778
vn -0.419828 0.893249 -0.160778
vn -0.419828 0.893249 -0.160778
vn -0.311681 0.935159 -0.168322
vn -0.311681 0.935159 -0.168322
vn -0.311681 0.935159 -0.168322
vn -0.415089 0.864804 -0.282515
vn -0.415089 0.864804 -0.282515
vn -0.415089 0.864804 -0.282515
vn -0.279853 0.912581 -0.298123
vn -0.279853 0.912581 -0.298123
vn -0.279853 0.912581 -0.298123
vn -0.328179 0.879055 -0.345777
vn -0.328179 0.879055 -0.345777
vn -0.328179 0.879055 -0.345777
vn -0.662347 0.697199 -0.274244
vn -0.662347 0.697199 -0.274244
vn -0.662347 0.697199 -0.274244
vn -0.321256 0.926773 0.194643
vn -0.321256 0.926773 0.194643
vn -0.321256 0.926773 0.194643
vn -0.601828 0.781574 0.164148
vn -0.601828 0.781574 0.164148
vn -0.601828 0.781574 0.164148
vn -0.800894 0.526897 -0.284513
vn -0.800894 0.526897 -0.284513
vn -0.800894 0.526897 -0.284513
vn -0.379841 0.813966 -0.439523
vn -0.379841 0.813966 -0.439523
vn -0.379841 0.813966 -0.439523
vn -0.596778 0.493196 -0.632941
vn -0.596778 0.493196 -0.632941
vn -0.596778 0.493196 -0.632941
vn -0.321976 0.581915 -0.746798
vn -0.321976 0.581915 -0.746798
vn -0.321976 0.581915 -0.746798
vn 0.247424 0.883563 -0.397614
vn 0.247424 0.883563 -0.397614
vn 0.247424 0.883563 -0.397614
vn -0.247424 0.883563 -0.397614
vn -0.247424 0.883563 -0.397614
vn -0.247424 0.883563 -0.397614
vn -0.239933 0.888577 -0.390976
vn -0.239933 0.888577 -0.390976
vn -0.239933 0.888577 -0.390976
vn -0.481358 0.802295 -0.353012
vn -0.481358 0.802295 -0.353012
vn -0.481358 0.802295 -0.353012
vn -0.499759 0.780855 -0.374843
vn -0.499759 0.780855 -0.374843
vn -0.499759 0.780855 -0.374843
vn -0.107549 0.896279 -0.430251
vn -0.107549 0.896279 -0.430251
vn -0.107549 0.896279 -0.430251
vn -0.0641526 0.916769 -0.394232
vn -0.0641526 0.916769 -0.394232
vn -0.0641526 0.916769 -0.394232
vn -0.232325 0.893525 -0.384237
vn -0.232325 0.893525 -0.384237
vn -0.232325 0.893525 -0.384237
vn -0.141422 0.94285 -0.301719
vn -0.141422 0.94285 -0.301719
vn -0.141422 0.94285 -0.301719
vn -0.0381064 0.95173 -0.304561
vn -0.0381064 0.95173 -0.304561
vn -0.0381064 0.95173 -0.304561
vn -0.038068 0.951743 -0.304526
vn -0.038068 0.951743 -0.304526
vn -0.038068 0.951743 -0.304526
vn -0.205083 0.932189 -0.298269
vn -0.205083 0.932189 -0.298269
vn -0.205083 0.932189 -0.298269
vn -0.0976062 0.975902 -0.195163
vn -0.0976062 0.975902 -0.195163
vn -0.0976062 0.975902 -0.195163
vn -0.0781934 0.977582 -0.195498
vn -0.0781934 0.977582 -0.195498
vn -0.0781934 0.977582 -0.195498
vn 0 0.992877 -0.11914
vn 0 0.992877 -0.11914
vn 0 0.992877 -0.11914
vn -0.0495707 0.991657 -0.118994
vn -0.0495707 0.991657 -0.118994
vn -0.0495707 0.991657 -0.118994
vn -0.00994699 0.996767 -0.079728
vn -0.00994699 0.996767 -0.079728
vn -0.00994699 0.996767 -0.079728
vn -0.0696151 0.994398 -0.0795385
vn -0.0696151 0.994398 -0.0795385
vn -0.0696151 0.994398 -0.0795385
vn -0.0498664 0.996963 -0.0598154
vn -0.0498664 0.996963 -0.0598154
vn -0.0498664 0.996963 -0.0598154
vn 0 0.998205 -0.0598899
vn 0 0.998205 -0.0598899
vn 0 0.998205 -0.0598899
vn -0.0397785 0.994249 -0.099431
vn -0.0397785 0.994249 -0.099431
vn -0.0397785 0.994249 -0.099431
vn 0.0265306 0.994686 -0.0994747
vn 0.0265306 0.994686 -0.0994747
vn 0.0265306 0.994686 -0.0994747
vn 0.0198723 0.99416 -0.106066
vn 0.0198723 0.99416 -0.106066
vn 0.0198723 0.99416 -0.106066
vn 0.0923991 0.990103 -0.105634
vn 0.0923991 0.990103 -0.105634
vn 0.0923991 0.990103 -0.105634
vn 0.0593134 0.988596 -0.138418
vn 0.0593134 0.988596 -0.138418
vn 0.0593134 0.988596 -0.138418
vn 0.0198222 0.990145 -0.138635
vn 0.0198222 0.990145 -0.138635
vn 0.0198222 0.990145 -0.138635
vn -0.0488621 0.97748 -0.205292
vn -0.0488621 0.97748 -0.205292
vn -0.0488621 0.97748 -0.205292
vn -0.116632 0.97197 -0.204135
vn -0.116632 0.97197 -0.204135
vn -0.116632 0.97197 -0.204135
vn -0.0297416 0.992438 -0.119088
vn -0.0297416 0.992438 -0.119088
vn -0.0297416 0.992438 -0.119088
vn 0.0264531 0.99253 -0.119099
vn 0.0264531 0.99253 -0.119099
vn 0.0264531 0.99253 -0.119099
vn -0.0393286 0.982256 -0.183374
vn -0.0393286 0.982256 -0.183374
vn -0.0393286 0.982256 -0.183374
vn 0.00653971 0.982996 -0.183512
vn 0.00653971 0.982996 -0.183512
vn 0.00653971 0.982996 -0.183512
vn 0.0295935 0.986489 -0.161133
vn 0.0295935 0.986489 -0.161133
vn 0.0295935 0.986489 -0.161133
vn -0.101435 0.981831 -0.160373
vn -0.101435 0.981831 -0.160373
vn -0.101435 0.981831 -0.160373
vn -0.126662 0.974512 -0.18516
vn -0.126662 0.974512 -0.18516
vn -0.126662 0.974512 -0.18516
vn -0.136241 0.973264 -0.184922
vn -0.136241 0.973264 -0.184922
vn -0.136241 0.973264 -0.184922
vn -0.13006 0.975244 -0.17884
vn -0.13006 0.975244 -0.17884
vn -0.13006 0.975244 -0.17884
vn -0.247771 0.952928 -0.174748
vn -0.247771 0.952928 -0.174748
vn -0.247771 0.952928 -0.174748
vn -0.12549 0.990856 -0.049561
vn -0.12549 0.990856 -0.049561
vn -0.12549 0.990856 -0.049561
vn -0.242278 0.968995 -0.0484675
vn -0.242278 0.968995 -0.0484675
vn -0.242278 0.968995 -0.0484675
vn -0.118766 0.989759 0.0791976
vn -0.118766 0.989759 0.0791976
vn -0.118766 0.989759 0.0791976
vn -0.250864 0.964938 0.0772115
vn -0.250864 0.964938 0.0772115
vn -0.250864 0.964938 0.0772115
vn -0.194306 0.971469 0.13599
vn -0.194306 0.971469 0.13599
vn -0.194306 0.971469 0.13599
vn -0.194277 0.971475 0.135991
vn -0.194277 0.971475 0.135991
vn -0.194277 0.971475 0.135991
vn -0.330315 0.943823 -0.00944745
vn -0.330315 0.943823 -0.00944745
vn -0.330315 0.943823 -0.00944745
vn -0.205528 0.978602 -0.00979558
vn -0.205528 0.978602 -0.00979558
vn -0.205528 0.978602 -0.00979558
vn -0.161108 0.986274 0.0361585
vn -0.161108 0.986274 0.0361585
vn -0.161108 0.986274 0.0361585
vn -0.205406 0.97802 0.0358559
vn -0.205406 0.97802 0.0358559
vn -0.205406 0.97802 0.0358559
vn -0.245555 0.969361 -0.00642922
vn -0.245555 0.969361 -0.00642922
vn -0.245555 0.969361 -0.00642922
vn -0.157961 0.987424 -0.00654901
vn -0.157961 0.987424 -0.00654901
vn -0.157961 0.987424 -0.00654901
vn -0.261915 0.958217 -0.114981
vn -0.261915 0.958217 -0.114981
vn -0.261915 0.958217 -0.114981
vn -0.258924 0.959018 -0.115077
vn -0.258924 0.959018 -0.115077
vn -0.258924 0.959018 -0.115077
vn -0.177069 0.983756 -0.0295115
vn -0.177069 0.983756 -0.0295115
vn -0.177069 0.983756 -0.0295115
vn -0.260547 0.965027 -0.0289496
vn -0.260547 0.965027 -0.0289496
vn -0.260547 0.965027 -0.0289496
vn -0.233392 0.972383 -2.96748e-05
vn -0.233392 0.972383 -2.96748e-05
vn -0.233392 0.972383 -2.96748e-05
vn -0.196128 0.980578 -2.99249e-05
vn -0.196128 0.980578 -2.99249e-05
vn -0.196128 0.980578 -2.99249e-05
vn -0.286054 0.953455 -0.0953804
vn -0.286054 0.953455 -0.0953804
vn -0.286054 0.953455 -0.0953804
vn -0.232268 0.967821 -0.0968175
vn -0.232268 0.967821 -0.0968175
vn -0.232268 0.967821 -0.0968175
vn -0.177009 0.983421 -0.0393753
vn -0.177009 0.983421 -0.0393753
vn -0.177009 0.983421 -0.0393753
vn -0.186548 0.981659 -0.0393047
vn -0.186548 0.981659 -0.0393047
vn -0.186548 0.981659 -0.0393047
vn -0.019788 0.991457 0.128925
vn -0.019788 0.991457 0.128925
vn -0.019788 0.991457 0.128925
vn -0.108454 0.985802 0.128189
vn -0.108454 0.985802 0.128189
vn -0.108454 0.985802 0.128189
vn -0.14778 0.985037 0.0886798
vn -0.14778 0.985037 0.0886798
vn -0.14778 0.985037 0.0886798
vn -0.0397855 0.995183 0.0895933
vn -0.0397855 0.995183 0.0895933
vn -0.0397855 0.995183 0.0895933
vn -0.0895933 0.995183 0.0397855
vn -0.0895933 0.995183 0.0397855
vn -0.0895933 0.995183 0.0397855
vn -0.177009 0.983424 0.0393153
vn -0.177009 0.983424 0.0393153
vn -0.177009 0.983424 0.0393153
vn -0.303408 0.948128 -0.0948476
vn -0.303408 0.948128 -0.0948476
vn -0.303408 0.948128 -0.0948476
vn -0.416207 0.904754 -0.0905085
vn -0.416207 0.904754 -0.0905085
vn -0.416207 0.904754 -0.0905085
vn -0.164714 0.969005 0.184113
vn -0.164714 0.969005 0.184113
vn -0.164714 0.969005 0.184113
vn -0.520198 0.839035 0.159419
vn -0.520198 0.839035 0.159419
vn -0.520198 0.839035 0.159419
vn -0.582753 0.809378 0.0728411
vn -0.582753 0.809378 0.0728411
vn -0.582753 0.809378 0.0728411
vn -0.500196 0.862427 0.0776153
vn -0.500196 0.862427 0.0776153
vn -0.500196 0.862427 0.0776153
vn -0.617172 0.781222 -0.0937666
vn -0.617172 0.781222 -0.0937666
vn -0.617172 0.781222 -0.0937666
vn -0.369101 0.922766 -0.110756
vn -0.369101 0.922766 -0.110756
vn -0.369101 0.922766 -0.110756
vn -0.214467 0.974978 0.0584963
vn -0.214467 0.974978 0.0584963
vn -0.214467 0.974978 0.0584963
vn 0.238676 -0.969356 -0.058159
vn 0.238676 -0.969356 -0.058159
vn 0.238676 -0.969356 -0.058159
vn -0.253895 0.827879 0.500153
vn -0.253895 0.827879 0.500153
vn -0.253895 0.827879 0.500153
vn 0 1 0
vn 0 1 0
vn 0 1 0
vn -0.225316 0.582727 0.780808
vn -0.225316 0.582727 0.780808
vn -0.225316 0.582727 0.780808
vn 0 1 0
vn 0 1 0
vn 0 1 0
vn -0.13355 0.801253 -0.583231
vn -0.13355 0.801253 -0.583231
vn -0.13355 0.801253 -0.583231
vn 0 1 0
vn 0 1 0
vn 0 1 0
vn -0.17977 0.345718 0.920957
vn -0.17977 0.345718 0.920957
vn -0.17977 0.345718 0.920957
vn 0 1 0
vn 0 1 0
vn 0 1 0
vn -0.146976 0.193387 0.970051
vn -0.146976 0.193387 0.970051
vn -0.146976 0.193387 0.970051
vn 0 1 0
vn 0 1 0
vn 0 1 0
vn -0.229712 0.957174 -0.17621
vn -0.229712 0.957174 -0.17621
vn -0.229712 0.957174 -0.17621
vn 0 1 0
vn 0 1 0
vn 0 1 0
vn 0 1 0
vn 0 1 0
vn 0 1 0
vn 0 1 0
vn 0 1 0
vn 0 1 0
vn 0 1 0
vn 0 1 0
vn 0 1 0
vn 0 1 0
vn 0 1 0
vn 0 1 0
vn 0 1 0
vn 0 1 0
vn 0 1 0
vn 0 1 0
vn 0 1 0
vn 0 1 0
vn -0.219828 0.536161 0.814989
vn -0.219828 0.536161 0.814989
vn -0.219828 0.536161 0.814989
vn 0 1 0
vn 0 1 0
vn 0 1 0
vn -0.243818 0.659032 0.711498
vn -0.243818 0.659032 0.711498
vn -0.243818 0.659032 0.711498
vn 0 1 0
vn 0 1 0
vn 0 1 0
vn 0 1 0
vn 0 1 0
vn 0 1 0
vn 0 1 0
vn 0 1 0
vn 0 1 0
vn 0 1 0
vn 0 1 0
vn 0 1 0
vn 0 1 0
vn 0 1 0
vn 0 1 0
vn 0 1 0
vn 0 1 0
vn 0 1 0
vn 0 1 0
vn 0 1 0
vn 0 1 0
vn 0 1 0
vn 0 1 0
vn 0 1 0
vn 0 1 0
vn 0 1 0
vn 0 1 0
vn 0 1 0
vn 0 1 0
vn 0 1 0
vn 0 1 0
vn 0 1 0
vn 0 1 0
vn 0 1 0
vn 0 1 0
vn 0 1 0
vn 0 1 0
vn 0 1 0
vn 0 1 0
vn 0 1 0
vn 0 1 0
vn 0 1 0
vn 0 1 0
vn 0 1 0
vn 0 1 0
vn 0 1 0
vn 0 1 0
vn 0 1 0
vn 0 1 0
vn 0 1 0
vn 0 1 0
vn 0 1 0
vn 0 1 0
vn 0 1 0
vn 0 1 0
vn 0 1 0
vn 0 1 0
vn 0 1 0
vn 0 1 0
vn 0 1 0
vn 0 1 0
vn 0 1 0
vn 0 1 0
vn 0 1 0
vn 0 1 0
vn 0 1 0
vn 0 1 0
vn 0 1 0
vn 0 1 0
vn 0 1 0
vn 0 1 0
vn 0 1 0
vn 0 1 0
vn 0 1 0
vn 0 1 0
vn 0 1 0
vn 0 1 0
vn 0 1 0
vn 0 1 0
vn 0 1 0
vn 0 1 0
vn 0 1 0
vn 0 1 0
vn 0 1 0
vn 0 1 0
vn 0 1 0
vn 0 1 0
vn 0 1 0
vn 0 1 0
vn 0 1 0
vn 0 1 0
vn 0 1 0
vn 0 1 0
vn -1 0 0
vn -1 0 0
vn -1 0 0
vn -0.0598383 0.997853 -0.0266052
vn -0.0598383 0.997853 -0.0266052
vn -0.0598383 0.997853 -0.0266052
vn -0.0532378 0.998382 -0.0199871
vn -0.0532378 0.998382 -0.0199871
vn -0.0532378 0.998382 -0.0199871
vn -0.0499459 0.998552 -0.0199905
vn -0.0499459 0.998552 -0.0199905
vn -0.0499459 0.998552 -0.0199905
vn -0.0299853 0.99955 0
vn -0.0299853 0.99955 0
vn -0.0299853 0.99955 0
vn -0.0698061 0.997561 0
vn -0.0698061 0.997561 0
vn -0.0698061 0.997561 0
vn -0.0698061 0.997561 0
vn -0.0698061 0.997561 0
vn -0.0698061 0.997561 0
vn -0.0200155 0.9998 0
vn -0.0200155 0.9998 0
vn -0.0200155 0.9998 0
vn -0.0100088 0.9999 0.0100088
vn -0.0100088 0.9999 0.0100088
vn -0.0100088 0.9999 0.0100088
vn 0.0399441 0.999152 0.0100013
vn 0.0399441 0.999152 0.0100013
vn 0.0399441 0.999152 0.0100013
vn -0.0299619 0.997757 -0.059863
vn -0.0299619 0.997757 -0.059863
vn -0.0299619 0.997757 -0.059863
vn 0.0399353 0.997409 -0.0598421
vn 0.0399353 0.997409 -0.0598421
vn 0.0399353 0.997409 -0.0598421
vn -0.0198124 0.992683 -0.119117
vn -0.0198124 0.992683 -0.119117
vn -0.0198124 0.992683 -0.119117
vn -0.118304 0.985905 -0.118304
vn -0.118304 0.985905 -0.118304
vn -0.118304 0.985905 -0.118304
vn -0.0200115 0.999599 -0.0200115
vn -0.0200115 0.999599 -0.0200115
vn -0.0200115 0.999599 -0.0200115
vn -0.138635 0.990145 -0.0198222
vn -0.138635 0.990145 -0.0198222
vn -0.138635 0.990145 -0.0198222
vn -0.373228 0.888609 -0.266599
vn -0.373228 0.888609 -0.266599
vn -0.373228 0.888609 -0.266599
vn -0.365534 0.891538 -0.267478
vn -0.365534 0.891538 -0.267478
vn -0.365534 0.891538 -0.267478
vn -0.372331 0.886474 -0.274832
vn -0.372331 0.886474 -0.274832
vn -0.372331 0.886474 -0.274832
vn -0.490946 0.832117 -0.25798
vn -0.490946 0.832117 -0.25798
vn -0.490946 0.832117 -0.25798
vn -0.269602 0.962972 0
vn -0.269602 0.962972 0
vn -0.269602 0.962972 0
vn -0.5145 0.857491 0
vn -0.5145 0.857491 0
vn -0.5145 0.857491 0
vn -0.381993 0.909544 0.163739
vn -0.381993 0.909544 0.163739
vn -0.381993 0.909544 0.163739
vn -0.256833 0.951166 0.171232
vn -0.256833 0.951166 0.171232
vn -0.256833 0.951166 0.171232
vn -0.417905 0.908446 -0.0090656
vn -0.417905 0.908446 -0.0090656
vn -0.417905 0.908446 -0.0090656
vn -0.425345 0.904986 -0.00903108
vn -0.425345 0.904986 -0.00903108
vn -0.425345 0.904986 -0.00903108
vn -0.510815 0.851393 -0.119156
vn -0.510815 0.851393 -0.119156
vn -0.510815 0.851393 -0.119156
vn -0.429313 0.894439 -0.12518
vn -0.429313 0.894439 -0.12518
vn -0.429313 0.894439 -0.12518
vn -0.175018 0.972199 0.155555
vn -0.175018 0.972199 0.155555
vn -0.175018 0.972199 0.155555
vn -0.345888 0.926491 0.148242
vn -0.345888 0.926491 0.148242
vn -0.345888 0.926491 0.148242
vn -0.513661 0.856093 -0.0570766
vn -0.513661 0.856093 -0.0570766
vn -0.513661 0.856093 -0.0570766
vn -0.326872 0.942975 -0.0628691
vn -0.326872 0.942975 -0.0628691
vn -0.326872 0.942975 -0.0628691
vn -0.565204 0.74371 -0.356989
vn -0.565204 0.74371 -0.356989
vn -0.565204 0.74371 -0.356989
vn -0.807782 0.531429 -0.255092
vn -0.807782 0.531429 -0.255092
vn -0.807782 0.531429 -0.255092
vn -0.779561 0.609033 -0.146162
vn -0.779561 0.609033 -0.146162
vn -0.779561 0.609033 -0.146162
vn -0.761978 0.629722 -0.151127
vn -0.761978 0.629722 -0.151127
vn -0.761978 0.629722 -0.151127
vn -0.777061 0.597717 -0.197257
vn -0.777061 0.597717 -0.197257
vn -0.777061 0.597717 -0.197257
vn 0.256991 0.917729 -0.302866
vn 0.256991 0.917729 -0.302866
vn 0.256991 0.917729 -0.302866
vn 0.266267 0.918039 -0.293779
vn 0.266267 0.918039 -0.293779
vn 0.266267 0.918039 -0.293779
vn -0.249068 0.922408 -0.295177
vn -0.249068 0.922408 -0.295177
vn -0.249068 0.922408 -0.295177
vn -0.442059 0.757788 -0.479939
vn -0.442059 0.757788 -0.479939
vn -0.442059 0.757788 -0.479939
vn -0.475622 0.743142 -0.470663
vn -0.475622 0.743142 -0.470663
vn -0.475622 0.743142 -0.470663
vn -0.16237 0.974341 -0.155868
vn -0.16237 0.974341 -0.155868
vn -0.16237 0.974341 -0.155868
vn -0.0689339 0.985096 -0.157589
vn -0.0689339 0.985096 -0.157589
vn -0.0689339 0.985096 -0.157589
vn -0.116632 0.971976 -0.204107
vn -0.116632 0.971976 -0.204107
vn -0.116632 0.971976 -0.204107
vn -0.145236 0.968279 -0.20333
vn -0.145236 0.968279 -0.20333
vn -0.145236 0.968279 -0.20333
vn -0.0594648 0.99112 -0.11893
vn -0.0594648 0.99112 -0.11893
vn -0.0594648 0.99112 -0.11893
vn -0.0396821 0.992095 -0.119047
vn -0.0396821 0.992095 -0.119047
vn -0.0396821 0.992095 -0.119047
vn -0.668204 0.277262 -0.690384
vn -0.668204 0.277262 -0.690384
vn -0.668204 0.277262 -0.690384
vn -0.0372478 0.372417 -0.927318
vn -0.0372478 0.372417 -0.927318
vn -0.0372478 0.372417 -0.927318
vn 0.921312 0.388745 -0.0077825
vn 0.921312 0.388745 -0.0077825
vn 0.921312 0.388745 -0.0077825
vn 0 0.9998 -0.0200155
vn 0 0.9998 -0.0200155
vn 0 0.9998 -0.0200155
vn -0.0596798 0.995039 -0.0796
vn -0.0596798 0.995039 -0.0796
vn -0.0596798 0.995039 -0.0796
vn -0.00994698 0.996766 -0.0797382
vn -0.00994698 0.996766 -0.0797382
vn -0.00994698 0.996766 -0.0797382
vn 0.0199704 0.998552 -0.0499459
vn 0.0199704 0.998552 -0.0499459
vn 0.0199704 0.998552 -0.0499459
vn -0.0498936 0.997508 -0.0498936
vn -0.0498936 0.997508 -0.0498936
vn -0.0498936 0.997508 -0.0498936
vn -0.0696366 0.995139 -0.0696366
vn -0.0696366 0.995139 -0.0696366
vn -0.0696366 0.995139 -0.0696366
vn -0.0398792 0.996767 -0.0697506
vn -0.0398792 0.996767 -0.0697506
vn -0.0398792 0.996767 -0.0697506
vn 0.00997676 0.99975 -0.019984
vn 0.00997676 0.99975 -0.019984
vn 0.00997676 0.99975 -0.019984
vn 0.019981 0.999601 -0.019981
vn 0.019981 0.999601 -0.019981
vn 0.019981 0.999601 -0.019981
vn -0.0299122 0.997114 -0.0697749
vn -0.0299122 0.997114 -0.0697749
vn -0.0299122 0.997114 -0.0697749
vn 0.0597443 0.995779 -0.0696814
vn 0.0597443 0.995779 -0.0696814
vn 0.0597443 0.995779 -0.0696814
vn 0.0198653 0.99381 -0.109305
vn 0.0198653 0.99381 -0.109305
vn 0.0198653 0.99381 -0.109305
vn -0.0496269 0.992781 -0.109191
vn -0.0496269 0.992781 -0.109191
vn -0.0496269 0.992781 -0.109191
vn 0.0399686 0.999001 -0.0199691
vn 0.0399686 0.999001 -0.0199691
vn 0.0399686 0.999001 -0.0199691
vn -0.0299488 0.999352 -0.0199761
vn -0.0299488 0.999352 -0.0199761
vn -0.0299488 0.999352 -0.0199761
vn -0.049916 0.997954 -0.0399571
vn -0.049916 0.997954 -0.0399571
vn -0.049916 0.997954 -0.0399571
vn -0.039975 0.998401 -0.039975
vn -0.039975 0.998401 -0.039975
vn -0.039975 0.998401 -0.039975
vn -0.00997825 0.9999 -0.00997825
vn -0.00997825 0.9999 -0.00997825
vn -0.00997825 0.9999 -0.00997825
vn 0.0299838 0.999501 -0.00997426
vn 0.0299838 0.999501 -0.00997426
vn 0.0299838 0.999501 -0.00997426
vn -0.0693899 0.991613 -0.109033
vn -0.0693899 0.991613 -0.109033
vn -0.0693899 0.991613 -0.109033
vn -0.128131 0.985816 -0.108395
vn -0.128131 0.985816 -0.108395
vn -0.128131 0.985816 -0.108395
vn -0 0.9998 0.0200155
vn -0 0.9998 0.0200155
vn -0 0.9998 0.0200155
vn -0.132165 0.991029 0.0198399
vn -0.132165 0.991029 0.0198399
vn -0.132165 0.991029 0.0198399
vn -0.109255 0.99308 0.0430654
vn -0.109255 0.99308 0.0430654
vn -0.109255 0.99308 0.0430654
vn -0.125528 0.991158 0.0429821
vn -0.125528 0.991158 0.0429821
vn -0.125528 0.991158 0.0429821
vn -0.325689 0.930524 -0.167487
vn -0.325689 0.930524 -0.167487
vn -0.325689 0.930524 -0.167487
vn -0.117282 0.977392 -0.175923
vn -0.117282 0.977392 -0.175923
vn -0.117282 0.977392 -0.175923
vn -0.172402 0.957829 -0.22987
vn -0.172402 0.957829 -0.22987
vn -0.172402 0.957829 -0.22987
vn -0.190913 0.954504 -0.229072
vn -0.190913 0.954504 -0.229072
vn -0.190913 0.954504 -0.229072
vn -0.241663 0.92944 -0.278821
vn -0.241663 0.92944 -0.278821
vn -0.241663 0.92944 -0.278821
vn -0.317835 0.908162 -0.272438
vn -0.317835 0.908162 -0.272438
vn -0.317835 0.908162 -0.272438
vn -0.2466 0.948426 -0.19919
vn -0.2466 0.948426 -0.19919
vn -0.2466 0.948426 -0.19919
vn -0.157858 0.966379 -0.202961
vn -0.157858 0.966379 -0.202961
vn -0.157858 0.966379 -0.202961
vn -0.154803 0.967498 -0.199958
vn -0.154803 0.967498 -0.199958
vn -0.154803 0.967498 -0.199958
vn -0.240775 0.950493 -0.196443
vn -0.240775 0.950493 -0.196443
vn -0.240775 0.950493 -0.196443
vn -0.211848 0.96294 -0.166935
vn -0.211848 0.96294 -0.166935
vn -0.211848 0.96294 -0.166935
vn -0.260053 0.951404 -0.164936
vn -0.260053 0.951404 -0.164936
vn -0.260053 0.951404 -0.164936
vn -0.109321 0.993957 -0.00994927
vn -0.109321 0.993957 -0.00994927
vn -0.109321 0.993957 -0.00994927
vn -0.177137 0.984137 -0.00985098
vn -0.177137 0.984137 -0.00985098
vn -0.177137 0.984137 -0.00985098
vn -0.148335 0.98874 0.0197338
vn -0.148335 0.98874 0.0197338
vn -0.148335 0.98874 0.0197338
vn -0.233348 0.9722 0.0194036
vn -0.233348 0.9722 0.0194036
vn -0.233348 0.9722 0.0194036
vn -0.251587 0.967835 2.9536e-05
vn -0.251587 0.967835 2.9536e-05
vn -0.251587 0.967835 2.9536e-05
vn -0.287364 0.957821 2.92304e-05
vn -0.287364 0.957821 2.92304e-05
vn -0.287364 0.957821 2.92304e-05
vn -0.204745 0.974873 0.0877647
vn -0.204745 0.974873 0.0877647
vn -0.204745 0.974873 0.0877647
vn -0.176455 0.980344 0.0882572
vn -0.176455 0.980344 0.0882572
vn -0.176455 0.980344 0.0882572
vn -0.214593 0.975483 0.0488069
vn -0.214593 0.975483 0.0488069
vn -0.214593 0.975483 0.0488069
vn -0.0199296 0.998552 0.0499611
vn -0.0199296 0.998552 0.0499611
vn -0.0199296 0.998552 0.0499611
vn -0.0896614 0.995772 -0.0199653
vn -0.0896614 0.995772 -0.0199653
vn -0.0896614 0.995772 -0.0199653
vn -0.148335 0.988738 -0.0198243
vn -0.148335 0.988738 -0.0198243
vn -0.148335 0.988738 -0.0198243
vn -0.467534 0.806112 -0.36276
vn -0.467534 0.806112 -0.36276
vn -0.467534 0.806112 -0.36276
vn -0.0818218 0.90886 -0.408998
vn -0.0818218 0.90886 -0.408998
vn -0.0818218 0.90886 -0.408998
vn -0.603618 0.334107 -0.723891
vn -0.603618 0.334107 -0.723891
vn -0.603618 0.334107 -0.723891
vn -0.132913 0.415343 -0.899902
vn -0.132913 0.415343 -0.899902
vn -0.132913 0.415343 -0.899902
vn 0.866766 0.496241 -0.049612
vn 0.866766 0.496241 -0.049612
vn 0.866766 0.496241 -0.049612
vn -0.166771 0.981105 -0.0980865
vn -0.166771 0.981105 -0.0980865
vn -0.166771 0.981105 -0.0980865
vn -0.1668 0.981097 -0.0981157
vn -0.1668 0.981097 -0.0981157
vn -0.1668 0.981097 -0.0981157
vn -0.582391 0.808874 -0.0808924
vn -0.582391 0.808874 -0.0808924
vn -0.582391 0.808874 -0.0808924
vn -0.389113 0.904994 0.171979
vn -0.389113 0.904994 0.171979
vn -0.389113 0.904994 0.171979
vn -0.613124 0.776098 0.147484
vn -0.613124 0.776098 0.147484
vn -0.613124 0.776098 0.147484
vn -0.649363 0.755059 0.0906265
vn -0.649363 0.755059 0.0906265
vn -0.649363 0.755059 0.0906265
vn -0.213373 0.970009 0.116426
vn -0.213373 0.970009 0.116426
vn -0.213373 0.970009 0.116426
vn -0.338673 0.940716 -0.0188327
vn -0.338673 0.940716 -0.0188327
vn -0.338673 0.940716 -0.0188327
vn -0.293149 0.955875 -0.0191362
vn -0.293149 0.955875 -0.0191362
vn -0.293149 0.955875 -0.0191362
vn -0.233124 0.97139 0.0453362
vn -0.233124 0.97139 0.0453362
vn -0.233124 0.97139 0.0453362
vn -0.360297 0.931823 0.0434896
vn -0.360297 0.931823 0.0434896
vn -0.360297 0.931823 0.0434896
vn -0.564726 0.795399 -0.220057
vn -0.564726 0.795399 -0.220057
vn -0.564726 0.795399 -0.220057
vn -0.158609 0.951595 -0.26327
vn -0.158609 0.951595 -0.26327
vn -0.158609 0.951595 -0.26327
vn 0.128865 0.991464 0.0198184
vn 0.128865 0.991464 0.0198184
vn 0.128865 0.991464 0.0198184
vn -0.461273 0.887081 0.0177319
vn -0.461273 0.887081 0.0177319
vn -0.461273 0.887081 0.0177319
vn -0.475134 0.879914 0
vn -0.475134 0.879914 0
vn -0.475134 0.879914 0
vn -0.605088 0.796158 0
vn -0.605088 0.796158 0
vn -0.605088 0.796158 0
vn -0.624385 0.780493 -0.0312026
vn -0.624385 0.780493 -0.0312026
vn -0.624385 0.780493 -0.0312026
vn -0.233188 0.971656 -0.0388449
vn -0.233188 0.971656 -0.0388449
vn -0.233188 0.971656 -0.0388449
vn -0.205528 0.978602 -0.00979558
vn -0.205528 0.978602 -0.00979558
vn -0.205528 0.978602 -0.00979558
vn 0.248952 -0.968467 0.00969413
vn 0.248952 -0.968467 0.00969413
vn 0.248952 -0.968467 0.00969413
vn -0.185721 0.291722 0.9383
vn -0.185721 0.291722 0.9383
vn -0.185721 0.291722 0.9383
vn 0 1 0
vn 0 1 0
vn 0 1 0
vn -0.270658 0.765971 0.583124
vn -0.270658 0.765971 0.583124
vn -0.270658 0.765971 0.583124
vn -0.267148 0.958743 0.0971794
vn -0.267148 0.958743 0.0971794
vn -0.267148 0.958743 0.0971794
vn -0.37921 0.924895 -0.0277457
vn -0.37921 0.924895 -0.0277457
vn -0.37921 0.924895 -0.0277457
vn -0.37921 0.924895 -0.0277457
vn -0.37921 0.924895 -0.0277457
vn -0.37921 0.924895 -0.0277457
vn -0.4168 0.906104 -0.0724762
vn -0.4168 0.906104 -0.0724762
vn -0.4168 0.906104 -0.0724762
vn -0.346007 0.935245 -0.074807
vn -0.346007 0.935245 -0.074807
vn -0.346007 0.935245 -0.074807
vn -0.377061 0.919585 -0.110402
vn -0.377061 0.919585 -0.110402
vn -0.377061 0.919585 -0.110402
vn 0.252519 -0.960693 0.115337
vn 0.252519 -0.960693 0.115337
vn 0.252519 -0.960693 0.115337
vn -0.249099 0.958187 -0.140809
vn -0.249099 0.958187 -0.140809
vn -0.249099 0.958187 -0.140809
vn 0 1 0
vn 0 1 0
vn 0 1 0
vn -0.195765 0.362515 0.911186
vn -0.195765 0.362515 0.911186
vn -0.195765 0.362515 0.911186
vn 0 1 0
vn 0 1 0
vn 0 1 0
vn -0.156285 0.781378 -0.604172
vn -0.156285 0.781378 -0.604172
vn -0.156285 0.781378 -0.604172
vn 0 1 0
vn 0 1 0
vn 0 1 0
vn -0.282568 0.856303 0.43232
vn -0.282568 0.856303 0.43232
vn -0.282568 0.856303 0.43232
vn 0 1 0
vn 0 1 0
vn 0 1 0
vn -0.282568 0.856303 0.43232
vn -0.282568 0.856303 0.43232
vn -0.282568 0.856303 0.43232
vn 0 1 0
vn 0 1 0
vn 0 1 0
vn -0.224863 0.511049 0.829618
vn -0.224863 0.511049 0.829618
vn -0.224863 0.511049 0.829618
vn 0 1 0
vn 0 1 0
vn 0 1 0
vn 0 1 0
vn 0 1 0
vn 0 1 0
vn 0 1 0
vn 0 1 0
vn 0 1 0
vn 0 1 0
vn 0 1 0
vn 0 1 0
vn 0 1 0
vn 0 1 0
vn 0 1 0
vn 0 1 0
vn 0 1 0
vn 0 1 0
vn 0 1 0
vn 0 1 0
vn 0 1 0
vn 0 1 0
vn 0 1 0
vn 0 1 0
vn 0 1 0
vn 0 1 0
vn 0 1 0
vn 0 1 0
vn 0 1 0
vn 0 1 0
vn 0 1 0
vn 0 1 0
vn 0 1 0
vn 0.0467411 0.137488 -0.9894
vn 0.0467411 0.137488 -0.9894
vn 0.0467411 0.137488 -0.9894
vn 0 1 0
vn 0 1 0
vn 0 1 0
vn -0.0871763 0.544943 -0.833929
vn -0.0871763 0.544943 -0.833929
vn -0.0871763 0.544943 -0.833929
vn 0 1 0
vn 0 1 0
vn 0 1 0
vn 0 1 0
vn 0 1 0
vn 0 1 0
vn 0 1 0
vn 0 1 0
vn 0 1 0
vn 0 1 0
vn 0 1 0
vn 0 1 0
vn 0 1 0
vn 0 1 0
vn 0 1 0
vn 1 0 0
vn 1 0 0
vn 1 0 0
vn -0.0527114 0.988509 -0.141674
vn -0.0527114 0.988509 -0.141674
vn -0.0527114 0.988509 -0.141674
vn -0.0689339 0.985096 -0.157589
vn -0.0689339 0.985096 -0.157589
vn -0.0689339 0.985096 -0.157589
vn -0.0296091 0.987012 -0.157895
vn -0.0296091 0.987012 -0.157895
vn -0.0296091 0.987012 -0.157895
vn 0.0497669 0.995581 -0.0796331
vn 0.0497669 0.995581 -0.0796331
vn 0.0497669 0.995581 -0.0796331
vn -0.0695849 0.9944 -0.0795387
vn -0.0695849 0.9944 -0.0795387
vn -0.0695849 0.9944 -0.0795387
vn -0.0100073 0.99975 -0.0200145
vn -0.0100073 0.99975 -0.0200145
vn -0.0100073 0.99975 -0.0200145
vn -0.0100073 0.99975 -0.0200145
vn -0.0100073 0.99975 -0.0200145
vn -0.0100073 0.99975 -0.0200145
vn -0.0398964 0.997958 -0.0498857
vn -0.0398964 0.997958 -0.0498857
vn -0.0398964 0.997958 -0.0498857
vn -0.0299784 0.998304 -0.049903
vn -0.0299784 0.998304 -0.049903
vn -0.0299784 0.998304 -0.049903
vn -0.0597 0.995041 -0.0795595
vn -0.0597 0.995041 -0.0795595
vn -0.0597 0.995041 -0.0795595
vn -0.0198911 0.996622 -0.0796859
vn -0.0198911 0.996622 -0.0796859
vn -0.0198911 0.996622 -0.0796859
vn 0 0.998205 -0.0598899
vn 0 0.998205 -0.0598899
vn 0 0.998205 -0.0598899
vn -0.0199796 0.998006 -0.0598779
vn -0.0199796 0.998006 -0.0598779
vn -0.0199796 0.998006 -0.0598779
vn -0.0596141 0.993268 -0.099323
vn -0.0596141 0.993268 -0.099323
vn -0.0596141 0.993268 -0.099323
vn -0.385608 0.918084 -0.0918049
vn -0.385608 0.918084 -0.0918049
vn -0.385608 0.918084 -0.0918049
vn -0.260362 0.964306 0.0482329
vn -0.260362 0.964306 0.0482329
vn -0.260362 0.964306 0.0482329
vn -0.386832 0.920999 0.0460668
vn -0.386832 0.920999 0.0460668
vn -0.386832 0.920999 0.0460668
vn -0.0838591 0.931489 0.353971
vn -0.0838591 0.931489 0.353971
vn -0.0838591 0.931489 0.353971
vn -0.253182 0.904326 0.343648
vn -0.253182 0.904326 0.343648
vn -0.253182 0.904326 0.343648
vn -0.532869 0.845818 0.0253477
vn -0.532869 0.845818 0.0253477
vn -0.532869 0.845818 0.0253477
vn -0.387071 0.921636 0.0276198
vn -0.387071 0.921636 0.0276198
vn -0.387071 0.921636 0.0276198
vn -0.579289 0.782865 -0.227038
vn -0.579289 0.782865 -0.227038
vn -0.579289 0.782865 -0.227038
vn -0.404131 0.878504 -0.254774
vn -0.404131 0.878504 -0.254774
vn -0.404131 0.878504 -0.254774
vn -0.301719 0.94285 -0.141422
vn -0.301719 0.94285 -0.141422
vn -0.301719 0.94285 -0.141422
vn -0.510277 0.850496 -0.127569
vn -0.510277 0.850496 -0.127569
vn -0.510277 0.850496 -0.127569
vn -0.320168 0.941682 0.103571
vn -0.320168 0.941682 0.103571
vn -0.320168 0.941682 0.103571
vn -0.176146 0.978464 0.107617
vn -0.176146 0.978464 0.107617
vn -0.176146 0.978464 0.107617
vn -0.530801 0.792225 -0.301049
vn -0.530801 0.792225 -0.301049
vn -0.530801 0.792225 -0.301049
vn -0.489184 0.815299 -0.309817
vn -0.489184 0.815299 -0.309817
vn -0.489184 0.815299 -0.309817
vn -0.517081 0.783451 -0.34472
vn -0.517081 0.783451 -0.34472
vn -0.517081 0.783451 -0.34472
vn -0.571047 0.751398 -0.330617
vn -0.571047 0.751398 -0.330617
vn -0.571047 0.751398 -0.330617
vn -0.441527 0.883053 -0.15897
vn -0.441527 0.883053 -0.15897
vn -0.441527 0.883053 -0.15897
vn -0.783229 0.611898 -0.110156
vn -0.783229 0.611898 -0.110156
vn -0.783229 0.611898 -0.110156
vn 0.783229 -0.611898 0.110156
vn 0.783229 -0.611898 0.110156
vn 0.783229 -0.611898 0.110156
vn -0 0 -1
vn -0 0 -1
vn -0 0 -1
vn -0.729562 0.565541 0.384581
vn -0.729562 0.565541 0.384581
vn -0.729562 0.565541 0.384581
vn 0.233224 0.804114 0.546816
vn 0.233224 0.804114 0.546816
vn 0.233224 0.804114 0.546816
vn -0.445043 0.890141 -0.0979025
vn -0.445043 0.890141 -0.0979025
vn -0.445043 0.890141 -0.0979025
vn -0.501626 0.859899 -0.0945763
vn -0.501626 0.859899 -0.0945763
vn -0.501626 0.859899 -0.0945763
vn -0.432754 0.901492 -0.0060157
vn -0.432754 0.901492 -0.0060157
vn -0.432754 0.901492 -0.0060157
vn -0.164376 0.986376 -0.00658213
vn -0.164376 0.986376 -0.00658213
vn -0.164376 0.986376 -0.00658213
vn -0.238624 0.967485 -0.0838519
vn -0.238624 0.967485 -0.0838519
vn -0.238624 0.967485 -0.0838519
vn -0.118702 0.989222 -0.0857358
vn -0.118702 0.989222 -0.0857358
vn -0.118702 0.989222 -0.0857358
vn -0.684874 0.272493 -0.675793
vn -0.684874 0.272493 -0.675793
vn -0.684874 0.272493 -0.675793
vn -0.0224312 0.373869 -0.92721
vn -0.0224312 0.373869 -0.92721
vn -0.0224312 0.373869 -0.92721
vn 0.738516 0.494538 -0.458286
vn 0.738516 0.494538 -0.458286
vn 0.738516 0.494538 -0.458286
vn -0.870379 0.361152 -0.334679
vn -0.870379 0.361152 -0.334679
vn -0.870379 0.361152 -0.334679
vn 0.302308 0.384282 0.872317
vn 0.302308 0.384282 0.872317
vn 0.302308 0.384282 0.872317
vn 0.690814 0.291487 0.661673
vn 0.690814 0.291487 0.661673
vn 0.690814 0.291487 0.661673
vn -0.561005 0.552715 -0.616263
vn -0.561005 0.552715 -0.616263
vn -0.561005 0.552715 -0.616263
vn -0.0400137 0.667146 -0.743851
vn -0.0400137 0.667146 -0.743851
vn -0.0400137 0.667146 -0.743851
vn -0.190455 0.574212 -0.796246
vn -0.190455 0.574212 -0.796246
vn -0.190455 0.574212 -0.796246
vn 0.0116972 0.584878 -0.811037
vn 0.0116972 0.584878 -0.811037
vn 0.0116972 0.584878 -0.811037
vn 0.635538 0.69331 -0.339726
vn 0.635538 0.69331 -0.339726
vn 0.635538 0.69331 -0.339726
vn -0.0627147 0.896221 -0.439153
vn -0.0627147 0.896221 -0.439153
vn -0.0627147 0.896221 -0.439153
vn 0.38984 0.920878 0.0030446
vn 0.38984 0.920878 0.0030446
vn 0.38984 0.920878 0.0030446
vn 0.0099787 0.999945 0.00330602
vn 0.0099787 0.999945 0.00330602
vn 0.0099787 0.999945 0.00330602
vn -0.0133426 0.999711 -0.0200137
vn -0.0133426 0.999711 -0.0200137
vn -0.0133426 0.999711 -0.0200137
vn -0.0299793 0.99935 -0.0200065
vn -0.0299793 0.99935 -0.0200065
vn -0.0299793 0.99935 -0.0200065
vn -0.0598154 0.996963 -0.0498664
vn -0.0598154 0.996963 -0.0498664
vn -0.0598154 0.996963 -0.0498664
vn 0.0199601 0.998552 -0.0499459
vn 0.0199601 0.998552 -0.0499459
vn 0.0199601 0.998552 -0.0499459
vn -0.0495707 0.991657 -0.118994
vn -0.0495707 0.991657 -0.118994
vn -0.0495707 0.991657 -0.118994
vn 0.0396923 0.992095 -0.119047
vn 0.0396923 0.992095 -0.119047
vn 0.0396923 0.992095 -0.119047
vn 0.0496572 0.99278 -0.109191
vn 0.0496572 0.99278 -0.109191
vn 0.0496572 0.99278 -0.109191
vn -0.0496572 0.99278 -0.109191
vn -0.0496572 0.99278 -0.109191
vn -0.0496572 0.99278 -0.109191
vn -0.0199418 0.996619 -0.0797061
vn -0.0199418 0.996619 -0.0797061
vn -0.0199418 0.996619 -0.0797061
vn -0.00994699 0.996768 -0.079718
vn -0.00994699 0.996768 -0.079718
vn -0.00994699 0.996768 -0.079718
vn 0.0399485 0.998752 -0.0299614
vn 0.0399485 0.998752 -0.0299614
vn 0.0399485 0.998752 -0.0299614
vn -0.0697749 0.997114 -0.0299122
vn -0.0697749 0.997114 -0.0299122
vn -0.0697749 0.997114 -0.0299122
vn -0.049923 0.998703 -0.00999678
vn -0.049923 0.998703 -0.00999678
vn -0.049923 0.998703 -0.00999678
vn 0 0.99995 -0.0100093
vn 0 0.99995 -0.0100093
vn 0 0.99995 -0.0100093
vn -0.108615 0.986996 -0.118495
vn -0.108615 0.986996 -0.118495
vn -0.108615 0.986996 -0.118495
vn -0.108586 0.986999 -0.118495
vn -0.108586 0.986999 -0.118495
vn -0.108586 0.986999 -0.118495
vn -0.0988889 0.98913 -0.10882
vn -0.0988889 0.98913 -0.10882
vn -0.0988889 0.98913 -0.10882
vn -0.328589 0.938809 -0.103284
vn -0.328589 0.938809 -0.103284
vn -0.328589 0.938809 -0.103284
vn -0.202261 0.978788 0.0326383
vn -0.202261 0.978788 0.0326383
vn -0.202261 0.978788 0.0326383
vn -0.177051 0.983655 0.0328006
vn -0.177051 0.983655 0.0328006
vn -0.177051 0.983655 0.0328006
vn -0.0922828 0.988641 0.118632
vn -0.0922828 0.988641 0.118632
vn -0.0922828 0.988641 0.118632
vn -0.249963 0.961359 0.115358
vn -0.249963 0.961359 0.115358
vn -0.249963 0.961359 0.115358
vn -0.304286 0.950871 0.0570499
vn -0.304286 0.950871 0.0570499
vn -0.304286 0.950871 0.0570499
vn -0.25122 0.966193 0.0579692
vn -0.25122 0.966193 0.0579692
vn -0.25122 0.966193 0.0579692
vn -0.232661 0.969459 0.0775733
vn -0.232661 0.969459 0.0775733
vn -0.232661 0.969459 0.0775733
vn -0.157503 0.984372 0.0787666
vn -0.157503 0.984372 0.0787666
vn -0.157503 0.984372 0.0787666
vn -0.186438 0.98124 0.04908
vn -0.186438 0.98124 0.04908
vn -0.186438 0.98124 0.04908
vn -0.214607 0.975481 0.0487919
vn -0.214607 0.975481 0.0487919
vn -0.214607 0.975481 0.0487919
vn -0.16677 0.981099 0.0981458
vn -0.16677 0.981099 0.0981458
vn -0.16677 0.981099 0.0981458
vn -0.10879 0.989128 0.098949
vn -0.10879 0.989128 0.098949
vn -0.10879 0.989128 0.098949
vn 0.10879 -0.989128 -0.098949
vn 0.10879 -0.989128 -0.098949
vn 0.10879 -0.989128 -0.098949
vn -0 0 -1
vn -0 0 -1
vn -0 0 -1
vn -0.126691 0.974513 -0.18513
vn -0.126691 0.974513 -0.18513
vn -0.126691 0.974513 -0.18513
vn -0.24744 0.951879 -0.18083
vn -0.24744 0.951879 -0.18083
vn -0.24744 0.951879 -0.18083
vn -0.348187 0.892824 -0.28571
vn -0.348187 0.892824 -0.28571
vn -0.348187 0.892824 -0.28571
vn -0.196144 0.933921 -0.298862
vn -0.196144 0.933921 -0.298862
vn -0.196144 0.933921 -0.298862
vn -0.646966 0.336959 -0.684027
vn -0.646966 0.336959 -0.684027
vn -0.646966 0.336959 -0.684027
vn -0.0967564 0.43983 -0.892854
vn -0.0967564 0.43983 -0.892854
vn -0.0967564 0.43983 -0.892854
vn -0.424473 0.246786 -0.87116
vn -0.424473 0.246786 -0.87116
vn -0.424473 0.246786 -0.87116
vn -0.0245344 0.272477 -0.961849
vn -0.0245344 0.272477 -0.961849
vn -0.0245344 0.272477 -0.961849
vn -0.0427929 0.267398 -0.962635
vn -0.0427929 0.267398 -0.962635
vn -0.0427929 0.267398 -0.962635
vn -0.153393 0.264476 -0.952115
vn -0.153393 0.264476 -0.952115
vn -0.153393 0.264476 -0.952115
vn 0.0955672 0.341276 -0.935092
vn 0.0955672 0.341276 -0.935092
vn 0.0955672 0.341276 -0.935092
vn -0.526574 0.291463 -0.798605
vn -0.526574 0.291463 -0.798605
vn -0.526574 0.291463 -0.798605
vn -0.13117 0.655912 -0.743353
vn -0.13117 0.655912 -0.743353
vn -0.13117 0.655912 -0.743353
vn 0.756193 0.432936 -0.490651
vn 0.756193 0.432936 -0.490651
vn 0.756193 0.432936 -0.490651
vn -0.0730631 0.304403 -0.949737
vn -0.0730631 0.304403 -0.949737
vn -0.0730631 0.304403 -0.949737
vn -0.0518216 0.304809 -0.951003
vn -0.0518216 0.304809 -0.951003
vn -0.0518216 0.304809 -0.951003
vn 0.946729 0.322016 -0.00321348
vn 0.946729 0.322016 -0.00321348
vn 0.946729 0.322016 -0.00321348
vn -0.394982 0.918643 -0.00916735
vn -0.394982 0.918643 -0.00916735
vn -0.394982 0.918643 -0.00916735
vn -0.257994 0.955463 0.143284
vn -0.257994 0.955463 0.143284
vn -0.257994 0.955463 0.143284
vn -0.647872 0.753326 0.112971
vn -0.647872 0.753326 0.112971
vn -0.647872 0.753326 0.112971
vn -0.629125 0.76411 0.14261
vn -0.629125 0.76411 0.14261
vn -0.629125 0.76411 0.14261
vn -0.333628 0.926703 0.172956
vn -0.333628 0.926703 0.172956
vn -0.333628 0.926703 0.172956
vn -0.465892 0.884664 0.0177106
vn -0.465892 0.884664 0.0177106
vn -0.465892 0.884664 0.0177106
vn -0.23332 0.972205 0.0194631
vn -0.23332 0.972205 0.0194631
vn -0.23332 0.972205 0.0194631
vn -0.337219 0.936756 -0.0936528
vn -0.337219 0.936756 -0.0936528
vn -0.337219 0.936756 -0.0936528
vn -0.577003 0.81269 -0.0812492
vn -0.577003 0.81269 -0.0812492
vn -0.577003 0.81269 -0.0812492
vn -0.414095 0.900164 0.135019
vn -0.414095 0.900164 0.135019
vn -0.414095 0.900164 0.135019
vn 0.127488 0.980868 0.147124
vn 0.127488 0.980868 0.147124
vn 0.127488 0.980868 0.147124
vn -0.245118 0.942725 -0.226245
vn -0.245118 0.942725 -0.226245
vn -0.245118 0.942725 -0.226245
vn -0.464882 0.860927 -0.206614
vn -0.464882 0.860927 -0.206614
vn -0.464882 0.860927 -0.206614
vn -0.0779112 0.973682 0.214181
vn -0.0779112 0.973682 0.214181
vn -0.0779112 0.973682 0.214181
vn -0.615673 0.769603 0.16929
vn -0.615673 0.769603 0.16929
vn -0.615673 0.769603 0.16929
vn -0.652188 0.749671 0.112446
vn -0.652188 0.749671 0.112446
vn -0.652188 0.749671 0.112446
vn -0.203359 0.968273 0.145235
vn -0.203359 0.968273 0.145235
vn -0.203359 0.968273 0.145235
vn -0.145235 0.968273 0.203359
vn -0.145235 0.968273 0.203359
vn -0.145235 0.968273 0.203359
vn -0.528805 0.830622 0.174449
vn -0.528805 0.830622 0.174449
vn -0.528805 0.830622 0.174449
vn -0.575374 0.810361 0.110726
vn -0.575374 0.810361 0.110726
vn -0.575374 0.810361 0.110726
vn -0.330434 0.93514 0.127775
vn -0.330434 0.93514 0.127775
vn -0.330434 0.93514 0.127775
vn -0.440008 0.897994 0
vn -0.440008 0.897994 0
vn -0.440008 0.897994 0
vn -0.379356 0.925251 0
vn -0.379356 0.925251 0
vn -0.379356 0.925251 0
vn -0.387226 0.921938 -0.00922839
vn -0.387226 0.921938 -0.00922839
vn -0.387226 0.921938 -0.00922839
vn -0.417882 0.908456 -0.00909343
vn -0.417882 0.908456 -0.00909343
vn -0.417882 0.908456 -0.00909343
vn -0.417882 0.908456 -0.00909343
vn -0.417882 0.908456 -0.00909343
vn -0.417882 0.908456 -0.00909343
vn -0.379364 0.925201 -0.00926105
vn -0.379364 0.925201 -0.00926105
vn -0.379364 0.925201 -0.00926105
vn -0.37141 0.928469 0
vn -0.37141 0.928469 0
vn -0.37141 0.928469 0
vn -0.251606 0.96783 0
vn -0.251606 0.96783 0
vn -0.251606 0.96783 0
vn -0.205235 0.977491 0.0488828
vn -0.205235 0.977491 0.0488828
vn -0.205235 0.977491 0.0488828
vn -0.474702 0.879048 0.0439598
vn -0.474702 0.879048 0.0439598
vn -0.474702 0.879048 0.0439598
vn -0.345669 0.917701 0.195799
vn -0.345669 0.917701 0.195799
vn -0.345669 0.917701 0.195799
vn -0.191971 0.959798 0.204781
vn -0.191971 0.959798 0.204781
vn -0.191971 0.959798 0.204781
vn -0.27356 0.954228 0.12089
vn -0.27356 0.954228 0.12089
vn -0.27356 0.954228 0.12089
vn -0.311122 0.942834 0.119446
vn -0.311122 0.942834 0.119446
vn -0.311122 0.942834 0.119446
vn -0.376297 0.925342 0.0462841
vn -0.376297 0.925342 0.0462841
vn -0.376297 0.925342 0.0462841
vn -0.313013 0.948563 0.0474455
vn -0.313013 0.948563 0.0474455
vn -0.313013 0.948563 0.0474455
vn -0.355222 0.934782 0
vn -0.355222 0.934782 0
vn -0.355222 0.934782 0
vn -0.402741 0.915314 0
vn -0.402741 0.915314 0
vn -0.402741 0.915314 0
vn -0.152251 0.95173 0.266512
vn -0.152251 0.95173 0.266512
vn -0.152251 0.95173 0.266512
vn 0.286046 -0.92272 -0.258389
vn 0.286046 -0.92272 -0.258389
vn 0.286046 -0.92272 -0.258389
vn -0.262573 0.656342 0.707298
vn -0.262573 0.656342 0.707298
vn -0.262573 0.656342 0.707298
vn 0 1 0
vn 0 1 0
vn 0 1 0
vn -0.193279 0.322161 0.926744
vn -0.193279 0.322161 0.926744
vn -0.193279 0.322161 0.926744
vn 0 1 0
vn 0 1 0
vn 0 1 0
vn -0.232894 0.495486 0.836812
vn -0.232894 0.495486 0.836812
vn -0.232894 0.495486 0.836812
vn 0 1 0
vn 0 1 0
vn 0 1 0
vn -0.190038 0.311545 0.931034
vn -0.190038 0.311545 0.931034
vn -0.190038 0.311545 0.931034
vn -0.288435 0.786837 0.545612
vn -0.288435 0.786837 0.545612
vn -0.288435 0.786837 0.545612
vn -0.274459 0.784086 0.55667
vn -0.274459 0.784086 0.55667
vn -0.274459 0.784086 0.55667
vn 0.267134 0.785766 0.557863
vn 0.267134 0.785766 0.557863
vn 0.267134 0.785766 0.557863
vn -0.313114 0.948955 0.0379953
vn -0.313114 0.948955 0.0379953
vn -0.313114 0.948955 0.0379953
vn -0.157841 0.986674 0.0395055
vn -0.157841 0.986674 0.0395055
vn -0.157841 0.986674 0.0395055
vn 0.157841 -0.986674 -0.0395055
vn 0.157841 -0.986674 -0.0395055
vn 0.157841 -0.986674 -0.0395055
vn 0.0871763 -0.544943 0.833929
vn 0.0871763 -0.544943 0.833929
vn 0.0871763 -0.544943 0.833929
vn 0.250304 -0.929504 0.270869
vn 0.250304 -0.929504 0.270869
vn 0.250304 -0.929504 0.270869
vn 0 1 0
vn 0 1 0
vn 0 1 0
vn -0.165327 0.232857 0.958355
vn -0.165327 0.232857 0.958355
vn -0.165327 0.232857 0.958355
vn -0.138475 0.98913 -0.0494574
vn -0.138475 0.98913 -0.0494574
vn -0.138475 0.98913 -0.0494574
vn -0.0797582 0.996765 0.00994696
vn -0.0797582 0.996765 0.00994696
vn -0.0797582 0.996765 0.00994696
vn -0.0698026 0.997511 0.00995441
vn -0.0698026 0.997511 0.00995441
vn -0.0698026 0.997511 0.00995441
vn -0.0399143 0.998406 0.0399143
vn -0.0399143 0.998406 0.0399143
vn -0.0399143 0.998406 0.0399143
vn 0.0498857 0.997958 0.0398964
vn 0.0498857 0.997958 0.0398964
vn 0.0498857 0.997958 0.0398964
vn -0.046546 0.997315 -0.0565289
vn -0.046546 0.997315 -0.0565289
vn -0.046546 0.997315 -0.0565289
vn -0.00999323 0.998348 -0.0565874
vn -0.00999323 0.998348 -0.0565874
vn -0.00999323 0.998348 -0.0565874
vn -0.0529654 0.993643 -0.09934
vn -0.0529654 0.993643 -0.09934
vn -0.0529654 0.993643 -0.09934
vn -0.0397483 0.994253 -0.099401
vn -0.0397483 0.994253 -0.099401
vn -0.0397483 0.994253 -0.099401
vn -0.0398086 0.994245 -0.0994609
vn -0.0398086 0.994245 -0.0994609
vn -0.0398086 0.994245 -0.0994609
vn -0.0595935 0.993265 -0.0993629
vn -0.0595935 0.993265 -0.0993629
vn -0.0595935 0.993265 -0.0993629
vn -0.0595935 0.993265 -0.0993629
vn -0.0595935 0.993265 -0.0993629
vn -0.0595935 0.993265 -0.0993629
vn 0 0.995034 -0.0995398
vn 0 0.995034 -0.0995398
vn 0 0.995034 -0.0995398
vn 0.0199518 0.996615 -0.0797463
vn 0.0199518 0.996615 -0.0797463
vn 0.0199518 0.996615 -0.0797463
vn -0.0597202 0.995035 -0.0796198
vn -0.0597202 0.995035 -0.0796198
vn -0.0597202 0.995035 -0.0796198
vn -0.0988373 0.988011 -0.118596
vn -0.0988373 0.988011 -0.118596
vn -0.0988373 0.988011 -0.118596
vn -0.258932 0.959011 -0.115115
vn -0.258932 0.959011 -0.115115
vn -0.258932 0.959011 -0.115115
vn -0.241374 0.965615 -0.0965674
vn -0.241374 0.965615 -0.0965674
vn -0.241374 0.965615 -0.0965674
vn -0.0892227 0.991068 -0.0991129
vn -0.0892227 0.991068 -0.0991129
vn -0.0892227 0.991068 -0.0991129
vn -0.146512 0.976789 -0.15626
vn -0.146512 0.976789 -0.15626
vn -0.146512 0.976789 -0.15626
vn -0.528224 0.838444 -0.134129
vn -0.528224 0.838444 -0.134129
vn -0.528224 0.838444 -0.134129
vn -0.265253 0.947232 0.179976
vn -0.265253 0.947232 0.179976
vn -0.265253 0.947232 0.179976
vn -0.588003 0.794642 0.150984
vn -0.588003 0.794642 0.150984
vn -0.588003 0.794642 0.150984
vn -0.550665 0.80981 0.202428
vn -0.550665 0.80981 0.202428
vn -0.550665 0.80981 0.202428
vn -0.296495 0.926526 0.231603
vn -0.296495 0.926526 0.231603
vn -0.296495 0.926526 0.231603
vn -0.44634 0.89268 0.0624669
vn -0.44634 0.89268 0.0624669
vn -0.44634 0.89268 0.0624669
vn -0.321195 0.944703 0.0661073
vn -0.321195 0.944703 0.0661073
vn -0.321195 0.944703 0.0661073
vn -0.570842 0.781996 -0.250244
vn -0.570842 0.781996 -0.250244
vn -0.570842 0.781996 -0.250244
vn -0.537938 0.802877 -0.256926
vn -0.537938 0.802877 -0.256926
vn -0.537938 0.802877 -0.256926
vn -0.330364 0.943854 -9.36134e-06
vn -0.330364 0.943854 -9.36134e-06
vn -0.330364 0.943854 -9.36134e-06
vn -0.550844 0.834608 -8.27782e-06
vn -0.550844 0.834608 -8.27782e-06
vn -0.550844 0.834608 -8.27782e-06
vn -0.289922 0.906102 0.308099
vn -0.289922 0.906102 0.308099
vn -0.289922 0.906102 0.308099
vn -0.427864 0.855727 0.29097
vn -0.427864 0.855727 0.29097
vn -0.427864 0.855727 0.29097
vn -0.603864 0.794548 0.0635774
vn -0.603864 0.794548 0.0635774
vn -0.603864 0.794548 0.0635774
vn 1 0 0
vn 1 0 0
vn 1 0 0
vn -0.74155 0.670061 -0.0335051
vn -0.74155 0.670061 -0.0335051
vn -0.74155 0.670061 -0.0335051
vn -0.648561 0.750257 -0.128386
vn -0.648561 0.750257 -0.128386
vn -0.648561 0.750257 -0.128386
vn -0.521603 0.85047 0.0680521
vn -0.521603 0.85047 0.0680521
vn -0.521603 0.85047 0.0680521
vn -0.446051 0.892156 0.0713877
vn -0.446051 0.892156 0.0713877
vn -0.446051 0.892156 0.0713877
vn -0.677851 0.67783 -0.284718
vn -0.677851 0.67783 -0.284718
vn -0.677851 0.67783 -0.284718
vn -0.404716 0.843086 -0.354133
vn -0.404716 0.843086 -0.354133
vn -0.404716 0.843086 -0.354133
vn -0.311129 0.915177 -0.256221
vn -0.311129 0.915177 -0.256221
vn -0.311129 0.915177 -0.256221
vn -0.231082 0.936908 -0.262305
vn -0.231082 0.936908 -0.262305
vn -0.231082 0.936908 -0.262305
vn -0.572847 0.567169 -0.591748
vn -0.572847 0.567169 -0.591748
vn -0.572847 0.567169 -0.591748
vn -0.866907 0.344919 -0.359866
vn -0.866907 0.344919 -0.359866
vn -0.866907 0.344919 -0.359866
vn -0.177279 0.633143 0.75346
vn -0.177279 0.633143 0.75346
vn -0.177279 0.633143 0.75346
vn 0.692802 0.463925 0.552086
vn 0.692802 0.463925 0.552086
vn 0.692802 0.463925 0.552086
vn 0.656761 0.581218 0.480469
vn 0.656761 0.581218 0.480469
vn 0.656761 0.581218 0.480469
vn 0.518471 0.65906 0.544819
vn 0.518471 0.65906 0.544819
vn 0.518471 0.65906 0.544819
vn -0.657195 0.395907 -0.641367
vn -0.657195 0.395907 -0.641367
vn -0.657195 0.395907 -0.641367
vn -0.470462 0.463509 -0.750883
vn -0.470462 0.463509 -0.750883
vn -0.470462 0.463509 -0.750883
vn 0.470462 -0.463509 0.750883
vn 0.470462 -0.463509 0.750883
vn 0.470462 -0.463509 0.750883
vn -0 0 1
vn -0 0 1
vn -0 0 1
vn 0 0 -1
vn 0 0 -1
vn 0 0 -1
vn 0 0 1
vn 0 0 1
vn 0 0 1
vn 0.162335 0.554999 -0.815858
vn 0.162335 0.554999 -0.815858
vn 0.162335 0.554999 -0.815858
vn 0.231633 0.547162 -0.804338
vn 0.231633 0.547162 -0.804338
vn 0.231633 0.547162 -0.804338
vn 0.562533 0.598419 -0.570484
vn 0.562533 0.598419 -0.570484
vn 0.562533 0.598419 -0.570484
vn -0.00965972 0.723765 -0.689979
vn -0.00965972 0.723765 -0.689979
vn -0.00965972 0.723765 -0.689979
vn 0.665814 0.745308 -0.0347543
vn 0.665814 0.745308 -0.0347543
vn 0.665814 0.745308 -0.0347543
vn -0.0598251 0.997125 -0.0464968
vn -0.0598251 0.997125 -0.0464968
vn -0.0598251 0.997125 -0.0464968
vn -0.0532266 0.997785 -0.0398895
vn -0.0532266 0.997785 -0.0398895
vn -0.0532266 0.997785 -0.0398895
vn -0.0498857 0.997958 -0.0398964
vn -0.0498857 0.997958 -0.0398964
vn -0.0498857 0.997958 -0.0398964
vn -0.0200145 0.99975 -0.0100073
vn -0.0200145 0.99975 -0.0100073
vn -0.0200145 0.99975 -0.0100073
vn 0.0499534 0.998702 -0.00999677
vn 0.0499534 0.998702 -0.00999677
vn 0.0499534 0.998702 -0.00999677
vn -0.0298646 0.995528 -0.0896242
vn -0.0298646 0.995528 -0.0896242
vn -0.0298646 0.995528 -0.0896242
vn -0.0199249 0.995774 -0.0896464
vn -0.0199249 0.995774 -0.0896464
vn -0.0199249 0.995774 -0.0896464
vn -0.00994698 0.996766 -0.079738
vn -0.00994698 0.996766 -0.079738
vn -0.00994698 0.996766 -0.079738
vn 0.0398394 0.996024 -0.0796786
vn 0.0398394 0.996024 -0.0796786
vn 0.0398394 0.996024 -0.0796786
vn -0.0395051 0.986665 -0.1579
vn -0.0395051 0.986665 -0.1579
vn -0.0395051 0.986665 -0.1579
vn -0.0492997 0.986235 -0.157831
vn -0.0492997 0.986235 -0.157831
vn -0.0492997 0.986235 -0.157831
vn -0.04604 0.986897 -0.154644
vn -0.04604 0.986897 -0.154644
vn -0.04604 0.986897 -0.154644
vn -0.108083 0.982157 -0.153902
vn -0.108083 0.982157 -0.153902
vn -0.108083 0.982157 -0.153902
vn -0.0232623 0.997291 -0.0697872
vn -0.0232623 0.997291 -0.0697872
vn -0.0232623 0.997291 -0.0697872
vn -0.0992394 0.992636 -0.0694615
vn -0.0992394 0.992636 -0.0694615
vn -0.0992394 0.992636 -0.0694615
vn -0.147301 0.982047 -0.117841
vn -0.147301 0.982047 -0.117841
vn -0.147301 0.982047 -0.117841
vn -0.200986 0.972617 -0.116709
vn -0.200986 0.972617 -0.116709
vn -0.200986 0.972617 -0.116709
vn -0.230839 0.961746 -0.147504
vn -0.230839 0.961746 -0.147504
vn -0.230839 0.961746 -0.147504
vn -0.0918741 0.984262 -0.150957
vn -0.0918741 0.984262 -0.150957
vn -0.0918741 0.984262 -0.150957
vn -0.126662 0.974512 -0.18516
vn -0.126662 0.974512 -0.18516
vn -0.126662 0.974512 -0.18516
vn -0.299911 0.9372 -0.17807
vn -0.299911 0.9372 -0.17807
vn -0.299911 0.9372 -0.17807
vn -0.167449 0.985094 -0.0393821
vn -0.167449 0.985094 -0.0393821
vn -0.167449 0.985094 -0.0393821
vn -0.233188 0.971656 -0.0388449
vn -0.233188 0.971656 -0.0388449
vn -0.233188 0.971656 -0.0388449
vn -0.214822 0.976458 -0.0195184
vn -0.214822 0.976458 -0.0195184
vn -0.214822 0.976458 -0.0195184
vn -0.186627 0.982235 -0.0196339
vn -0.186627 0.982235 -0.0196339
vn -0.186627 0.982235 -0.0196339
vn -0.214607 0.975482 -0.0487622
vn -0.214607 0.975482 -0.0487622
vn -0.214607 0.975482 -0.0487622
vn -0.167376 0.984664 -0.0492212
vn -0.167376 0.984664 -0.0492212
vn -0.167376 0.984664 -0.0492212
vn -0.138635 0.990145 -0.0198222
vn -0.138635 0.990145 -0.0198222
vn -0.138635 0.990145 -0.0198222
vn -1 0 0
vn -1 0 0
vn -1 0 0
vn -0.167478 0.985088 0.0394119
vn -0.167478 0.985088 0.0394119
vn -0.167478 0.985088 0.0394119
vn -0.259678 0.961808 0.0865592
vn -0.259678 0.961808 0.0865592
vn -0.259678 0.961808 0.0865592
vn -0.25355 0.962836 0.0930573
vn -0.25355 0.962836 0.0930573
vn -0.25355 0.962836 0.0930573
vn -0.361868 0.927905 0.0896813
vn -0.361868 0.927905 0.0896813
vn -0.361868 0.927905 0.0896813
vn -0.252029 0.945124 0.2079
vn -0.252029 0.945124 0.2079
vn -0.252029 0.945124 0.2079
vn -0.882372 0.459565 0.101091
vn -0.882372 0.459565 0.101091
vn -0.882372 0.459565 0.101091
vn -0.0719314 0.449647 0.890305
vn -0.0719314 0.449647 0.890305
vn -0.0719314 0.449647 0.890305
vn -0.61277 0.356261 0.705401
vn -0.61277 0.356261 0.705401
vn -0.61277 0.356261 0.705401
vn -0.967567 0.241288 -0.0747987
vn -0.967567 0.241288 -0.0747987
vn -0.967567 0.241288 -0.0747987
vn -0.151103 0.944191 -0.292697
vn -0.151103 0.944191 -0.292697
vn -0.151103 0.944191 -0.292697
vn 0.00991267 0.990299 -0.138596
vn 0.00991267 0.990299 -0.138596
vn 0.00991267 0.990299 -0.138596
vn 0.26724 0.954329 -0.133562
vn 0.26724 0.954329 -0.133562
vn 0.26724 0.954329 -0.133562
vn -0.0363508 0.907882 -0.417646
vn -0.0363508 0.907882 -0.417646
vn -0.0363508 0.907882 -0.417646
vn -0.178754 0.893851 -0.411191
vn -0.178754 0.893851 -0.411191
vn -0.178754 0.893851 -0.411191
vn -0.186703 0.889099 -0.417905
vn -0.186703 0.889099 -0.417905
vn -0.186703 0.889099 -0.417905
vn -0.212271 0.884388 -0.41569
vn -0.212271 0.884388 -0.41569
vn -0.212271 0.884388 -0.41569
vn -0.121387 0.933934 -0.336203
vn -0.121387 0.933934 -0.336203
vn -0.121387 0.933934 -0.336203
vn 0.940436 0.319876 -0.115151
vn 0.940436 0.319876 -0.115151
vn 0.940436 0.319876 -0.115151
vn 0.958493 0.284422 0.019903
vn 0.958493 0.284422 0.019903
vn 0.958493 0.284422 0.019903
vn -0.260091 0.963229 0.0674037
vn -0.260091 0.963229 0.0674037
vn -0.260091 0.963229 0.0674037
vn -0.378563 0.923316 -0.0646389
vn -0.378563 0.923316 -0.0646389
vn -0.378563 0.923316 -0.0646389
vn -0.634696 0.770875 -0.0539669
vn -0.634696 0.770875 -0.0539669
vn -0.634696 0.770875 -0.0539669
vn -0.672015 0.730464 -0.121729
vn -0.672015 0.730464 -0.121729
vn -0.672015 0.730464 -0.121729
vn -0.460981 0.875339 -0.145872
vn -0.460981 0.875339 -0.145872
vn -0.460981 0.875339 -0.145872
vn -0.396707 0.915486 -0.0671453
vn -0.396707 0.915486 -0.0671453
vn -0.396707 0.915486 -0.0671453
vn -0.337904 0.938659 -0.0688449
vn -0.337904 0.938659 -0.0688449
vn -0.337904 0.938659 -0.0688449
vn -0.104389 0.978808 0.176178
vn -0.104389 0.978808 0.176178
vn -0.104389 0.978808 0.176178
vn -0.412444 0.896575 0.161377
vn -0.412444 0.896575 0.161377
vn -0.412444 0.896575 0.161377
vn -0.404349 0.89853 0.170723
vn -0.404349 0.89853 0.170723
vn -0.404349 0.89853 0.170723
vn -0.247493 0.95186 0.180856
vn -0.247493 0.95186 0.180856
vn -0.247493 0.95186 0.180856
vn -0.238095 0.952379 0.190487
vn -0.238095 0.952379 0.190487
vn -0.238095 0.952379 0.190487
vn -0.0782226 0.977574 0.195527
vn -0.0782226 0.977574 0.195527
vn -0.0782226 0.977574 0.195527
vn -0.176294 0.979449 0.0979808
vn -0.176294 0.979449 0.0979808
vn -0.176294 0.979449 0.0979808
vn -0.654489 0.752317 0.0752592
vn -0.654489 0.752317 0.0752592
vn -0.654489 0.752317 0.0752592
vn -0.519375 0.811505 0.267786
vn -0.519375 0.811505 0.267786
vn -0.519375 0.811505 0.267786
vn -0.141016 0.940143 0.310235
vn -0.141016 0.940143 0.310235
vn -0.141016 0.940143 0.310235
vn -0.432717 0.90153 0
vn -0.432717 0.90153 0
vn -0.432717 0.90153 0
vn -0.578934 0.815374 0
vn -0.578934 0.815374 0
vn -0.578934 0.815374 0
vn -0.321709 0.893671 0.312818
vn -0.321709 0.893671 0.312818
vn -0.321709 0.893671 0.312818
vn -0.41976 0.856669 0.299866
vn -0.41976 0.856669 0.299866
vn -0.41976 0.856669 0.299866
vn -0.496781 0.841963 0.210491
vn -0.496781 0.841963 0.210491
vn -0.496781 0.841963 0.210491
vn -0.377349 0.898421 0.224605
vn -0.377349 0.898421 0.224605
vn -0.377349 0.898421 0.224605
vn 0.377349 -0.898421 -0.224605
vn 0.377349 -0.898421 -0.224605
vn 0.377349 -0.898421 -0.224605
vn -0 0 -1
vn -0 0 -1
vn -0 0 -1
vn -0.400333 0.909843 0.109177
vn -0.400333 0.909843 0.109177
vn -0.400333 0.909843 0.109177
vn -0.369126 0.92276 0.110727
vn -0.369126 0.92276 0.110727
vn -0.369126 0.92276 0.110727
vn -0.447142 0.894284 0.0179031
vn -0.447142 0.894284 0.0179031
vn -0.447142 0.894284 0.0179031
vn -0.205441 0.978473 0.0195886
vn -0.205441 0.978473 0.0195886
vn -0.205441 0.978473 0.0195886
vn -0.233353 0.972343 -0.00973293
vn -0.233353 0.972343 -0.00973293
vn -0.233353 0.972343 -0.00973293
vn -0.352477 0.935774 -0.00936688
vn -0.352477 0.935774 -0.00936688
vn -0.352477 0.935774 -0.00936688
vn -0.401836 0.913259 -0.0669817
vn -0.401836 0.913259 -0.0669817
vn -0.401836 0.913259 -0.0669817
vn -0.274899 0.958898 -0.0703291
vn -0.274899 0.958898 -0.0703291
vn -0.274899 0.958898 -0.0703291
vn -0.196111 0.980495 0.0130663
vn -0.196111 0.980495 0.0130663
vn -0.196111 0.980495 0.0130663
vn -0.376672 0.926265 0.0123436
vn -0.376672 0.926265 0.0123436
vn -0.376672 0.926265 0.0123436
vn -0.239304 0.957214 0.16271
vn -0.239304 0.957214 0.16271
vn -0.239304 0.957214 0.16271
vn -0.350821 0.9232 0.156928
vn -0.350821 0.9232 0.156928
vn -0.350821 0.9232 0.156928
vn -0.270207 0.931819 0.242282
vn -0.270207 0.931819 0.242282
vn -0.270207 0.931819 0.242282
vn -0.153002 0.956425 0.24868
vn -0.153002 0.956425 0.24868
vn -0.153002 0.956425 0.24868
vn -0.285486 0.95156 0.114154
vn -0.285486 0.95156 0.114154
vn -0.285486 0.95156 0.114154
vn -0.369152 0.922753 0.110698
vn -0.369152 0.922753 0.110698
vn -0.369152 0.922753 0.110698
vn -0.525045 0.846853 -0.0846646
vn -0.525045 0.846853 -0.0846646
vn -0.525045 0.846853 -0.0846646
vn -0.512581 0.85438 -0.0854171
vn -0.512581 0.85438 -0.0854171
vn -0.512581 0.85438 -0.0854171
vn -0.465857 0.884545 -0.0236111
vn -0.465857 0.884545 -0.0236111
vn -0.465857 0.884545 -0.0236111
vn -0.425261 0.904749 -0.0241504
vn -0.425261 0.904749 -0.0241504
vn -0.425261 0.904749 -0.0241504
vn -0.397587 0.917518 0.00918414
vn -0.397587 0.917518 0.00918414
vn -0.397587 0.917518 0.00918414
vn -0.520731 0.853678 0.00854512
vn -0.520731 0.853678 0.00854512
vn -0.520731 0.853678 0.00854512
vn -0.293055 0.915777 0.274722
vn -0.293055 0.915777 0.274722
vn -0.293055 0.915777 0.274722
vn -0.317884 0.908146 0.272433
vn -0.317884 0.908146 0.272433
vn -0.317884 0.908146 0.272433
vn -0.308896 0.908447 0.281616
vn -0.308896 0.908447 0.281616
vn -0.308896 0.908447 0.281616
vn -0.300586 0.910987 0.282404
vn -0.300586 0.910987 0.282404
vn -0.300586 0.910987 0.282404
vn -0.466076 0.879441 0.0967257
vn -0.466076 0.879441 0.0967257
vn -0.466076 0.879441 0.0967257
vn 1 0 0
vn 1 0 0
vn 1 0 0
vn -0.29534 0.952716 0.0714653
vn -0.29534 0.952716 0.0714653
vn -0.29534 0.952716 0.0714653
vn -0.442131 0.884262 0.150336
vn -0.442131 0.884262 0.150336
vn -0.442131 0.884262 0.150336
vn -0.538872 0.842008 0.0252849
vn -0.538872 0.842008 0.0252849
vn -0.538872 0.842008 0.0252849
vn -0.578744 0.815142 0.0244781
vn -0.578744 0.815142 0.0244781
vn -0.578744 0.815142 0.0244781
vn -0.624019 0.780006 -0.0467985
vn -0.624019 0.780006 -0.0467985
vn -0.624019 0.780006 -0.0467985
vn 0 1 0
vn 0 1 0
vn 0 1 0
vn -0.0797621 0.996814 3.04203e-05
vn -0.0797621 0.996814 3.04203e-05
vn -0.0797621 0.996814 3.04203e-05
vn -0.0399461 0.999202 3.04932e-05
vn -0.0399461 0.999202 3.04932e-05
vn -0.0399461 0.999202 3.04932e-05
vn -0.0993329 0.993268 -0.0595937
vn -0.0993329 0.993268 -0.0595937
vn -0.0993329 0.993268 -0.0595937
vn -0.046537 0.997123 -0.059825
vn -0.046537 0.997123 -0.059825
vn -0.046537 0.997123 -0.059825
vn -0.0299572 0.998614 -0.043265
vn -0.0299572 0.998614 -0.043265
vn -0.0299572 0.998614 -0.043265
vn -0.053179 0.997649 -0.0432232
vn -0.053179 0.997649 -0.0432232
vn -0.053179 0.997649 -0.0432232
vn -0.049916 0.997954 -0.0399571
vn -0.049916 0.997954 -0.0399571
vn -0.049916 0.997954 -0.0399571
vn -0.039975 0.998401 -0.039975
vn -0.039975 0.998401 -0.039975
vn -0.039975 0.998401 -0.039975
vn 0.00669297 0.999955 0.00669297
vn 0.00669297 0.999955 0.00669297
vn 0.00669297 0.999955 0.00669297
vn -0.0598885 0.998183 0.0066811
vn -0.0598885 0.998183 0.0066811
vn -0.0598885 0.998183 0.0066811
vn -0.0466112 0.998713 0.0199938
vn -0.0466112 0.998713 0.0199938
vn -0.0466112 0.998713 0.0199938
vn 0.0200115 0.999599 0.0200115
vn 0.0200115 0.999599 0.0200115
vn 0.0200115 0.999599 0.0200115
vn -0.0399143 0.998406 -0.0399143
vn -0.0399143 0.998406 -0.0399143
vn -0.0399143 0.998406 -0.0399143
vn -0.0994611 0.994247 -0.039748
vn -0.0994611 0.994247 -0.039748
vn -0.0994611 0.994247 -0.039748
vn -0.02003 0.999 0.0399685
vn -0.02003 0.999 0.0399685
vn -0.02003 0.999 0.0399685
vn -0.242325 0.969419 0.0387851
vn -0.242325 0.969419 0.0387851
vn -0.242325 0.969419 0.0387851
vn -0.0387851 0.969419 0.242325
vn -0.0387851 0.969419 0.242325
vn -0.0387851 0.969419 0.242325
vn -0.144 0.960038 0.23998
vn -0.144 0.960038 0.23998
vn -0.144 0.960038 0.23998
vn -0.409925 0.910981 -0.0455657
vn -0.409925 0.910981 -0.0455657
vn -0.409925 0.910981 -0.0455657
vn -0.269344 0.961842 -0.0481097
vn -0.269344 0.961842 -0.0481097
vn -0.269344 0.961842 -0.0481097
vn -0.344052 0.929884 -0.130169
vn -0.344052 0.929884 -0.130169
vn -0.344052 0.929884 -0.130169
vn -0.558576 0.821444 -0.114989
vn -0.558576 0.821444 -0.114989
vn -0.558576 0.821444 -0.114989
vn -0.525723 0.847947 -0.0678244
vn -0.525723 0.847947 -0.0678244
vn -0.525723 0.847947 -0.0678244
vn -0.446073 0.892147 -0.0713598
vn -0.446073 0.892147 -0.0713598
vn -0.446073 0.892147 -0.0713598
vn -0.567724 0.788504 -0.236541
vn -0.567724 0.788504 -0.236541
vn -0.567724 0.788504 -0.236541
vn -0.573021 0.784981 -0.235485
vn -0.573021 0.784981 -0.235485
vn -0.573021 0.784981 -0.235485
vn -0.22948 0.956206 0.181682
vn -0.22948 0.956206 0.181682
vn -0.22948 0.956206 0.181682
vn -0.325176 0.929033 0.176518
vn -0.325176 0.929033 0.176518
vn -0.325176 0.929033 0.176518
vn -0.384869 0.916393 0.11
vn -0.384869 0.916393 0.11
vn -0.384869 0.916393 0.11
vn -0.302775 0.946269 0.113586
vn -0.302775 0.946269 0.113586
vn -0.302775 0.946269 0.113586
vn -0.643535 0.68461 -0.342305
vn -0.643535 0.68461 -0.342305
vn -0.643535 0.68461 -0.342305
vn -0.562182 0.739704 -0.369852
vn -0.562182 0.739704 -0.369852
vn -0.562182 0.739704 -0.369852
vn -0.417903 0.889095 -0.186729
vn -0.417903 0.889095 -0.186729
vn -0.417903 0.889095 -0.186729
vn -0.734718 0.663888 -0.139431
vn -0.734718 0.663888 -0.139431
vn -0.734718 0.663888 -0.139431
vn -0.680807 0.732056 -0.0243959
vn -0.680807 0.732056 -0.0243959
vn -0.680807 0.732056 -0.0243959
vn -0.522604 0.852102 -0.0283965
vn -0.522604 0.852102 -0.0283965
vn -0.522604 0.852102 -0.0283965
vn -0.501729 0.865025 -2.63985e-05
vn -0.501729 0.865025 -2.63985e-05
vn -0.501729 0.865025 -2.63985e-05
vn -0.707118 0.707096 -2.15789e-05
vn -0.707118 0.707096 -2.15789e-05
vn -0.707118 0.707096 -2.15789e-05
vn -0.539073 0.80062 0.261547
vn -0.539073 0.80062 0.261547
vn -0.539073 0.80062 0.261547
vn -0.307501 0.904506 0.295485
vn -0.307501 0.904506 0.295485
vn -0.307501 0.904506 0.295485
vn -0.477024 0.87263 0.104711
vn -0.477024 0.87263 0.104711
vn -0.477024 0.87263 0.104711
vn -0.7081 0.701083 0.0841265
vn -0.7081 0.701083 0.0841265
vn -0.7081 0.701083 0.0841265
vn -0.114122 0.713113 0.691698
vn -0.114122 0.713113 0.691698
vn -0.114122 0.713113 0.691698
vn -0.197043 0.70373 0.682597
vn -0.197043 0.70373 0.682597
vn -0.197043 0.70373 0.682597
vn -0.821801 0.555273 -0.127727
vn -0.821801 0.555273 -0.127727
vn -0.821801 0.555273 -0.127727
vn 0.74031 0.655156 -0.150703
vn 0.74031 0.655156 -0.150703
vn 0.74031 0.655156 -0.150703
vn -0.173973 0.497123 -0.85006
vn -0.173973 0.497123 -0.85006
vn -0.173973 0.497123 -0.85006
vn -0.642288 0.386927 -0.66163
vn -0.642288 0.386927 -0.66163
vn -0.642288 0.386927 -0.66163
vn -0.0888049 0.986427 -0.138114
vn -0.0888049 0.986427 -0.138114
vn -0.0888049 0.986427 -0.138114
vn 1 0 -0
vn 1 0 -0
vn 1 0 -0
vn 0.0449953 0.749951 -0.659961
vn 0.0449953 0.749951 -0.659961
vn 0.0449953 0.749951 -0.659961
vn -0.692621 0.682386 -0.233721
vn -0.692621 0.682386 -0.233721
vn -0.692621 0.682386 -0.233721
vn -0.149666 0.935392 -0.320378
vn -0.149666 0.935392 -0.320378
vn -0.149666 0.935392 -0.320378
vn -0.285421 0.925656 -0.248387
vn -0.285421 0.925656 -0.248387
vn -0.285421 0.925656 -0.248387
vn 0.285421 -0.925656 0.248387
vn 0.285421 -0.925656 0.248387
vn 0.285421 -0.925656 0.248387
vn -0.304516 -0.323942 0.895729
vn -0.304516 -0.323942 0.895729
vn -0.304516 -0.323942 0.895729
vn 0.0578318 0.991212 -0.118971
vn 0.0578318 0.991212 -0.118971
vn 0.0578318 0.991212 -0.118971
vn 0.663564 0.742789 -0.0891537
vn 0.663564 0.742789 -0.0891537
vn 0.663564 0.742789 -0.0891537
vn 0.666613 0.740661 -0.0839483
vn 0.666613 0.740661 -0.0839483
vn 0.666613 0.740661 -0.0839483
vn -0.052931 0.992245 -0.112463
vn -0.052931 0.992245 -0.112463
vn -0.052931 0.992245 -0.112463
vn -0.0199518 0.996615 -0.0797463
vn -0.0199518 0.996615 -0.0797463
vn -0.0199518 0.996615 -0.0797463
vn -0.0199518 0.996615 -0.0797463
vn -0.0199518 0.996615 -0.0797463
vn -0.0199518 0.996615 -0.0797463
vn 0.0499534 0.998702 -0.00996629
vn 0.0499534 0.998702 -0.00996629
vn 0.0499534 0.998702 -0.00996629
vn -0.0299838 0.999501 -0.00997426
vn -0.0299838 0.999501 -0.00997426
vn -0.0299838 0.999501 -0.00997426
vn -0.0299838 0.999501 -0.00997426
vn -0.0299838 0.999501 -0.00997426
vn -0.0299838 0.999501 -0.00997426
vn -0.00997825 0.9999 -0.00997825
vn -0.00997825 0.9999 -0.00997825
vn -0.00997825 0.9999 -0.00997825
vn -0.0597827 0.99642 -0.0597827
vn -0.0597827 0.99642 -0.0597827
vn -0.0597827 0.99642 -0.0597827
vn -0.0399353 0.997409 -0.0598421
vn -0.0399353 0.997409 -0.0598421
vn -0.0399353 0.997409 -0.0598421
vn -0.0199996 0.999002 -0.0399381
vn -0.0199996 0.999002 -0.0399381
vn -0.0199996 0.999002 -0.0399381
vn -0.0465635 0.998118 -0.0399028
vn -0.0465635 0.998118 -0.0399028
vn -0.0465635 0.998118 -0.0399028
vn -0.0598052 0.996794 -0.0531534
vn -0.0598052 0.996794 -0.0531534
vn -0.0598052 0.996794 -0.0531534
vn -0.0232861 0.998311 -0.0532342
vn -0.0232861 0.998311 -0.0532342
vn -0.0232861 0.998311 -0.0532342
vn -0.0530653 0.995143 -0.0829184
vn -0.0530653 0.995143 -0.0829184
vn -0.0530653 0.995143 -0.0829184
vn -0.147834 0.985597 -0.082123
vn -0.147834 0.985597 -0.082123
vn -0.147834 0.985597 -0.082123
vn -0.150997 0.984844 -0.0853363
vn -0.150997 0.984844 -0.0853363
vn -0.150997 0.984844 -0.0853363
vn -0.232568 0.968949 -0.083959
vn -0.232568 0.968949 -0.083959
vn -0.232568 0.968949 -0.083959
vn -0.208285 0.976314 -0.0585467
vn -0.208285 0.976314 -0.0585467
vn -0.208285 0.976314 -0.0585467
vn -0.128663 0.98991 -0.059362
vn -0.128663 0.98991 -0.059362
vn -0.128663 0.98991 -0.059362
vn -0.0994954 0.99459 -0.0298668
vn -0.0994954 0.99459 -0.0298668
vn -0.0994954 0.99459 -0.0298668
vn -0.167506 0.985427 -0.0295917
vn -0.167506 0.985427 -0.0295917
vn -0.167506 0.985427 -0.0295917
vn -0.23224 0.967831 -0.096789
vn -0.23224 0.967831 -0.096789
vn -0.23224 0.967831 -0.096789
vn -0.213845 0.972019 -0.0972078
vn -0.213845 0.972019 -0.0972078
vn -0.213845 0.972019 -0.0972078
vn -0.151497 0.987908 -0.0329524
vn -0.151497 0.987908 -0.0329524
vn -0.151497 0.987908 -0.0329524
vn -0.214749 0.976126 -0.0325594
vn -0.214749 0.976126 -0.0325594
vn -0.214749 0.976126 -0.0325594
vn -0.154721 0.987515 0.0295941
vn -0.154721 0.987515 0.0295941
vn -0.154721 0.987515 0.0295941
vn -0.138601 0.989904 0.0296657
vn -0.138601 0.989904 0.0296657
vn -0.138601 0.989904 0.0296657
vn -0.167579 0.985859 0
vn -0.167579 0.985859 0
vn -0.167579 0.985859 0
vn -0.167608 0.985854 0
vn -0.167608 0.985854 0
vn -0.167608 0.985854 0
vn -0.223776 0.972891 -0.0583711
vn -0.223776 0.972891 -0.0583711
vn -0.223776 0.972891 -0.0583711
vn -0.254227 0.965409 -0.0579222
vn -0.254227 0.965409 -0.0579222
vn -0.254227 0.965409 -0.0579222
vn -0.186618 0.982345 0.0131307
vn -0.186618 0.982345 0.0131307
vn -0.186618 0.982345 0.0131307
vn -0.257637 0.966155 0.0129143
vn -0.257637 0.966155 0.0129143
vn -0.257637 0.966155 0.0129143
vn -0.189159 0.978279 0.0847874
vn -0.189159 0.978279 0.0847874
vn -0.189159 0.978279 0.0847874
vn -0.157389 0.983848 0.0852701
vn -0.157389 0.983848 0.0852701
vn -0.157389 0.983848 0.0852701
vn -0.342067 0.932983 -0.111953
vn -0.342067 0.932983 -0.111953
vn -0.342067 0.932983 -0.111953
vn -0.969876 0.241864 -0.0290225
vn -0.969876 0.241864 -0.0290225
vn -0.969876 0.241864 -0.0290225
vn -0.970372 0.233261 -0.0629849
vn -0.970372 0.233261 -0.0629849
vn -0.970372 0.233261 -0.0629849
vn 0.00966322 0.965379 -0.260671
vn 0.00966322 0.965379 -0.260671
vn 0.00966322 0.965379 -0.260671
vn 0.143888 0.980912 -0.130796
vn 0.143888 0.980912 -0.130796
vn 0.143888 0.980912 -0.130796
vn -0.0396566 0.990447 -0.132068
vn -0.0396566 0.990447 -0.132068
vn -0.0396566 0.990447 -0.132068
vn -0.141208 0.962646 -0.231026
vn -0.141208 0.962646 -0.231026
vn -0.141208 0.962646 -0.231026
vn -0.200065 0.95273 -0.228646
vn -0.200065 0.95273 -0.228646
vn -0.200065 0.95273 -0.228646
vn 0.109012 0.990873 0.0792868
vn 0.109012 0.990873 0.0792868
vn 0.109012 0.990873 0.0792868
vn -0.128486 0.988552 0.079101
vn -0.128486 0.988552 0.079101
vn -0.128486 0.988552 0.079101
vn 0.156956 0.923196 0.350819
vn 0.156956 0.923196 0.350819
vn 0.156956 0.923196 0.350819
vn 0.953129 0.282831 0.107477
vn 0.953129 0.282831 0.107477
vn 0.953129 0.282831 0.107477
vn 0.60207 0.427008 -0.674667
vn 0.60207 0.427008 -0.674667
vn 0.60207 0.427008 -0.674667
vn -0.214182 0.52239 -0.825369
vn -0.214182 0.52239 -0.825369
vn -0.214182 0.52239 -0.825369
vn 0.795611 0.598196 0.0957318
vn 0.795611 0.598196 0.0957318
vn 0.795611 0.598196 0.0957318
vn -0.672402 0.730886 0.116967
vn -0.672402 0.730886 0.116967
vn -0.672402 0.730886 0.116967
vn -0.676937 0.727895 0.109202
vn -0.676937 0.727895 0.109202
vn -0.676937 0.727895 0.109202
vn -0.39389 0.908985 0.13637
vn -0.39389 0.908985 0.13637
vn -0.39389 0.908985 0.13637
vn 0.39389 -0.908985 -0.13637
vn 0.39389 -0.908985 -0.13637
vn 0.39389 -0.908985 -0.13637
vn -0 0 1
vn -0 0 1
vn -0 0 1
vn -0.255928 0.947921 -0.189596
vn -0.255928 0.947921 -0.189596
vn -0.255928 0.947921 -0.189596
vn -0.403714 0.897117 -0.179434
vn -0.403714 0.897117 -0.179434
vn -0.403714 0.897117 -0.179434
vn -0.38973 0.906364 -0.163139
vn -0.38973 0.906364 -0.163139
vn -0.38973 0.906364 -0.163139
vn -0.23892 0.955682 -0.172016
vn -0.23892 0.955682 -0.172016
vn -0.23892 0.955682 -0.172016
vn -0.699353 0.203893 -0.685079
vn -0.699353 0.203893 -0.685079
vn -0.699353 0.203893 -0.685079
vn -0.0512762 0.28488 -0.957191
vn -0.0512762 0.28488 -0.957191
vn -0.0512762 0.28488 -0.957191
vn -0.0859178 0.274187 -0.957831
vn -0.0859178 0.274187 -0.957831
vn -0.0859178 0.274187 -0.957831
vn -0.173465 0.271033 -0.946811
vn -0.173465 0.271033 -0.946811
vn -0.173465 0.271033 -0.946811
vn 0.488405 0.43607 -0.755847
vn 0.488405 0.43607 -0.755847
vn 0.488405 0.43607 -0.755847
vn -0.233243 0.485943 -0.842293
vn -0.233243 0.485943 -0.842293
vn -0.233243 0.485943 -0.842293
vn 0 0.62368 -0.78168
vn 0 0.62368 -0.78168
vn 0 0.62368 -0.78168
vn -0.219062 0.608531 -0.762694
vn -0.219062 0.608531 -0.762694
vn -0.219062 0.608531 -0.762694
vn 0.718078 0.688266 0.103215
vn 0.718078 0.688266 0.103215
vn 0.718078 0.688266 0.103215
vn -0.50398 0.854164 0.128093
vn -0.50398 0.854164 0.128093
vn -0.50398 0.854164 0.128093
vn -0.475368 0.864324 0.164224
vn -0.475368 0.864324 0.164224
vn -0.475368 0.864324 0.164224
vn -1 0 0
vn -1 0 0
vn -1 0 0
vn -0.459688 0.867338 0.190816
vn -0.459688 0.867338 0.190816
vn -0.459688 0.867338 0.190816
vn -0.423883 0.88925 0.171927
vn -0.423883 0.88925 0.171927
vn -0.423883 0.88925 0.171927
vn -0.484034 0.869484 0.0985317
vn -0.484034 0.869484 0.0985317
vn -0.484034 0.869484 0.0985317
vn -0.444934 0.889868 0.100842
vn -0.444934 0.889868 0.100842
vn -0.444934 0.889868 0.100842
vn -0.41919 0.898288 0.131749
vn -0.41919 0.898288 0.131749
vn -0.41919 0.898288 0.131749
vn -0.231026 0.962649 0.141189
vn -0.231026 0.962649 0.141189
vn -0.231026 0.962649 0.141189
vn -0.487066 0.859553 -0.154713
vn -0.487066 0.859553 -0.154713
vn -0.487066 0.859553 -0.154713
vn -0.397384 0.90314 -0.162558
vn -0.397384 0.90314 -0.162558
vn -0.397384 0.90314 -0.162558
vn -0.411189 0.893846 -0.17878
vn -0.411189 0.893846 -0.17878
vn -0.411189 0.893846 -0.17878
vn -0.192461 0.962246 -0.192461
vn -0.192461 0.962246 -0.192461
vn -0.192461 0.962246 -0.192461
vn -0.227258 0.946947 -0.227258
vn -0.227258 0.946947 -0.227258
vn -0.227258 0.946947 -0.227258
vn -0.236218 0.944871 -0.22676
vn -0.236218 0.944871 -0.22676
vn -0.236218 0.944871 -0.22676
vn -0.118436 0.98701 -0.108557
vn -0.118436 0.98701 -0.108557
vn -0.118436 0.98701 -0.108557
vn -0.276964 0.955121 -0.105049
vn -0.276964 0.955121 -0.105049
vn -0.276964 0.955121 -0.105049
vn -0.19609 0.98039 -0.0196269
vn -0.19609 0.98039 -0.0196269
vn -0.19609 0.98039 -0.0196269
vn -0.287311 0.957645 -0.0191716
vn -0.287311 0.957645 -0.0191716
vn -0.287311 0.957645 -0.0191716
vn -0.214495 0.974972 0.0584959
vn -0.214495 0.974972 0.0584959
vn -0.214495 0.974972 0.0584959
vn -0.526253 0.848802 0.050926
vn -0.526253 0.848802 0.050926
vn -0.526253 0.848802 0.050926
vn -0.324352 0.900939 0.28828
vn -0.324352 0.900939 0.28828
vn -0.324352 0.900939 0.28828
vn -0.448364 0.851331 0.272406
vn -0.448364 0.851331 0.272406
vn -0.448364 0.851331 0.272406
vn -0.643168 0.765708 0.0051099
vn -0.643168 0.765708 0.0051099
vn -0.643168 0.765708 0.0051099
vn -0.397597 0.91754 0.00612314
vn -0.397597 0.91754 0.00612314
vn -0.397597 0.91754 0.00612314
vn -0.346259 0.935848 0.0655162
vn -0.346259 0.935848 0.0655162
vn -0.346259 0.935848 0.0655162
vn -0.304107 0.950312 0.0665288
vn -0.304107 0.950312 0.0665288
vn -0.304107 0.950312 0.0665288
vn 0.304107 -0.950312 -0.0665288
vn 0.304107 -0.950312 -0.0665288
vn 0.304107 -0.950312 -0.0665288
vn -0 0 -1
vn -0 0 -1
vn -0 0 -1
vn -0.271185 0.821729 -0.501218
vn -0.271185 0.821729 -0.501218
vn -0.271185 0.821729 -0.501218
vn -0.412216 0.777813 -0.474431
vn -0.412216 0.777813 -0.474431
vn -0.412216 0.777813 -0.474431
vn -0.594209 0.495169 -0.633816
vn -0.594209 0.495169 -0.633816
vn -0.594209 0.495169 -0.633816
vn -0.187465 0.60473 -0.774053
vn -0.187465 0.60473 -0.774053
vn -0.187465 0.60473 -0.774053
vn 0.115213 0.768116 -0.629861
vn 0.115213 0.768116 -0.629861
vn 0.115213 0.768116 -0.629861
vn -0.443537 0.693043 -0.568301
vn -0.443537 0.693043 -0.568301
vn -0.443537 0.693043 -0.568301
vn 0.0859752 0.991984 -0.092605
vn 0.0859752 0.991984 -0.092605
vn 0.0859752 0.991984 -0.092605
vn -0.623051 0.778795 -0.0727031
vn -0.623051 0.778795 -0.0727031
vn -0.623051 0.778795 -0.0727031
vn -0.523357 0.848684 0.0763784
vn -0.523357 0.848684 0.0763784
vn -0.523357 0.848684 0.0763784
vn -0.0598779 0.998006 -0.0199492
vn -0.0598779 0.998006 -0.0199492
vn -0.0598779 0.998006 -0.0199492
vn -0.0862733 0.995188 -0.0464573
vn -0.0862733 0.995188 -0.0464573
vn -0.0862733 0.995188 -0.0464573
vn -0.0994026 0.993965 -0.0464002
vn -0.0994026 0.993965 -0.0464002
vn -0.0994026 0.993965 -0.0464002
vn -0.0731326 0.997122 -0.0199619
vn -0.0731326 0.997122 -0.0199619
vn -0.0731326 0.997122 -0.0199619
vn -0.0299793 0.99935 -0.0200065
vn -0.0299793 0.99935 -0.0200065
vn -0.0299793 0.99935 -0.0200065
vn -0.0399282 0.998753 -0.0299614
vn -0.0399282 0.998753 -0.0299614
vn -0.0399282 0.998753 -0.0299614
vn -0.0499335 0.998303 -0.0299479
vn -0.0499335 0.998303 -0.0299479
vn -0.0499335 0.998303 -0.0299479
vn -0.0598422 0.997411 -0.0398745
vn -0.0598422 0.997411 -0.0398745
vn -0.0598422 0.997411 -0.0398745
vn 0.00668778 0.999179 -0.0399452
vn 0.00668778 0.999179 -0.0399452
vn 0.00668778 0.999179 -0.0399452
vn -0.0199712 0.997585 -0.0665297
vn -0.0199712 0.997585 -0.0665297
vn -0.0199712 0.997585 -0.0665297
vn -0.0465174 0.996703 -0.066471
vn -0.0465174 0.996703 -0.066471
vn -0.0465174 0.996703 -0.066471
vn 0.0449691 0.998676 0.024976
vn 0.0449691 0.998676 0.024976
vn 0.0449691 0.998676 0.024976
vn -0.0399337 0.99889 0.0249814
vn -0.0399337 0.99889 0.0249814
vn -0.0399337 0.99889 0.0249814
vn -0.0747832 0.99715 -0.00998124
vn -0.0747832 0.99715 -0.00998124
vn -0.0747832 0.99715 -0.00998124
vn -0.020045 0.999749 -0.0100073
vn -0.020045 0.999749 -0.0100073
vn -0.020045 0.999749 -0.0100073
vn -0.0300098 0.99935 -0.019976
vn -0.0300098 0.99935 -0.019976
vn -0.0300098 0.99935 -0.019976
vn -0.0399686 0.999001 -0.0199691
vn -0.0399686 0.999001 -0.0199691
vn -0.0399686 0.999001 -0.0199691
vn -0.099196 0.9919 -0.0793387
vn -0.099196 0.9919 -0.0793387
vn -0.099196 0.9919 -0.0793387
vn -0.409263 0.909511 -0.0727487
vn -0.409263 0.909511 -0.0727487
vn -0.409263 0.909511 -0.0727487
vn -0.371242 0.928119 -0.0278424
vn -0.371242 0.928119 -0.0278424
vn -0.371242 0.928119 -0.0278424
vn -0.346868 0.937492 -0.0281236
vn -0.346868 0.937492 -0.0281236
vn -0.346868 0.937492 -0.0281236
vn -0.442703 0.885406 -0.141668
vn -0.442703 0.885406 -0.141668
vn -0.442703 0.885406 -0.141668
vn -0.522131 0.842153 -0.134748
vn -0.522131 0.842153 -0.134748
vn -0.522131 0.842153 -0.134748
vn -0.237654 0.950617 0.199621
vn -0.237654 0.950617 0.199621
vn -0.237654 0.950617 0.199621
vn -0.576001 0.8 0.167993
vn -0.576001 0.8 0.167993
vn -0.576001 0.8 0.167993
vn -0.341823 0.833768 0.433576
vn -0.341823 0.833768 0.433576
vn -0.341823 0.833768 0.433576
vn -0.208253 0.867758 0.451251
vn -0.208253 0.867758 0.451251
vn -0.208253 0.867758 0.451251
vn -0.369514 0.879766 0.299117
vn -0.369514 0.879766 0.299117
vn -0.369514 0.879766 0.299117
vn -0.36949 0.879775 0.29912
vn -0.36949 0.879775 0.29912
vn -0.36949 0.879775 0.29912
vn -0.68544 0.713984 -0.142827
vn -0.68544 0.713984 -0.142827
vn -0.68544 0.713984 -0.142827
vn -0.677749 0.721008 -0.144232
vn -0.677749 0.721008 -0.144232
vn -0.677749 0.721008 -0.144232
vn -0.578745 0.815143 0.0244284
vn -0.578745 0.815143 0.0244284
vn -0.578745 0.815143 0.0244284
vn -0.425228 0.90468 0.0271117
vn -0.425228 0.90468 0.0271117
vn -0.425228 0.90468 0.0271117
vn -0.335806 0.932832 0.13061
vn -0.335806 0.932832 0.13061
vn -0.335806 0.932832 0.13061
vn -0.677458 0.728455 0.101994
vn -0.677458 0.728455 0.101994
vn -0.677458 0.728455 0.101994
vn -0.663699 0.737423 0.125349
vn -0.663699 0.737423 0.125349
vn -0.663699 0.737423 0.125349
vn -0.496392 0.855823 0.145475
vn -0.496392 0.855823 0.145475
vn -0.496392 0.855823 0.145475
vn -0.55538 0.828947 0.0663299
vn -0.55538 0.828947 0.0663299
vn -0.55538 0.828947 0.0663299
vn -0.557289 0.827673 0.066228
vn -0.557289 0.827673 0.066228
vn -0.557289 0.827673 0.066228
vn -0.672015 0.730464 -0.121729
vn -0.672015 0.730464 -0.121729
vn -0.672015 0.730464 -0.121729
vn -0.474614 0.868221 -0.144686
vn -0.474614 0.868221 -0.144686
vn -0.474614 0.868221 -0.144686
vn -0.338673 0.940716 0.018804
vn -0.338673 0.940716 0.018804
vn -0.338673 0.940716 0.018804
vn -0.157993 0.987243 0.019734
vn -0.157993 0.987243 0.019734
vn -0.157993 0.987243 0.019734
vn -0.232996 0.970732 -0.0582416
vn -0.232996 0.970732 -0.0582416
vn -0.232996 0.970732 -0.0582416
vn -0.828121 0.559543 -0.0335712
vn -0.828121 0.559543 -0.0335712
vn -0.828121 0.559543 -0.0335712
vn -0.865776 0.432888 -0.251076
vn -0.865776 0.432888 -0.251076
vn -0.865776 0.432888 -0.251076
vn -0.289741 0.827925 -0.480198
vn -0.289741 0.827925 -0.480198
vn -0.289741 0.827925 -0.480198
vn 0.289741 -0.827925 0.480198
vn 0.289741 -0.827925 0.480198
vn 0.289741 -0.827925 0.480198
vn -0 0 1
vn -0 0 1
vn -0 0 1
vn -0.214856 0.976646 0
vn -0.214856 0.976646 0
vn -0.214856 0.976646 0
vn 0.0598899 0.998205 -0
vn 0.0598899 0.998205 -0
vn 0.0598899 0.998205 -0
vn 0.00999678 0.998703 -0.049923
vn 0.00999678 0.998703 -0.049923
vn 0.00999678 0.998703 -0.049923
vn -0.157802 0.986239 -0.0492999
vn -0.157802 0.986239 -0.0492999
vn -0.157802 0.986239 -0.0492999
vn -0.019935 0.995777 0.0896163
vn -0.019935 0.995777 0.0896163
vn -0.019935 0.995777 0.0896163
vn 0.714376 -0.696946 -0.0627226
vn 0.714376 -0.696946 -0.0627226
vn 0.714376 -0.696946 -0.0627226
vn -0.714376 0.696946 0.0627226
vn -0.714376 0.696946 0.0627226
vn -0.714376 0.696946 0.0627226
vn 0.314944 0.807551 -0.498669
vn 0.314944 0.807551 -0.498669
vn 0.314944 0.807551 -0.498669
vn 0.293932 0.753672 -0.587863
vn 0.293932 0.753672 -0.587863
vn 0.293932 0.753672 -0.587863
vn 0.578744 0.643031 -0.501564
vn 0.578744 0.643031 -0.501564
vn 0.578744 0.643031 -0.501564
vn 0.859296 0.511479 0
vn 0.859296 0.511479 0
vn 0.859296 0.511479 0
vn -0.0200155 0.9998 0
vn -0.0200155 0.9998 0
vn -0.0200155 0.9998 0
vn 0.0199791 0.999001 0.0399787
vn 0.0199791 0.999001 0.0399787
vn 0.0199791 0.999001 0.0399787
vn 0.049916 0.997955 0.0399368
vn 0.049916 0.997955 0.0399368
vn 0.049916 0.997955 0.0399368
vn -0.0498461 0.996964 -0.0598154
vn -0.0498461 0.996964 -0.0598154
vn -0.0498461 0.996964 -0.0598154
vn -0.0299315 0.997758 -0.059863
vn -0.0299315 0.997758 -0.059863
vn -0.0299315 0.997758 -0.059863
vn 0.0100073 0.99975 -0.019984
vn 0.0100073 0.99975 -0.019984
vn 0.0100073 0.99975 -0.019984
vn -0.0598779 0.998006 -0.0199492
vn -0.0598779 0.998006 -0.0199492
vn -0.0598779 0.998006 -0.0199492
vn -0.0797289 0.996019 -0.0398796
vn -0.0797289 0.996019 -0.0398796
vn -0.0797289 0.996019 -0.0398796
vn -0.0199995 0.999 -0.039999
vn -0.0199995 0.999 -0.039999
vn -0.0199995 0.999 -0.039999
vn -0.0987781 0.988022 -0.118558
vn -0.0987781 0.988022 -0.118558
vn -0.0987781 0.988022 -0.118558
vn -0.0594648 0.99112 -0.11893
vn -0.0594648 0.99112 -0.11893
vn -0.0594648 0.99112 -0.11893
vn -0.126691 0.974508 -0.185159
vn -0.126691 0.974508 -0.185159
vn -0.126691 0.974508 -0.185159
vn -0.0523154 0.981079 -0.186407
vn -0.0523154 0.981079 -0.186407
vn -0.0523154 0.981079 -0.186407
vn -0.177734 0.935429 -0.305586
vn -0.177734 0.935429 -0.305586
vn -0.177734 0.935429 -0.305586
vn -0.144217 0.940626 -0.307284
vn -0.144217 0.940626 -0.307284
vn -0.144217 0.940626 -0.307284
vn 0.144217 -0.940626 0.307284
vn 0.144217 -0.940626 0.307284
vn 0.144217 -0.940626 0.307284
vn -0 0 -1
vn -0 0 -1
vn -0 0 -1
vn -0.180289 0.983418 0.0196275
vn -0.180289 0.983418 0.0196275
vn -0.180289 0.983418 0.0196275
vn -0.0995202 0.994837 0.0198555
vn -0.0995202 0.994837 0.0198555
vn -0.0995202 0.994837 0.0198555
vn -0.186195 0.980116 -0.0685854
vn -0.186195 0.980116 -0.0685854
vn -0.186195 0.980116 -0.0685854
vn -0.232798 0.970153 -0.0678882
vn -0.232798 0.970153 -0.0678882
vn -0.232798 0.970153 -0.0678882
vn -0.205352 0.977906 -0.0391246
vn -0.205352 0.977906 -0.0391246
vn -0.205352 0.977906 -0.0391246
vn -0.15146 0.987673 -0.0395154
vn -0.15146 0.987673 -0.0395154
vn -0.15146 0.987673 -0.0395154
vn -0.195423 0.977056 -0.0846814
vn -0.195423 0.977056 -0.0846814
vn -0.195423 0.977056 -0.0846814
vn -0.154225 0.984346 -0.0853132
vn -0.154225 0.984346 -0.0853132
vn -0.154225 0.984346 -0.0853132
vn -0.176117 0.978469 -0.107617
vn -0.176117 0.978469 -0.107617
vn -0.176117 0.978469 -0.107617
vn -0.166603 0.980114 -0.107798
vn -0.166603 0.980114 -0.107798
vn -0.166603 0.980114 -0.107798
vn -0.0895941 0.995531 -0.0298647
vn -0.0895941 0.995531 -0.0298647
vn -0.0895941 0.995531 -0.0298647
vn -0.224062 0.974137 -0.0292229
vn -0.224062 0.974137 -0.0292229
vn -0.224062 0.974137 -0.0292229
vn -0.357795 0.917388 -0.174306
vn -0.357795 0.917388 -0.174306
vn -0.357795 0.917388 -0.174306
vn -0.183465 0.965749 -0.183495
vn -0.183465 0.965749 -0.183495
vn -0.183465 0.965749 -0.183495
vn -0.0990204 0.990143 -0.0990506
vn -0.0990204 0.990143 -0.0990506
vn -0.0990204 0.990143 -0.0990506
vn -0.188934 0.977113 -0.0977471
vn -0.188934 0.977113 -0.0977471
vn -0.188934 0.977113 -0.0977471
vn -0.138485 0.989288 -0.0461616
vn -0.138485 0.989288 -0.0461616
vn -0.138485 0.989288 -0.0461616
vn -0.343901 0.937985 -0.0437677
vn -0.343901 0.937985 -0.0437677
vn -0.343901 0.937985 -0.0437677
vn -0.293152 0.955981 0.0127394
vn -0.293152 0.955981 0.0127394
vn -0.293152 0.955981 0.0127394
vn -0.972298 0.233724 0.0031146
vn -0.972298 0.233724 0.0031146
vn -0.972298 0.233724 0.0031146
vn -0.964825 0.250386 0.0801253
vn -0.964825 0.250386 0.0801253
vn -0.964825 0.250386 0.0801253
vn 0.138365 0.943261 0.30185
vn 0.138365 0.943261 0.30185
vn 0.138365 0.943261 0.30185
vn 0.114388 0.953275 0.27961
vn 0.114388 0.953275 0.27961
vn 0.114388 0.953275 0.27961
vn -0.139384 0.950207 0.27871
vn -0.139384 0.950207 0.27871
vn -0.139384 0.950207 0.27871
vn 0.047785 0.895777 0.441929
vn 0.047785 0.895777 0.441929
vn 0.047785 0.895777 0.441929
vn 0.0981856 0.892468 0.440296
vn 0.0981856 0.892468 0.440296
vn 0.0981856 0.892468 0.440296
vn 0.526027 0.472484 0.707145
vn 0.526027 0.472484 0.707145
vn 0.526027 0.472484 0.707145
vn 0.0940338 0.553096 0.827793
vn 0.0940338 0.553096 0.827793
vn 0.0940338 0.553096 0.827793
vn -0.0586741 0.628722 0.775414
vn -0.0586741 0.628722 0.775414
vn -0.0586741 0.628722 0.775414
vn 0.663997 0.470929 0.580805
vn 0.663997 0.470929 0.580805
vn 0.663997 0.470929 0.580805
vn 0.338898 0.924287 0.175617
vn 0.338898 0.924287 0.175617
vn 0.338898 0.924287 0.175617
vn 0.794122 0.597076 0.113446
vn 0.794122 0.597076 0.113446
vn 0.794122 0.597076 0.113446
vn 0.579162 0.762046 -0.289581
vn 0.579162 0.762046 -0.289581
vn 0.579162 0.762046 -0.289581
vn -0.656082 0.70547 -0.268082
vn -0.656082 0.70547 -0.268082
vn -0.656082 0.70547 -0.268082
vn -0.50156 0.864733 -0.0259673
vn -0.50156 0.864733 -0.0259673
vn -0.50156 0.864733 -0.0259673
vn -1 0 0
vn -1 0 0
vn -1 0 0
vn -0.583609 0.810578 0.0486327
vn -0.583609 0.810578 0.0486327
vn -0.583609 0.810578 0.0486327
vn -0.278471 0.949349 -0.145567
vn -0.278471 0.949349 -0.145567
vn -0.278471 0.949349 -0.145567
vn -0.214191 0.973682 -0.0778815
vn -0.214191 0.973682 -0.0778815
vn -0.214191 0.973682 -0.0778815
vn -0.39396 0.916201 -0.0732838
vn -0.39396 0.916201 -0.0732838
vn -0.39396 0.916201 -0.0732838
vn -0.725993 0.171426 -0.665993
vn -0.725993 0.171426 -0.665993
vn -0.725993 0.171426 -0.665993
vn -0.649856 0.189463 -0.736065
vn -0.649856 0.189463 -0.736065
vn -0.649856 0.189463 -0.736065
vn 0.117875 0.943003 -0.311207
vn 0.117875 0.943003 -0.311207
vn 0.117875 0.943003 -0.311207
vn -0.285209 0.910181 -0.300375
vn -0.285209 0.910181 -0.300375
vn -0.285209 0.910181 -0.300375
vn -0.484998 0.719569 -0.496988
vn -0.484998 0.719569 -0.496988
vn -0.484998 0.719569 -0.496988
vn 0.677682 0.605065 -0.417903
vn 0.677682 0.605065 -0.417903
vn 0.677682 0.605065 -0.417903
vn -0.0677111 0.453423 -0.88872
vn -0.0677111 0.453423 -0.88872
vn -0.0677111 0.453423 -0.88872
vn 0 0.454466 -0.890764
vn 0 0.454466 -0.890764
vn 0 0.454466 -0.890764
vn -0.0919666 0.414911 -0.905202
vn -0.0919666 0.414911 -0.905202
vn -0.0919666 0.414911 -0.905202
vn 0.398682 0.38213 -0.833684
vn 0.398682 0.38213 -0.833684
vn 0.398682 0.38213 -0.833684
vn 0.139655 0.332514 -0.932701
vn 0.139655 0.332514 -0.932701
vn 0.139655 0.332514 -0.932701
vn -0.181617 0.330221 -0.926266
vn -0.181617 0.330221 -0.926266
vn -0.181617 0.330221 -0.926266
vn 0.333745 0.501865 -0.797964
vn 0.333745 0.501865 -0.797964
vn 0.333745 0.501865 -0.797964
vn -0.271563 0.512384 -0.814688
vn -0.271563 0.512384 -0.814688
vn -0.271563 0.512384 -0.814688
vn 0.753291 0.65504 0.0589512
vn 0.753291 0.65504 0.0589512
vn 0.753291 0.65504 0.0589512
vn -0.484904 0.871047 0.078391
vn -0.484904 0.871047 0.078391
vn -0.484904 0.871047 0.078391
vn -0.583274 0.810101 -0.0593914
vn -0.583274 0.810101 -0.0593914
vn -0.583274 0.810101 -0.0593914
vn -0.421946 0.904194 -0.0662897
vn -0.421946 0.904194 -0.0662897
vn -0.421946 0.904194 -0.0662897
vn -0.355169 0.934719 0.0124941
vn -0.355169 0.934719 0.0124941
vn -0.355169 0.934719 0.0124941
vn -0.492968 0.86997 0.0116286
vn -0.492968 0.86997 0.0116286
vn -0.492968 0.86997 0.0116286
vn -0.249739 0.924892 0.286714
vn -0.249739 0.924892 0.286714
vn -0.249739 0.924892 0.286714
vn -0.402273 0.874466 0.271082
vn -0.402273 0.874466 0.271082
vn -0.402273 0.874466 0.271082
vn -0.434715 0.86943 0.234763
vn -0.434715 0.86943 0.234763
vn -0.434715 0.86943 0.234763
vn -0.225713 0.94051 0.253956
vn -0.225713 0.94051 0.253956
vn -0.225713 0.94051 0.253956
vn -0.454333 0.890832 0
vn -0.454333 0.890832 0
vn -0.454333 0.890832 0
vn -0.11914 0.992877 0
vn -0.11914 0.992877 0
vn -0.11914 0.992877 0
vn -0.0730681 0.996243 0.0464762
vn -0.0730681 0.996243 0.0464762
vn -0.0730681 0.996243 0.0464762
vn -0.195923 0.979554 0.0456976
vn -0.195923 0.979554 0.0456976
vn -0.195923 0.979554 0.0456976
vn -0.214762 0.976319 0.0260608
vn -0.214762 0.976319 0.0260608
vn -0.214762 0.976319 0.0260608
vn -0.21479 0.976312 0.0260607
vn -0.21479 0.976312 0.0260607
vn -0.21479 0.976312 0.0260607
vn -0.124813 0.985113 0.118209
vn -0.124813 0.985113 0.118209
vn -0.124813 0.985113 0.118209
vn -0.336594 0.934943 0.112189
vn -0.336594 0.934943 0.112189
vn -0.336594 0.934943 0.112189
vn -0.347993 0.932205 0.0994756
vn -0.347993 0.932205 0.0994756
vn -0.347993 0.932205 0.0994756
vn -0.64104 0.763174 0.0814384
vn -0.64104 0.763174 0.0814384
vn -0.64104 0.763174 0.0814384
vn -0.694961 0.718904 -0.0143921
vn -0.694961 0.718904 -0.0143921
vn -0.694961 0.718904 -0.0143921
vn -0.346944 0.937698 -0.0187723
vn -0.346944 0.937698 -0.0187723
vn -0.346944 0.937698 -0.0187723
vn -0.321859 0.94674 0.00947665
vn -0.321859 0.94674 0.00947665
vn -0.321859 0.94674 0.00947665
vn -1 0 0
vn -1 0 0
vn -1 0 0
vn -0.969518 0.244826 0.00979514
vn -0.969518 0.244826 0.00979514
vn -0.969518 0.244826 0.00979514
vn 0.184213 0.412409 -0.89218
vn 0.184213 0.412409 -0.89218
vn 0.184213 0.412409 -0.89218
vn -0.549803 0.106758 -0.828444
vn -0.549803 0.106758 -0.828444
vn -0.549803 0.106758 -0.828444
vn -0.1516 0.126332 -0.980336
vn -0.1516 0.126332 -0.980336
vn -0.1516 0.126332 -0.980336
vn 0.913753 0.193729 -0.357106
vn 0.913753 0.193729 -0.357106
vn 0.913753 0.193729 -0.357106
vn 0.0713418 0.475631 -0.876747
vn 0.0713418 0.475631 -0.876747
vn 0.0713418 0.475631 -0.876747
vn 0.912028 0.351686 0.211003
vn 0.912028 0.351686 0.211003
vn 0.912028 0.351686 0.211003
vn 0.0741152 0.855144 0.513065
vn 0.0741152 0.855144 0.513065
vn 0.0741152 0.855144 0.513065
vn -0.281493 0.938443 0.200215
vn -0.281493 0.938443 0.200215
vn -0.281493 0.938443 0.200215
vn -0.516444 0.837473 0.178674
vn -0.516444 0.837473 0.178674
vn -0.516444 0.837473 0.178674
vn -0.668059 0.742293 -0.0519433
vn -0.668059 0.742293 -0.0519433
vn -0.668059 0.742293 -0.0519433
vn 0 1 0
vn 0 1 0
vn 0 1 0
vn -0.0862735 0.995189 0.046427
vn -0.0862735 0.995189 0.046427
vn -0.0862735 0.995189 0.046427
vn -0.0730681 0.996243 0.0464762
vn -0.0730681 0.996243 0.0464762
vn -0.0730681 0.996243 0.0464762
vn -0.039819 0.996023 0.0796989
vn -0.039819 0.996023 0.0796989
vn -0.039819 0.996023 0.0796989
vn -0.039819 0.996023 0.0796989
vn -0.039819 0.996023 0.0796989
vn -0.039819 0.996023 0.0796989
vn -0.11914 0.992877 0
vn -0.11914 0.992877 0
vn -0.11914 0.992877 0
vn -0.0598899 0.998205 0
vn -0.0598899 0.998205 0
vn -0.0598899 0.998205 0
vn -0.0598899 0.998205 0
vn -0.0598899 0.998205 0
vn -0.0598899 0.998205 0
vn -0.0200155 0.9998 0
vn -0.0200155 0.9998 0
vn -0.0200155 0.9998 0
vn -0.0200155 0.9998 0
vn -0.0200155 0.9998 0
vn -0.0200155 0.9998 0
vn 0.0449831 0.998988 -0
vn 0.0449831 0.998988 -0
vn 0.0449831 0.998988 -0
vn -0.029871 0.996755 -0.0747536
vn -0.029871 0.996755 -0.0747536
vn -0.029871 0.996755 -0.0747536
vn -0.0745787 0.994423 -0.0745787
vn -0.0745787 0.994423 -0.0745787
vn -0.0745787 0.994423 -0.0745787
vn -0.0300023 0.999099 -0.0300023
vn -0.0300023 0.999099 -0.0300023
vn -0.0300023 0.999099 -0.0300023
vn -0.0300023 0.999099 -0.0300023
vn -0.0300023 0.999099 -0.0300023
vn -0.0300023 0.999099 -0.0300023
vn -0.0696366 0.995139 -0.0696366
vn -0.0696366 0.995139 -0.0696366
vn -0.0696366 0.995139 -0.0696366
vn -0.0992694 0.992633 -0.0694613
vn -0.0992694 0.992633 -0.0694613
vn -0.0992694 0.992633 -0.0694613
vn -0.137847 0.984517 -0.108282
vn -0.137847 0.984517 -0.108282
vn -0.137847 0.984517 -0.108282
vn -0.369464 0.923675 -0.101591
vn -0.369464 0.923675 -0.101591
vn -0.369464 0.923675 -0.101591
vn -0.346057 0.935224 -0.0748339
vn -0.346057 0.935224 -0.0748339
vn -0.346057 0.935224 -0.0748339
vn -0.446073 0.892145 -0.0713869
vn -0.446073 0.892145 -0.0713869
vn -0.446073 0.892145 -0.0713869
vn -0.153002 0.956425 0.24868
vn -0.153002 0.956425 0.24868
vn -0.153002 0.956425 0.24868
vn -0.235169 0.940677 0.244585
vn -0.235169 0.940677 0.244585
vn -0.235169 0.940677 0.244585
vn -0.546583 0.828139 -0.124224
vn -0.546583 0.828139 -0.124224
vn -0.546583 0.828139 -0.124224
vn -0.37573 0.916476 -0.137475
vn -0.37573 0.916476 -0.137475
vn -0.37573 0.916476 -0.137475
vn -0.320971 0.944071 -0.0755418
vn -0.320971 0.944071 -0.0755418
vn -0.320971 0.944071 -0.0755418
vn -0.386193 0.919479 -0.073574
vn -0.386193 0.919479 -0.073574
vn -0.386193 0.919479 -0.073574
vn -0.401064 0.911503 -0.0911559
vn -0.401064 0.911503 -0.0911559
vn -0.401064 0.911503 -0.0911559
vn -0.690745 0.71951 -0.0719553
vn -0.690745 0.71951 -0.0719553
vn -0.690745 0.71951 -0.0719553
vn -0.487607 0.840722 0.235427
vn -0.487607 0.840722 0.235427
vn -0.487607 0.840722 0.235427
vn -0.564392 0.794928 0.222603
vn -0.564392 0.794928 0.222603
vn -0.564392 0.794928 0.222603
vn -0.62869 0.766659 0.130319
vn -0.62869 0.766659 0.130319
vn -0.62869 0.766659 0.130319
vn -0.334457 0.929084 0.157928
vn -0.334457 0.929084 0.157928
vn -0.334457 0.929084 0.157928
vn -0.554597 0.823701 -0.118062
vn -0.554597 0.823701 -0.118062
vn -0.554597 0.823701 -0.118062
vn -0.665211 0.739102 -0.105936
vn -0.665211 0.739102 -0.105936
vn -0.665211 0.739102 -0.105936
vn -0.456617 0.867018 0.19945
vn -0.456617 0.867018 0.19945
vn -0.456617 0.867018 0.19945
vn -0.546712 0.816008 0.187716
vn -0.546712 0.816008 0.187716
vn -0.546712 0.816008 0.187716
vn -0.468422 0.836471 0.284423
vn -0.468422 0.836471 0.284423
vn -0.468422 0.836471 0.284423
vn -0.656798 0.713924 0.242753
vn -0.656798 0.713924 0.242753
vn -0.656798 0.713924 0.242753
vn -0.676872 0.705059 0.211509
vn -0.676872 0.705059 0.211509
vn -0.676872 0.705059 0.211509
vn -0.325996 0.905504 0.27164
vn -0.325996 0.905504 0.27164
vn -0.325996 0.905504 0.27164
vn -0.59685 0.799357 -0.069272
vn -0.59685 0.799357 -0.069272
vn -0.59685 0.799357 -0.069272
vn -0.232568 0.968949 -0.0839687
vn -0.232568 0.968949 -0.0839687
vn -0.232568 0.968949 -0.0839687
vn -0.624662 0.566154 -0.537836
vn -0.624662 0.566154 -0.537836
vn -0.624662 0.566154 -0.537836
vn -0.823215 0.411608 -0.39102
vn -0.823215 0.411608 -0.39102
vn -0.823215 0.411608 -0.39102
vn -0.702913 0.709999 0.0425982
vn -0.702913 0.709999 0.0425982
vn -0.702913 0.709999 0.0425982
vn 1 0 0
vn 1 0 0
vn 1 0 0
vn -0.0386627 0.967098 -0.251448
vn -0.0386627 0.967098 -0.251448
vn -0.0386627 0.967098 -0.251448
vn -0.103467 0.970028 -0.219866
vn -0.103467 0.970028 -0.219866
vn -0.103467 0.970028 -0.219866
vn 0.0597827 0.99642 -0.0597827
vn 0.0597827 0.99642 -0.0597827
vn 0.0597827 0.99642 -0.0597827
vn 0.0099913 0.998155 -0.0598869
vn 0.0099913 0.998155 -0.0598869
vn 0.0099913 0.998155 -0.0598869
vn 0.0797582 0.996764 0.00997738
vn 0.0797582 0.996764 0.00997738
vn 0.0797582 0.996764 0.00997738
vn -0.0200145 0.99975 0.0100073
vn -0.0200145 0.99975 0.0100073
vn -0.0200145 0.99975 0.0100073
vn -0.0399746 0.999151 -0.00997077
vn -0.0399746 0.999151 -0.00997077
vn -0.0399746 0.999151 -0.00997077
vn -1 0 0
vn -1 0 0
vn -1 0 0
vn -0.233216 0.971648 0.0388742
vn -0.233216 0.971648 0.0388742
vn -0.233216 0.971648 0.0388742
vn 0.0529593 0.992963 -0.105919
vn 0.0529593 0.992963 -0.105919
vn 0.0529593 0.992963 -0.105919
vn 0.0397226 0.992097 -0.119017
vn 0.0397226 0.992097 -0.119017
vn 0.0397226 0.992097 -0.119017
vn 0.857683 0.510518 -0.0612441
vn 0.857683 0.510518 -0.0612441
vn 0.857683 0.510518 -0.0612441
vn 0.537302 0.617593 -0.574357
vn 0.537302 0.617593 -0.574357
vn 0.537302 0.617593 -0.574357
vn 0.0146433 0.732196 -0.680937
vn 0.0146433 0.732196 -0.680937
vn 0.0146433 0.732196 -0.680937
vn 0.703257 0.710368 0.0284136
vn 0.703257 0.710368 0.0284136
vn 0.703257 0.710368 0.0284136
vn -0.0498957 0.997956 0.0399167
vn -0.0498957 0.997956 0.0399167
vn -0.0498957 0.997956 0.0399167
vn -0.0398963 0.997956 0.0499161
vn -0.0398963 0.997956 0.0499161
vn -0.0398963 0.997956 0.0499161
vn 0.00999677 0.998702 0.0499534
vn 0.00999677 0.998702 0.0499534
vn 0.00999677 0.998702 0.0499534
vn -3.04932e-05 0.999202 0.0399461
vn -3.04932e-05 0.999202 0.0399461
vn -3.04932e-05 0.999202 0.0399461
vn -0.0797291 0.996021 0.0398189
vn -0.0797291 0.996021 0.0398189
vn -0.0797291 0.996021 0.0398189
vn -0.112609 0.993617 0.00665074
vn -0.112609 0.993617 0.00665074
vn -0.112609 0.993617 0.00665074
vn -0.0994775 0.995018 0.00666011
vn -0.0994775 0.995018 0.00666011
vn -0.0994775 0.995018 0.00666011
vn -0.0863089 0.996069 0.0199408
vn -0.0863089 0.996069 0.0199408
vn -0.0863089 0.996069 0.0199408
vn -0.128895 0.99146 0.0198486
vn -0.128895 0.99146 0.0198486
vn -0.128895 0.99146 0.0198486
vn -0.0497085 0.993806 0.0993867
vn -0.0497085 0.993806 0.0993867
vn -0.0497085 0.993806 0.0993867
vn -0.185769 0.977717 0.0977776
vn -0.185769 0.977717 0.0977776
vn -0.185769 0.977717 0.0977776
vn -0.223776 0.972891 0.0583711
vn -0.223776 0.972891 0.0583711
vn -0.223776 0.972891 0.0583711
vn 1 0 0
vn 1 0 0
vn 1 0 0
vn -0.17564 0.975818 -0.130117
vn -0.17564 0.975818 -0.130117
vn -0.17564 0.975818 -0.130117
vn -0.0806457 0.980596 -0.178681
vn -0.0806457 0.980596 -0.178681
vn -0.0806457 0.980596 -0.178681
vn -0.205074 0.932191 -0.29827
vn -0.205074 0.932191 -0.29827
vn -0.205074 0.932191 -0.29827
vn -0.178045 0.937216 -0.299878
vn -0.178045 0.937216 -0.299878
vn -0.178045 0.937216 -0.299878
vn -0.133937 0.956733 -0.258307
vn -0.133937 0.956733 -0.258307
vn -0.133937 0.956733 -0.258307
vn -0.19869 0.946183 -0.255459
vn -0.19869 0.946183 -0.255459
vn -0.19869 0.946183 -0.255459
vn -0.117282 0.977392 -0.175923
vn -0.117282 0.977392 -0.175923
vn -0.117282 0.977392 -0.175923
vn -0.193142 0.965653 -0.17381
vn -0.193142 0.965653 -0.17381
vn -0.193142 0.965653 -0.17381
vn -0.12816 0.985809 -0.108425
vn -0.12816 0.985809 -0.108425
vn -0.12816 0.985809 -0.108425
vn -0.176117 0.978469 -0.107617
vn -0.176117 0.978469 -0.107617
vn -0.176117 0.978469 -0.107617
vn -0.128692 0.989904 -0.0593918
vn -0.128692 0.989904 -0.0593918
vn -0.128692 0.989904 -0.0593918
vn -0.0894745 0.994201 -0.0596497
vn -0.0894745 0.994201 -0.0596497
vn -0.0894745 0.994201 -0.0596497
vn 0.0894745 -0.994201 0.0596497
vn 0.0894745 -0.994201 0.0596497
vn 0.0894745 -0.994201 0.0596497
vn -0 0 -1
vn -0 0 -1
vn -0 0 -1
vn -0.221582 0.923239 -0.313898
vn -0.221582 0.923239 -0.313898
vn -0.221582 0.923239 -0.313898
vn -0.0942616 0.942558 -0.320466
vn -0.0942616 0.942558 -0.320466
vn -0.0942616 0.942558 -0.320466
vn -0.0384692 0.962259 -0.269402
vn -0.0384692 0.962259 -0.269402
vn -0.0384692 0.962259 -0.269402
vn -0.133592 0.95434 -0.267185
vn -0.133592 0.95434 -0.267185
vn -0.133592 0.95434 -0.267185
vn -0.597907 0.452958 -0.661314
vn -0.597907 0.452958 -0.661314
vn -0.597907 0.452958 -0.661314
vn -0.170741 0.556793 -0.812914
vn -0.170741 0.556793 -0.812914
vn -0.170741 0.556793 -0.812914
vn 0.812914 0.556793 0.170741
vn 0.812914 0.556793 0.170741
vn 0.812914 0.556793 0.170741
vn -0.965078 0.250452 0.0768012
vn -0.965078 0.250452 0.0768012
vn -0.965078 0.250452 0.0768012
vn -0.672689 0.321861 0.666255
vn -0.672689 0.321861 0.666255
vn -0.672689 0.321861 0.666255
vn 0.0521258 0.4344 0.899211
vn 0.0521258 0.4344 0.899211
vn 0.0521258 0.4344 0.899211
vn 0.196334 0.365843 0.909732
vn 0.196334 0.365843 0.909732
vn 0.196334 0.365843 0.909732
vn 0.0198992 0.373031 0.927606
vn 0.0198992 0.373031 0.927606
vn 0.0198992 0.373031 0.927606
vn 0.0669682 0.355591 0.932239
vn 0.0669682 0.355591 0.932239
vn 0.0669682 0.355591 0.932239
vn 0.368808 0.331268 0.868471
vn 0.368808 0.331268 0.868471
vn 0.368808 0.331268 0.868471
vn 0.273341 0.399048 0.87524
vn 0.273341 0.399048 0.87524
vn 0.273341 0.399048 0.87524
vn -0.0386857 0.414536 0.90921
vn -0.0386857 0.414536 0.90921
vn -0.0386857 0.414536 0.90921
vn -0.194537 0.463201 0.864639
vn -0.194537 0.463201 0.864639
vn -0.194537 0.463201 0.864639
vn 0.170606 0.4653 0.868556
vn 0.170606 0.4653 0.868556
vn 0.170606 0.4653 0.868556
vn -0.525858 0.685905 0.503
vn -0.525858 0.685905 0.503
vn -0.525858 0.685905 0.503
vn 0.522544 0.687549 0.504206
vn 0.522544 0.687549 0.504206
vn 0.522544 0.687549 0.504206
vn -0.428505 0.783844 -0.449412
vn -0.428505 0.783844 -0.449412
vn -0.428505 0.783844 -0.449412
vn -0.449485 0.774951 -0.444313
vn -0.449485 0.774951 -0.444313
vn -0.449485 0.774951 -0.444313
vn -0.224733 0.94963 -0.218396
vn -0.224733 0.94963 -0.218396
vn -0.224733 0.94963 -0.218396
vn -0.574382 0.797762 -0.18347
vn -0.574382 0.797762 -0.18347
vn -0.574382 0.797762 -0.18347
vn -0.394423 0.917278 0.0550532
vn -0.394423 0.917278 0.0550532
vn -0.394423 0.917278 0.0550532
vn -0.214476 0.974975 0.058516
vn -0.214476 0.974975 0.058516
vn -0.214476 0.974975 0.058516
vn -0.337777 0.938227 -0.0750742
vn -0.337777 0.938227 -0.0750742
vn -0.337777 0.938227 -0.0750742
vn -0.973072 0.229768 -0.0183854
vn -0.973072 0.229768 -0.0183854
vn -0.973072 0.229768 -0.0183854
vn -0.973493 0.216653 -0.0733019
vn -0.973493 0.216653 -0.0733019
vn -0.973493 0.216653 -0.0733019
vn 0.117585 0.94068 -0.318268
vn 0.117585 0.94068 -0.318268
vn 0.117585 0.94068 -0.318268
vn -0.520362 0.447124 -0.727532
vn -0.520362 0.447124 -0.727532
vn -0.520362 0.447124 -0.727532
vn -0.332795 0.493753 -0.803403
vn -0.332795 0.493753 -0.803403
vn -0.332795 0.493753 -0.803403
vn -0.443836 0.383878 -0.80972
vn -0.443836 0.383878 -0.80972
vn -0.443836 0.383878 -0.80972
vn -0.0638415 0.42751 -0.901753
vn -0.0638415 0.42751 -0.901753
vn -0.0638415 0.42751 -0.901753
vn 0.783908 0.548443 -0.29103
vn 0.783908 0.548443 -0.29103
vn 0.783908 0.548443 -0.29103
vn -0.192146 0.866876 -0.460006
vn -0.192146 0.866876 -0.460006
vn -0.192146 0.866876 -0.460006
vn -0.431588 0.644813 -0.630831
vn -0.431588 0.644813 -0.630831
vn -0.431588 0.644813 -0.630831
vn 0.287542 0.684626 -0.669781
vn 0.287542 0.684626 -0.669781
vn 0.287542 0.684626 -0.669781
vn 0.861338 0.358694 0.359771
vn 0.861338 0.358694 0.359771
vn 0.861338 0.358694 0.359771
vn 0.42501 0.639105 0.641024
vn 0.42501 0.639105 0.641024
vn 0.42501 0.639105 0.641024
vn -0.468611 0.865693 -0.176012
vn -0.468611 0.865693 -0.176012
vn -0.468611 0.865693 -0.176012
vn 0.747976 0.650418 -0.132242
vn 0.747976 0.650418 -0.132242
vn 0.747976 0.650418 -0.132242
vn 0.845526 0.511417 0.153419
vn 0.845526 0.511417 0.153419
vn 0.845526 0.511417 0.153419
vn -0.567724 0.788504 0.236541
vn -0.567724 0.788504 0.236541
vn -0.567724 0.788504 0.236541
vn -0.437694 0.810578 0.389086
vn -0.437694 0.810578 0.389086
vn -0.437694 0.810578 0.389086
vn -0.324068 0.852868 0.409386
vn -0.324068 0.852868 0.409386
vn -0.324068 0.852868 0.409386
vn -0.472679 0.844073 0.253212
vn -0.472679 0.844073 0.253212
vn -0.472679 0.844073 0.253212
vn -0.250393 0.927317 0.278184
vn -0.250393 0.927317 0.278184
vn -0.250393 0.927317 0.278184
vn -0.241029 0.926998 0.287367
vn -0.241029 0.926998 0.287367
vn -0.241029 0.926998 0.287367
vn -0.430955 0.861909 0.267189
vn -0.430955 0.861909 0.267189
vn -0.430955 0.861909 0.267189
vn -0.63405 0.773254 -0.00771649
vn -0.63405 0.773254 -0.00771649
vn -0.63405 0.773254 -0.00771649
vn -0.454315 0.890797 -0.00888948
vn -0.454315 0.890797 -0.00888948
vn -0.454315 0.890797 -0.00888948
vn -0.461315 0.887059 -0.0177585
vn -0.461315 0.887059 -0.0177585
vn -0.461315 0.887059 -0.0177585
vn -0.0731326 0.997122 -0.0199619
vn -0.0731326 0.997122 -0.0199619
vn -0.0731326 0.997122 -0.0199619
vn -0.310638 0.913732 -0.261914
vn -0.310638 0.913732 -0.261914
vn -0.310638 0.913732 -0.261914
vn -0.206881 0.940492 -0.269584
vn -0.206881 0.940492 -0.269584
vn -0.206881 0.940492 -0.269584
vn -0.154207 0.963587 -0.21845
vn -0.154207 0.963587 -0.21845
vn -0.154207 0.963587 -0.21845
vn -0.122631 0.967891 -0.219426
vn -0.122631 0.967891 -0.219426
vn -0.122631 0.967891 -0.219426
vn 0 0.995037 -0.0995097
vn 0 0.995037 -0.0995097
vn 0 0.995037 -0.0995097
vn -0.348203 0.932766 -0.0932823
vn -0.348203 0.932766 -0.0932823
vn -0.348203 0.932766 -0.0932823
vn -0.214544 0.975329 0.0520086
vn -0.214544 0.975329 0.0520086
vn -0.214544 0.975329 0.0520086
vn -0.694523 0.71845 0.0383107
vn -0.694523 0.71845 0.0383107
vn -0.694523 0.71845 0.0383107
vn -0.43769 0.81057 0.389107
vn -0.43769 0.81057 0.389107
vn -0.43769 0.81057 0.389107
vn -0.293029 0.861936 0.413765
vn -0.293029 0.861936 0.413765
vn -0.293029 0.861936 0.413765
vn -0.582408 0.808864 0.0808667
vn -0.582408 0.808864 0.0808667
vn -0.582408 0.808864 0.0808667
vn -0.969274 0.244765 0.0244705
vn -0.969274 0.244765 0.0244705
vn -0.969274 0.244765 0.0244705
vn -0.924546 0.288921 0.248474
vn -0.924546 0.288921 0.248474
vn -0.924546 0.288921 0.248474
vn -0.968735 0.188104 0.16177
vn -0.968735 0.188104 0.16177
vn -0.968735 0.188104 0.16177
vn -0.539474 0.224779 0.811445
vn -0.539474 0.224779 0.811445
vn -0.539474 0.224779 0.811445
vn 0.783084 0.166025 0.599346
vn 0.783084 0.166025 0.599346
vn 0.783084 0.166025 0.599346
vn 0.829541 0.378778 0.410351
vn 0.829541 0.378778 0.410351
vn 0.829541 0.378778 0.410351
vn 0.869332 0.335222 0.363164
vn 0.869332 0.335222 0.363164
vn 0.869332 0.335222 0.363164
vn -0.265327 0.404045 -0.875414
vn -0.265327 0.404045 -0.875414
vn -0.265327 0.404045 -0.875414
vn -0.12472 0.415793 -0.900867
vn -0.12472 0.415793 -0.900867
vn -0.12472 0.415793 -0.900867
vn 0.887227 0.460506 0.0276152
vn 0.887227 0.460506 0.0276152
vn 0.887227 0.460506 0.0276152
vn -0.668299 0.742559 0.0445291
vn -0.668299 0.742559 0.0445291
vn -0.668299 0.742559 0.0445291
vn -0.312283 0.821786 0.4766
vn -0.312283 0.821786 0.4766
vn -0.312283 0.821786 0.4766
vn -0.0499534 0.998702 0.00996629
vn -0.0499534 0.998702 0.00996629
vn -0.0499534 0.998702 0.00996629
vn -0.105934 0.993293 -0.0463386
vn -0.105934 0.993293 -0.0463386
vn -0.105934 0.993293 -0.0463386
vn -0.0399028 0.998118 -0.0465637
vn -0.0399028 0.998118 -0.0465637
vn -0.0399028 0.998118 -0.0465637
vn -0.0729154 0.994161 -0.0795498
vn -0.0729154 0.994161 -0.0795498
vn -0.0729154 0.994161 -0.0795498
vn -0.118766 0.989759 -0.0791976
vn -0.118766 0.989759 -0.0791976
vn -0.118766 0.989759 -0.0791976
vn -0.0862327 0.995192 -0.0464469
vn -0.0862327 0.995192 -0.0464469
vn -0.0862327 0.995192 -0.0464469
vn -0.059825 0.997123 -0.046537
vn -0.059825 0.997123 -0.046537
vn -0.059825 0.997123 -0.046537
vn -0.0926458 0.992527 -0.0794191
vn -0.0926458 0.992527 -0.0794191
vn -0.0926458 0.992527 -0.0794191
vn -0.0199518 0.996615 -0.0797463
vn -0.0199518 0.996615 -0.0797463
vn -0.0199518 0.996615 -0.0797463
vn -0.0199518 0.996615 -0.0797463
vn -0.0199518 0.996615 -0.0797463
vn -0.0199518 0.996615 -0.0797463
vn -0.0298595 0.996369 -0.0797266
vn -0.0298595 0.996369 -0.0797266
vn -0.0298595 0.996369 -0.0797266
vn -0.0693111 0.990486 -0.118884
vn -0.0693111 0.990486 -0.118884
vn -0.0693111 0.990486 -0.118884
vn -0.0298021 0.992433 -0.119117
vn -0.0298021 0.992433 -0.119117
vn -0.0298021 0.992433 -0.119117
vn -0.0494745 0.989127 -0.138492
vn -0.0494745 0.989127 -0.138492
vn -0.0494745 0.989127 -0.138492
vn -0.069135 0.98797 -0.13833
vn -0.069135 0.98797 -0.13833
vn -0.069135 0.98797 -0.13833
vn -0.0199046 0.995775 -0.0896465
vn -0.0199046 0.995775 -0.0896465
vn -0.0199046 0.995775 -0.0896465
vn -0.138114 0.986427 -0.0888049
vn -0.138114 0.986427 -0.0888049
vn -0.138114 0.986427 -0.0888049
vn -0.019976 0.999351 0.0299793
vn -0.019976 0.999351 0.0299793
vn -0.019976 0.999351 0.0299793
vn -0.346893 0.937483 0.0281233
vn -0.346893 0.937483 0.0281233
vn -0.346893 0.937483 0.0281233
vn -0.0953219 0.953452 0.286082
vn -0.0953219 0.953452 0.286082
vn -0.0953219 0.953452 0.286082
vn -0.151457 0.946764 0.284075
vn -0.151457 0.946764 0.284075
vn -0.151457 0.946764 0.284075
vn -0.394896 0.918313 0.0275483
vn -0.394896 0.918313 0.0275483
vn -0.394896 0.918313 0.0275483
vn -0.550678 0.834343 0.0250293
vn -0.550678 0.834343 0.0250293
vn -0.550678 0.834343 0.0250293
vn -0.367232 0.895679 0.250798
vn -0.367232 0.895679 0.250798
vn -0.367232 0.895679 0.250798
vn -0.311143 0.915163 0.256254
vn -0.311143 0.915163 0.256254
vn -0.311143 0.915163 0.256254
vn -0.329005 0.91394 0.237633
vn -0.329005 0.91394 0.237633
vn -0.329005 0.91394 0.237633
vn -0.391798 0.890444 0.231524
vn -0.391798 0.890444 0.231524
vn -0.391798 0.890444 0.231524
vn -0.494429 0.86233 0.109212
vn -0.494429 0.86233 0.109212
vn -0.494429 0.86233 0.109212
vn -0.498725 0.859891 0.108903
vn -0.498725 0.859891 0.108903
vn -0.498725 0.859891 0.108903
vn -0.542332 0.838657 0.0502918
vn -0.542332 0.838657 0.0502918
vn -0.542332 0.838657 0.0502918
vn -0.633416 0.772424 0.04632
vn -0.633416 0.772424 0.04632
vn -0.633416 0.772424 0.04632
vn -0.567297 0.810481 0.14593
vn -0.567297 0.810481 0.14593
vn -0.567297 0.810481 0.14593
vn -0.552376 0.820402 0.147716
vn -0.552376 0.820402 0.147716
vn -0.552376 0.820402 0.147716
vn -0.530565 0.828989 0.176855
vn -0.530565 0.828989 0.176855
vn -0.530565 0.828989 0.176855
vn -0.457893 0.869442 0.185485
vn -0.457893 0.869442 0.185485
vn -0.457893 0.869442 0.185485
vn -0.716372 0.659223 -0.228553
vn -0.716372 0.659223 -0.228553
vn -0.716372 0.659223 -0.228553
vn -0.467673 0.835134 -0.289541
vn -0.467673 0.835134 -0.289541
vn -0.467673 0.835134 -0.289541
vn -0.361018 0.9178 -0.165253
vn -0.361018 0.9178 -0.165253
vn -0.361018 0.9178 -0.165253
vn -0.686771 0.71537 -0.128805
vn -0.686771 0.71537 -0.128805
vn -0.686771 0.71537 -0.128805
vn -0.560394 0.824118 0.0823917
vn -0.560394 0.824118 0.0823917
vn -0.560394 0.824118 0.0823917
vn -0.596377 0.798723 0.0798528
vn -0.596377 0.798723 0.0798528
vn -0.596377 0.798723 0.0798528
vn -0.550707 0.821971 0.145206
vn -0.550707 0.821971 0.145206
vn -0.550707 0.821971 0.145206
vn -0.735795 0.666878 0.117808
vn -0.735795 0.666878 0.117808
vn -0.735795 0.666878 0.117808
vn -0.248252 0.70934 0.659703
vn -0.248252 0.70934 0.659703
vn -0.248252 0.70934 0.659703
vn -0.586944 0.59286 0.551374
vn -0.586944 0.59286 0.551374
vn -0.586944 0.59286 0.551374
vn -0.749424 0.567734 0.340649
vn -0.749424 0.567734 0.340649
vn -0.749424 0.567734 0.340649
vn -0.0342605 0.856983 0.514204
vn -0.0342605 0.856983 0.514204
vn -0.0342605 0.856983 0.514204
vn 0.0342605 -0.856983 -0.514204
vn 0.0342605 -0.856983 -0.514204
vn 0.0342605 -0.856983 -0.514204
vn 0 0 1
vn 0 0 1
vn 0 0 1
vn 0 0 -1
vn 0 0 -1
vn 0 0 -1
vn 0 0 1
vn 0 0 1
vn 0 0 1
vn 0.0694912 0.992628 -0.0992992
vn 0.0694912 0.992628 -0.0992992
vn 0.0694912 0.992628 -0.0992992
vn -0.0397783 0.994246 -0.099461
vn -0.0397783 0.994246 -0.099461
vn -0.0397783 0.994246 -0.099461
vn -0.0397482 0.99425 -0.0994311
vn -0.0397482 0.99425 -0.0994311
vn -0.0397482 0.99425 -0.0994311
vn -0.232296 0.967817 -0.0967877
vn -0.232296 0.967817 -0.0967877
vn -0.232296 0.967817 -0.0967877
vn -0.148327 0.988889 -0.00986837
vn -0.148327 0.988889 -0.00986837
vn -0.148327 0.988889 -0.00986837
vn 0.040005 0.99915 -0.00997076
vn 0.040005 0.99915 -0.00997076
vn 0.040005 0.99915 -0.00997076
vn 0.555633 0.646073 0.523318
vn 0.555633 0.646073 0.523318
vn 0.555633 0.646073 0.523318
vn 0.560066 0.643758 0.521442
vn 0.560066 0.643758 0.521442
vn 0.560066 0.643758 0.521442
vn 0.594486 0.577189 0.559856
vn 0.594486 0.577189 0.559856
vn 0.594486 0.577189 0.559856
vn 0.579256 0.585113 0.567543
vn 0.579256 0.585113 0.567543
vn 0.579256 0.585113 0.567543
vn 0 0.9998 -0.0200155
vn 0 0.9998 -0.0200155
vn 0 0.9998 -0.0200155
vn -0.0399381 0.999002 -0.0199996
vn -0.0399381 0.999002 -0.0199996
vn -0.0399381 0.999002 -0.0199996
vn 0.039905 0.997412 0.0598118
vn 0.039905 0.997412 0.0598118
vn 0.039905 0.997412 0.0598118
vn -3.04629e-05 0.998207 0.0598595
vn -3.04629e-05 0.998207 0.0598595
vn -3.04629e-05 0.998207 0.0598595
vn -0.099431 0.994249 -0.0397785
vn -0.099431 0.994249 -0.0397785
vn -0.099431 0.994249 -0.0397785
vn -0.112522 0.992855 -0.0397227
vn -0.112522 0.992855 -0.0397227
vn -0.112522 0.992855 -0.0397227
vn -0.14791 0.986107 -0.0756051
vn -0.14791 0.986107 -0.0756051
vn -0.14791 0.986107 -0.0756051
vn -0.0860753 0.993373 -0.0761622
vn -0.0860753 0.993373 -0.0761622
vn -0.0860753 0.993373 -0.0761622
vn 0.0299614 0.998753 0.0399282
vn 0.0299614 0.998753 0.0399282
vn 0.0299614 0.998753 0.0399282
vn -0.0499161 0.997956 0.0398963
vn -0.0499161 0.997956 0.0398963
vn -0.0499161 0.997956 0.0398963
vn -0.239665 0.958662 -0.153389
vn -0.239665 0.958662 -0.153389
vn -0.239665 0.958662 -0.153389
vn -0.221481 0.962917 -0.15407
vn -0.221481 0.962917 -0.15407
vn -0.221481 0.962917 -0.15407
vn -0.221454 0.962927 -0.154042
vn -0.221454 0.962927 -0.154042
vn -0.221454 0.962927 -0.154042
vn -0.17499 0.972209 -0.155527
vn -0.17499 0.972209 -0.155527
vn -0.17499 0.972209 -0.155527
vn -0.17499 0.972209 -0.155527
vn -0.17499 0.972209 -0.155527
vn -0.17499 0.972209 -0.155527
vn -0.212278 0.96494 -0.154365
vn -0.212278 0.96494 -0.154365
vn -0.212278 0.96494 -0.154365
vn -0.194305 0.971468 -0.136
vn -0.194305 0.971468 -0.136
vn -0.194305 0.971468 -0.136
vn -0.137329 0.98096 -0.137329
vn -0.137329 0.98096 -0.137329
vn -0.137329 0.98096 -0.137329
vn -0 1 0
vn -0 1 0
vn -0 1 0
vn -0.11914 0.992877 0
vn -0.11914 0.992877 0
vn -0.11914 0.992877 0
vn -0.0598131 0.99642 0.0597523
vn -0.0598131 0.99642 0.0597523
vn -0.0598131 0.99642 0.0597523
vn -0.128693 0.989906 0.0593617
vn -0.128693 0.989906 0.0593617
vn -0.128693 0.989906 0.0593617
vn -0.713227 0.112853 -0.691788
vn -0.713227 0.112853 -0.691788
vn -0.713227 0.112853 -0.691788
vn -0.0209267 0.160968 -0.986738
vn -0.0209267 0.160968 -0.986738
vn -0.0209267 0.160968 -0.986738
vn 0.162062 0.188447 -0.96862
vn 0.162062 0.188447 -0.96862
vn 0.162062 0.188447 -0.96862
vn -1 0 -0
vn -1 0 -0
vn -1 0 -0
vn -0.114111 0.356634 -0.927249
vn -0.114111 0.356634 -0.927249
vn -0.114111 0.356634 -0.927249
vn 0.342274 0.264647 -0.90156
vn 0.342274 0.264647 -0.90156
vn 0.342274 0.264647 -0.90156
vn 0.604041 0.286731 -0.743586
vn 0.604041 0.286731 -0.743586
vn 0.604041 0.286731 -0.743586
vn -0.014382 0.359747 -0.932939
vn -0.014382 0.359747 -0.932939
vn -0.014382 0.359747 -0.932939
vn 0.70327 0.480599 -0.523866
vn 0.70327 0.480599 -0.523866
vn 0.70327 0.480599 -0.523866
vn -0.665807 0.504396 -0.549805
vn -0.665807 0.504396 -0.549805
vn -0.665807 0.504396 -0.549805
vn -0.160827 0.984796 0.0656571
vn -0.160827 0.984796 0.0656571
vn -0.160827 0.984796 0.0656571
vn 0.824444 0.564691 0.0376484
vn 0.824444 0.564691 0.0376484
vn 0.824444 0.564691 0.0376484
vn 0.81241 0.583087 -1.77944e-05
vn 0.81241 0.583087 -1.77944e-05
vn 0.81241 0.583087 -1.77944e-05
vn -0.902061 0.431609 -1.31717e-05
vn -0.902061 0.431609 -1.31717e-05
vn -0.902061 0.431609 -1.31717e-05
vn -0.103178 0.469051 0.877123
vn -0.103178 0.469051 0.877123
vn -0.103178 0.469051 0.877123
vn 0.245338 0.457156 0.854879
vn 0.245338 0.457156 0.854879
vn 0.245338 0.457156 0.854879
vn -0.103211 0.645179 0.757028
vn -0.103211 0.645179 0.757028
vn -0.103211 0.645179 0.757028
vn 0.121257 0.643857 0.755476
vn 0.121257 0.643857 0.755476
vn 0.121257 0.643857 0.755476
vn -0.0904291 0.753223 0.651519
vn -0.0904291 0.753223 0.651519
vn -0.0904291 0.753223 0.651519
vn 0.460001 0.671552 0.580876
vn 0.460001 0.671552 0.580876
vn 0.460001 0.671552 0.580876
vn -0.460001 -0.671552 -0.580876
vn -0.460001 -0.671552 -0.580876
vn -0.460001 -0.671552 -0.580876
vn 0 0 -1
vn 0 0 -1
vn 0 0 -1
vn 0.131352 0.991336 0
vn 0.131352 0.991336 0
vn 0.131352 0.991336 0
vn -0.60843 0.793608 0
vn -0.60843 0.793608 0
vn -0.60843 0.793608 0
vn -0.624478 0.780609 -0.026014
vn -0.624478 0.780609 -0.026014
vn -0.624478 0.780609 -0.026014
vn -0.47947 0.877071 -0.0292286
vn -0.47947 0.877071 -0.0292286
vn -0.47947 0.877071 -0.0292286
vn -0.168319 0.935142 0.311733
vn -0.168319 0.935142 0.311733
vn -0.168319 0.935142 0.311733
vn -0.219055 0.925636 0.308564
vn -0.219055 0.925636 0.308564
vn -0.219055 0.925636 0.308564
vn -0.405294 0.907314 0.111882
vn -0.405294 0.907314 0.111882
vn -0.405294 0.907314 0.111882
vn -0.392512 0.912833 0.112563
vn -0.392512 0.912833 0.112563
vn -0.392512 0.912833 0.112563
vn -0.456384 0.889073 0.0355434
vn -0.456384 0.889073 0.0355434
vn -0.456384 0.889073 0.0355434
vn -0.338493 0.940218 0.0375881
vn -0.338493 0.940218 0.0375881
vn -0.338493 0.940218 0.0375881
vn -0.730595 0.179508 -0.658793
vn -0.730595 0.179508 -0.658793
vn -0.730595 0.179508 -0.658793
vn -0.763241 0.169861 -0.623386
vn -0.763241 0.169861 -0.623386
vn -0.763241 0.169861 -0.623386
vn -0.790599 0.349819 -0.502574
vn -0.790599 0.349819 -0.502574
vn -0.790599 0.349819 -0.502574
vn -0.553659 0.475735 -0.683475
vn -0.553659 0.475735 -0.683475
vn -0.553659 0.475735 -0.683475
vn 0.708691 0.347966 0.61374
vn 0.708691 0.347966 0.61374
vn 0.708691 0.347966 0.61374
vn -0.49536 0.428442 0.755683
vn -0.49536 0.428442 0.755683
vn -0.49536 0.428442 0.755683
vn -0.914377 0.190867 -0.357049
vn -0.914377 0.190867 -0.357049
vn -0.914377 0.190867 -0.357049
vn 0.558812 0.39096 -0.731355
vn 0.558812 0.39096 -0.731355
vn 0.558812 0.39096 -0.731355
vn 0.106793 0.317849 -0.942108
vn 0.106793 0.317849 -0.942108
vn 0.106793 0.317849 -0.942108
vn -0.209231 0.312601 -0.926554
vn -0.209231 0.312601 -0.926554
vn -0.209231 0.312601 -0.926554
vn 0.0553177 0.419052 -0.906276
vn 0.0553177 0.419052 -0.906276
vn 0.0553177 0.419052 -0.906276
vn 0.709855 0.295611 -0.639312
vn 0.709855 0.295611 -0.639312
vn 0.709855 0.295611 -0.639312
vn 0.380804 0.276747 -0.882269
vn 0.380804 0.276747 -0.882269
vn 0.380804 0.276747 -0.882269
vn -0.159928 0.295445 -0.941879
vn -0.159928 0.295445 -0.941879
vn -0.159928 0.295445 -0.941879
vn -0.107328 0.31566 -0.942783
vn -0.107328 0.31566 -0.942783
vn -0.107328 0.31566 -0.942783
vn 0.464774 0.281119 -0.839617
vn 0.464774 0.281119 -0.839617
vn 0.464774 0.281119 -0.839617
vn -0.268215 0.147372 -0.95202
vn -0.268215 0.147372 -0.95202
vn -0.268215 0.147372 -0.95202
vn -0.0823238 0.152458 -0.984875
vn -0.0823238 0.152458 -0.984875
vn -0.0823238 0.152458 -0.984875
vn -0.216923 0.126856 -0.967911
vn -0.216923 0.126856 -0.967911
vn -0.216923 0.126856 -0.967911
vn -0.0725799 0.129607 -0.988905
vn -0.0725799 0.129607 -0.988905
vn -0.0725799 0.129607 -0.988905
vn 0.76712 0.194948 -0.611164
vn 0.76712 0.194948 -0.611164
vn 0.76712 0.194948 -0.611164
vn -0.0787695 0.302948 -0.949746
vn -0.0787695 0.302948 -0.949746
vn -0.0787695 0.302948 -0.949746
vn -0.318276 0.21078 -0.924268
vn -0.318276 0.21078 -0.924268
vn -0.318276 0.21078 -0.924268
vn -0.179359 0.218737 -0.959158
vn -0.179359 0.218737 -0.959158
vn -0.179359 0.218737 -0.959158
vn 0.774283 0.362663 -0.518616
vn 0.774283 0.362663 -0.518616
vn 0.774283 0.362663 -0.518616
vn -0.285612 0.5492 -0.785369
vn -0.285612 0.5492 -0.785369
vn -0.285612 0.5492 -0.785369
vn 0.741035 0.65578 0.144292
vn 0.741035 0.65578 0.144292
vn 0.741035 0.65578 0.144292
vn -0.315109 0.926884 0.203944
vn -0.315109 0.926884 0.203944
vn -0.315109 0.926884 0.203944
vn -0.367354 0.918399 0.146947
vn -0.367354 0.918399 0.146947
vn -0.367354 0.918399 0.146947
vn -0.156087 0.975337 0.156058
vn -0.156087 0.975337 0.156058
vn -0.156087 0.975337 0.156058
vn -0.287311 0.957645 0.0191716
vn -0.287311 0.957645 0.0191716
vn -0.287311 0.957645 0.0191716
vn -0 0.9998 0.0200155
vn -0 0.9998 0.0200155
vn -0 0.9998 0.0200155
vn -0.0894172 0.993565 -0.0695265
vn -0.0894172 0.993565 -0.0695265
vn -0.0894172 0.993565 -0.0695265
vn -0.214335 0.974378 -0.0681838
vn -0.214335 0.974378 -0.0681838
vn -0.214335 0.974378 -0.0681838
vn -0.432628 0.848274 -0.305392
vn -0.432628 0.848274 -0.305392
vn -0.432628 0.848274 -0.305392
vn -0.45295 0.838831 -0.301992
vn -0.45295 0.838831 -0.301992
vn -0.45295 0.838831 -0.301992
vn -0.378094 0.900194 -0.216093
vn -0.378094 0.900194 -0.216093
vn -0.378094 0.900194 -0.216093
vn -0.57354 0.796548 -0.191212
vn -0.57354 0.796548 -0.191212
vn -0.57354 0.796548 -0.191212
vn -0.654405 0.681678 -0.327213
vn -0.654405 0.681678 -0.327213
vn -0.654405 0.681678 -0.327213
vn -0.944845 0.295265 -0.14173
vn -0.944845 0.295265 -0.14173
vn -0.944845 0.295265 -0.14173
vn 0.0461539 0.329708 0.942954
vn 0.0461539 0.329708 0.942954
vn 0.0461539 0.329708 0.942954
vn -0.620937 0.258721 0.739933
vn -0.620937 0.258721 0.739933
vn -0.620937 0.258721 0.739933
vn -0.0229097 0.190922 0.981338
vn -0.0229097 0.190922 0.981338
vn -0.0229097 0.190922 0.981338
vn 0.38585 0.176184 0.905582
vn 0.38585 0.176184 0.905582
vn 0.38585 0.176184 0.905582
vn -0.919102 0.363284 0.152567
vn -0.919102 0.363284 0.152567
vn -0.919102 0.363284 0.152567
vn -0.517921 0.788699 0.331228
vn -0.517921 0.788699 0.331228
vn -0.517921 0.788699 0.331228
vn 0.404032 0.39227 0.826367
vn 0.404032 0.39227 0.826367
vn 0.404032 0.39227 0.826367
vn 0.636933 0.330593 0.696437
vn 0.636933 0.330593 0.696437
vn 0.636933 0.330593 0.696437
vn -0.0395608 0.989564 0.138554
vn -0.0395608 0.989564 0.138554
vn -0.0395608 0.989564 0.138554
vn -0.352218 0.926877 0.129776
vn -0.352218 0.926877 0.129776
vn -0.352218 0.926877 0.129776
vn 0.352218 -0.926877 -0.129776
vn 0.352218 -0.926877 -0.129776
vn 0.352218 -0.926877 -0.129776
vn -0.106027 0.994165 -0.0198724
vn -0.106027 0.994165 -0.0198724
vn -0.106027 0.994165 -0.0198724
vn -0.0598383 0.997853 0.0266356
vn -0.0598383 0.997853 0.0266356
vn -0.0598383 0.997853 0.0266356
vn -0.0731213 0.996968 0.026612
vn -0.0731213 0.996968 0.026612
vn -0.0731213 0.996968 0.026612
vn -0.0399353 0.997409 0.0598421
vn -0.0399353 0.997409 0.0598421
vn -0.0399353 0.997409 0.0598421
vn -0.0861721 0.994492 0.0596671
vn -0.0861721 0.994492 0.0596671
vn -0.0861721 0.994492 0.0596671
vn -0.128873 0.991523 0.0165312
vn -0.128873 0.991523 0.0165312
vn -0.128873 0.991523 0.0165312
vn -0.0929265 0.995535 0.0165981
vn -0.0929265 0.995535 0.0165981
vn -0.0929265 0.995535 0.0165981
vn -0.102773 0.994682 0.00665768
vn -0.102773 0.994682 0.00665768
vn -0.102773 0.994682 0.00665768
vn -0.0200151 0.999777 0.00669178
vn -0.0200151 0.999777 0.00669178
vn -0.0200151 0.999777 0.00669178
vn -0.0466113 0.998714 -0.0199328
vn -0.0466113 0.998714 -0.0199328
vn -0.0466113 0.998714 -0.0199328
vn -0.0697923 0.997363 -0.0199059
vn -0.0697923 0.997363 -0.0199059
vn -0.0697923 0.997363 -0.0199059
vn -0.0797265 0.996369 -0.0298898
vn -0.0797265 0.996369 -0.0298898
vn -0.0797265 0.996369 -0.0298898
vn -0.0499335 0.998303 -0.0299479
vn -0.0499335 0.998303 -0.0299479
vn -0.0499335 0.998303 -0.0299479
vn -0.0894172 0.993565 -0.0695265
vn -0.0894172 0.993565 -0.0695265
vn -0.0894172 0.993565 -0.0695265
vn -0.0199363 0.997362 -0.0697922
vn -0.0199363 0.997362 -0.0697922
vn -0.0199363 0.997362 -0.0697922
vn -0.0595322 0.992243 -0.109132
vn -0.0595322 0.992243 -0.109132
vn -0.0595322 0.992243 -0.109132
vn -0.0198653 0.99381 -0.109305
vn -0.0198653 0.99381 -0.109305
vn -0.0198653 0.99381 -0.109305
vn -0.0297719 0.992437 -0.119088
vn -0.0297719 0.992437 -0.119088
vn -0.0297719 0.992437 -0.119088
vn -0.0987781 0.988022 -0.118558
vn -0.0987781 0.988022 -0.118558
vn -0.0987781 0.988022 -0.118558
vn -0.0988076 0.988015 -0.118587
vn -0.0988076 0.988015 -0.118587
vn -0.0988076 0.988015 -0.118587
vn -0.392666 0.913127 -0.109599
vn -0.392666 0.913127 -0.109599
vn -0.392666 0.913127 -0.109599
vn -0.287324 0.957785 0.00958721
vn -0.287324 0.957785 0.00958721
vn -0.287324 0.957785 0.00958721
vn -0.37934 0.925211 0.00926115
vn -0.37934 0.925211 0.00926115
vn -0.37934 0.925211 0.00926115
vn -0.402696 0.91515 -0.0183209
vn -0.402696 0.91515 -0.0183209
vn -0.402696 0.91515 -0.0183209
vn -0.338647 0.940725 -0.0188329
vn -0.338647 0.940725 -0.0188329
vn -0.338647 0.940725 -0.0188329
vn -0.467942 0.866595 -0.17333
vn -0.467942 0.866595 -0.17333
vn -0.467942 0.866595 -0.17333
vn -0.490082 0.854747 -0.17096
vn -0.490082 0.854747 -0.17096
vn -0.490082 0.854747 -0.17096
vn -0.240817 0.96327 0.118821
vn -0.240817 0.96327 0.118821
vn -0.240817 0.96327 0.118821
vn -0.54013 0.835251 0.10303
vn -0.54013 0.835251 0.10303
vn -0.54013 0.835251 0.10303
vn -0.473196 0.860376 0.18931
vn -0.473196 0.860376 0.18931
vn -0.473196 0.860376 0.18931
vn -0.56434 0.806256 0.177402
vn -0.56434 0.806256 0.177402
vn -0.56434 0.806256 0.177402
vn -0.351652 0.837301 0.41865
vn -0.351652 0.837301 0.41865
vn -0.351652 0.837301 0.41865
vn -0.496805 0.77624 0.38812
vn -0.496805 0.77624 0.38812
vn -0.496805 0.77624 0.38812
vn -0.715392 0.694535 0.0763887
vn -0.715392 0.694535 0.0763887
vn -0.715392 0.694535 0.0763887
vn -0.733816 0.675276 0.0742705
vn -0.733816 0.675276 0.0742705
vn -0.733816 0.675276 0.0742705
vn -0.687208 0.708483 0.160616
vn -0.687208 0.708483 0.160616
vn -0.687208 0.708483 0.160616
vn -0.358167 0.910552 0.206426
vn -0.358167 0.910552 0.206426
vn -0.358167 0.910552 0.206426
vn -0.587321 0.804503 -0.0884836
vn -0.587321 0.804503 -0.0884836
vn -0.587321 0.804503 -0.0884836
vn -0.559995 0.82353 -0.0905763
vn -0.559995 0.82353 -0.0905763
vn -0.559995 0.82353 -0.0905763
vn -0.391794 0.911165 0.127576
vn -0.391794 0.911165 0.127576
vn -0.391794 0.911165 0.127576
vn -0.552878 0.825212 0.115542
vn -0.552878 0.825212 0.115542
vn -0.552878 0.825212 0.115542
vn -0.66747 0.741639 -0.0667448
vn -0.66747 0.741639 -0.0667448
vn -0.66747 0.741639 -0.0667448
vn -0.329145 0.940479 -0.0846396
vn -0.329145 0.940479 -0.0846396
vn -0.329145 0.940479 -0.0846396
vn -0.368287 0.920731 -0.128916
vn -0.368287 0.920731 -0.128916
vn -0.368287 0.920731 -0.128916
vn -0.794264 0.601703 -0.0842472
vn -0.794264 0.601703 -0.0842472
vn -0.794264 0.601703 -0.0842472
vn -0.644487 0.732367 0.219716
vn -0.644487 0.732367 0.219716
vn -0.644487 0.732367 0.219716
vn -1 0 0
vn -1 0 0
vn -1 0 0
vn -0.670108 0.676883 0.304606
vn -0.670108 0.676883 0.304606
vn -0.670108 0.676883 0.304606
vn -0.0399337 0.99889 -0.0249662
vn -0.0399337 0.99889 -0.0249662
vn -0.0399337 0.99889 -0.0249662
vn 0.0399337 -0.99889 0.0249662
vn 0.0399337 -0.99889 0.0249662
vn 0.0399337 -0.99889 0.0249662
vn -0.0396623 0.992103 0.118987
vn -0.0396623 0.992103 0.118987
vn -0.0396623 0.992103 0.118987
vn 0.0396623 -0.992103 -0.118987
vn 0.0396623 -0.992103 -0.118987
vn 0.0396623 -0.992103 -0.118987
vn 0.0396623 -0.992103 -0.118987
vn 0.0396623 -0.992103 -0.118987
vn 0.0396623 -0.992103 -0.118987
vn -0.0331417 0.994493 0.099425
vn -0.0331417 0.994493 0.099425
vn -0.0331417 0.994493 0.099425
vn -0.147615 0.984139 0.0983899
vn -0.147615 0.984139 0.0983899
vn -0.147615 0.984139 0.0983899
vn -0.176727 0.981859 0.0687073
vn -0.176727 0.981859 0.0687073
vn -0.176727 0.981859 0.0687073
vn 0.65113 0.757114 0.0529804
vn 0.65113 0.757114 0.0529804
vn 0.65113 0.757114 0.0529804
vn 0.379322 0.871948 -0.309551
vn 0.379322 0.871948 -0.309551
vn 0.379322 0.871948 -0.309551
vn 0.696486 0.676221 -0.240066
vn 0.696486 0.676221 -0.240066
vn 0.696486 0.676221 -0.240066
vn 0.814657 0.579827 0.0116079
vn 0.814657 0.579827 0.0116079
vn 0.814657 0.579827 0.0116079
vn -0 0.9998 0.0200155
vn -0 0.9998 0.0200155
vn -0 0.9998 0.0200155
vn 0.0266339 0.998557 0.0466245
vn 0.0266339 0.998557 0.0466245
vn 0.0266339 0.998557 0.0466245
vn 0.0399331 0.998115 0.0466039
vn 0.0399331 0.998115 0.0466039
vn 0.0399331 0.998115 0.0466039
vn -0.00665268 0.999978 3.05169e-05
vn -0.00665268 0.999978 3.05169e-05
vn -0.00665268 0.999978 3.05169e-05
vn -0.0995097 0.995037 3.03661e-05
vn -0.0995097 0.995037 3.03661e-05
vn -0.0995097 0.995037 3.03661e-05
vn -0.0995097 0.995037 3.03661e-05
vn -0.0995097 0.995037 3.03661e-05
vn -0.0995097 0.995037 3.03661e-05
vn -0.148335 0.988937 3.018e-05
vn -0.148335 0.988937 3.018e-05
vn -0.148335 0.988937 3.018e-05
vn -0.119117 0.992434 0.0297718
vn -0.119117 0.992434 0.0297718
vn -0.119117 0.992434 0.0297718
vn 0.0299718 0.999101 0.0299718
vn 0.0299718 0.999101 0.0299718
vn 0.0299718 0.999101 0.0299718
vn -0.17443 0.969097 -0.17443
vn -0.17443 0.969097 -0.17443
vn -0.17443 0.969097 -0.17443
vn -0.23892 0.955682 -0.172016
vn -0.23892 0.955682 -0.172016
vn -0.23892 0.955682 -0.172016
vn -0.118994 0.991657 -0.0495707
vn -0.118994 0.991657 -0.0495707
vn -0.118994 0.991657 -0.0495707
vn -0.223864 0.973405 -0.0486584
vn -0.223864 0.973405 -0.0486584
vn -0.223864 0.973405 -0.0486584
vn -0.712537 0.101937 -0.69419
vn -0.712537 0.101937 -0.69419
vn -0.712537 0.101937 -0.69419
vn -0.0261413 0.145235 -0.989052
vn -0.0261413 0.145235 -0.989052
vn -0.0261413 0.145235 -0.989052
vn 0.313418 0.187678 -0.930885
vn 0.313418 0.187678 -0.930885
vn 0.313418 0.187678 -0.930885
vn -0.0394986 0.197481 -0.979511
vn -0.0394986 0.197481 -0.979511
vn -0.0394986 0.197481 -0.979511
vn -0.0896171 0.186702 -0.978321
vn -0.0896171 0.186702 -0.978321
vn -0.0896171 0.186702 -0.978321
vn 0 0.187456 -0.982273
vn 0 0.187456 -0.982273
vn 0 0.187456 -0.982273
vn -0.0647895 0.175119 -0.982413
vn -0.0647895 0.175119 -0.982413
vn -0.0647895 0.175119 -0.982413
vn -0.0105336 0.175478 -0.984427
vn -0.0105336 0.175478 -0.984427
vn -0.0105336 0.175478 -0.984427
vn 0.202618 0.208891 -0.956719
vn 0.202618 0.208891 -0.956719
vn 0.202618 0.208891 -0.956719
vn -0.803167 0.127084 -0.582042
vn -0.803167 0.127084 -0.582042
vn -0.803167 0.127084 -0.582042
vn 0.00988931 0.493983 0.869415
vn 0.00988931 0.493983 0.869415
vn 0.00988931 0.493983 0.869415
vn 0.391015 0.454677 0.800235
vn 0.391015 0.454677 0.800235
vn 0.391015 0.454677 0.800235
vn -0.007477 0.746971 0.664815
vn -0.007477 0.746971 0.664815
vn -0.007477 0.746971 0.664815
vn -0.232465 0.726528 0.64662
vn -0.232465 0.726528 0.64662
vn -0.232465 0.726528 0.64662
vn -0.00640805 0.64018 0.768198
vn -0.00640805 0.64018 0.768198
vn -0.00640805 0.64018 0.768198
vn 0.803275 0.381305 0.457555
vn 0.803275 0.381305 0.457555
vn 0.803275 0.381305 0.457555
vn 0.387234 0.841817 -0.376023
vn 0.387234 0.841817 -0.376023
vn 0.387234 0.841817 -0.376023
vn 0.800593 0.547108 -0.244382
vn 0.800593 0.547108 -0.244382
vn 0.800593 0.547108 -0.244382
vn 0.769647 0.561791 -0.303372
vn 0.769647 0.561791 -0.303372
vn 0.769647 0.561791 -0.303372
vn -0.142236 0.870956 -0.470324
vn -0.142236 0.870956 -0.470324
vn -0.142236 0.870956 -0.470324
vn -0.0277499 0.925975 -0.376564
vn -0.0277499 0.925975 -0.376564
vn -0.0277499 0.925975 -0.376564
vn 0.79049 0.567355 -0.230725
vn 0.79049 0.567355 -0.230725
vn 0.79049 0.567355 -0.230725
vn 0.887738 0.455254 0.0682993
vn 0.887738 0.455254 0.0682993
vn 0.887738 0.455254 0.0682993
vn -0.212565 0.966333 0.144973
vn -0.212565 0.966333 0.144973
vn -0.212565 0.966333 0.144973
vn -0.13517 0.965609 0.222101
vn -0.13517 0.965609 0.222101
vn -0.13517 0.965609 0.222101
vn -0.154041 0.962921 0.221482
vn -0.154041 0.962921 0.221482
vn -0.154041 0.962921 0.221482
vn -0.183191 0.963996 0.192752
vn -0.183191 0.963996 0.192752
vn -0.183191 0.963996 0.192752
vn -0.116918 0.973865 0.194725
vn -0.116918 0.973865 0.194725
vn -0.116918 0.973865 0.194725
vn -0.175458 0.974972 0.13654
vn -0.175458 0.974972 0.13654
vn -0.175458 0.974972 0.13654
vn -1 0 0
vn -1 0 0
vn -1 0 0
vn -0.326573 0.844538 0.424389
vn -0.326573 0.844538 0.424389
vn -0.326573 0.844538 0.424389
vn -0.0280008 0.950971 0.308008
vn -0.0280008 0.950971 0.308008
vn -0.0280008 0.950971 0.308008
vn -0.373642 0.926416 -0.0463095
vn -0.373642 0.926416 -0.0463095
vn -0.373642 0.926416 -0.0463095
vn -0.624214 0.780279 -0.0390044
vn -0.624214 0.780279 -0.0390044
vn -0.624214 0.780279 -0.0390044
vn -0.645791 0.759722 -0.076
vn -0.645791 0.759722 -0.076
vn -0.645791 0.759722 -0.076
vn -0.176294 0.979449 -0.0979808
vn -0.176294 0.979449 -0.0979808
vn -0.176294 0.979449 -0.0979808
vn -0.618974 0.53361 -0.576308
vn -0.618974 0.53361 -0.576308
vn -0.618974 0.53361 -0.576308
vn -0.290407 0.650122 -0.702143
vn -0.290407 0.650122 -0.702143
vn -0.290407 0.650122 -0.702143
vn 0.572615 0.818007 0.0545538
vn 0.572615 0.818007 0.0545538
vn 0.572615 0.818007 0.0545538
vn -0.455871 0.888073 0.0592266
vn -0.455871 0.888073 0.0592266
vn -0.455871 0.888073 0.0592266
vn -0.430968 0.897886 0.0898215
vn -0.430968 0.897886 0.0898215
vn -0.430968 0.897886 0.0898215
vn -0.97084 0.238537 0.0238624
vn -0.97084 0.238537 0.0238624
vn -0.97084 0.238537 0.0238624
vn -0.945994 0.159124 -0.282446
vn -0.945994 0.159124 -0.282446
vn -0.945994 0.159124 -0.282446
vn -0.742756 0.328649 -0.583356
vn -0.742756 0.328649 -0.583356
vn -0.742756 0.328649 -0.583356
vn -0.743356 0.299739 -0.597978
vn -0.743356 0.299739 -0.597978
vn -0.743356 0.299739 -0.597978
vn 0.674111 0.330988 -0.660319
vn 0.674111 0.330988 -0.660319
vn 0.674111 0.330988 -0.660319
vn -0.521088 0.081484 -0.849604
vn -0.521088 0.081484 -0.849604
vn -0.521088 0.081484 -0.849604
vn -0.415926 0.0868204 -0.905245
vn -0.415926 0.0868204 -0.905245
vn -0.415926 0.0868204 -0.905245
vn 0.739948 0.242608 -0.62739
vn 0.739948 0.242608 -0.62739
vn 0.739948 0.242608 -0.62739
vn 0.120299 0.358049 -0.925921
vn 0.120299 0.358049 -0.925921
vn 0.120299 0.358049 -0.925921
vn 0.197415 0.377224 -0.904836
vn 0.197415 0.377224 -0.904836
vn 0.197415 0.377224 -0.904836
vn 0.0507305 0.384302 -0.921813
vn 0.0507305 0.384302 -0.921813
vn 0.0507305 0.384302 -0.921813
vn 0.932041 0.362002 0.0159304
vn 0.932041 0.362002 0.0159304
vn 0.932041 0.362002 0.0159304
vn 0.808669 0.587695 0.0258623
vn 0.808669 0.587695 0.0258623
vn 0.808669 0.587695 0.0258623
vn 0.840213 0.283986 0.461945
vn 0.840213 0.283986 0.461945
vn 0.840213 0.283986 0.461945
vn -0.17531 0.515602 0.838702
vn -0.17531 0.515602 0.838702
vn -0.17531 0.515602 0.838702
vn -0.637462 0.581282 0.505721
vn -0.637462 0.581282 0.505721
vn -0.637462 0.581282 0.505721
vn -0.808344 0.444147 0.386412
vn -0.808344 0.444147 0.386412
vn -0.808344 0.444147 0.386412
vn -0.833749 0.108703 -0.541338
vn -0.833749 0.108703 -0.541338
vn -0.833749 0.108703 -0.541338
vn -0.319058 0.186584 -0.929187
vn -0.319058 0.186584 -0.929187
vn -0.319058 0.186584 -0.929187
vn 0.895436 0.145128 0.42087
vn 0.895436 0.145128 0.42087
vn 0.895436 0.145128 0.42087
vn 0.788671 0.200425 0.58123
vn 0.788671 0.200425 0.58123
vn 0.788671 0.200425 0.58123
vn -0.464145 0.341281 -0.817372
vn -0.464145 0.341281 -0.817372
vn -0.464145 0.341281 -0.817372
vn -0.50288 0.333035 -0.797621
vn -0.50288 0.333035 -0.797621
vn -0.50288 0.333035 -0.797621
vn -0.501023 0.335356 -0.797818
vn -0.501023 0.335356 -0.797818
vn -0.501023 0.335356 -0.797818
vn 0.637442 0.298568 -0.7103
vn 0.637442 0.298568 -0.7103
vn 0.637442 0.298568 -0.7103
vn 0.821019 0.290728 -0.491331
vn 0.821019 0.290728 -0.491331
vn 0.821019 0.290728 -0.491331
vn 0.498763 0.441381 -0.745935
vn 0.498763 0.441381 -0.745935
vn 0.498763 0.441381 -0.745935
vn 0.645409 0.4482 -0.618518
vn 0.645409 0.4482 -0.618518
vn 0.645409 0.4482 -0.618518
vn -0.228497 0.571251 -0.788329
vn -0.228497 0.571251 -0.788329
vn -0.228497 0.571251 -0.788329
vn 0.667796 0.741975 -0.059348
vn 0.667796 0.741975 -0.059348
vn 0.667796 0.741975 -0.059348
vn -0.286524 0.955023 -0.076389
vn -0.286524 0.955023 -0.076389
vn -0.286524 0.955023 -0.076389
vn -0.335856 0.932814 -0.130608
vn -0.335856 0.932814 -0.130608
vn -0.335856 0.932814 -0.130608
vn -0.0887751 0.98643 -0.138115
vn -0.0887751 0.98643 -0.138115
vn -0.0887751 0.98643 -0.138115
vn -0.117478 0.979027 -0.166448
vn -0.117478 0.979027 -0.166448
vn -0.117478 0.979027 -0.166448
vn -0.44921 0.880787 -0.149746
vn -0.44921 0.880787 -0.149746
vn -0.44921 0.880787 -0.149746
vn -0.165274 0.972296 0.165303
vn -0.165274 0.972296 0.165303
vn -0.165274 0.972296 0.165303
vn -0.382572 0.910856 0.154858
vn -0.382572 0.910856 0.154858
vn -0.382572 0.910856 0.154858
vn -0.339844 0.91851 0.202101
vn -0.339844 0.91851 0.202101
vn -0.339844 0.91851 0.202101
vn -0.683966 0.712471 0.156766
vn -0.683966 0.712471 0.156766
vn -0.683966 0.712471 0.156766
vn -0.453033 0.767817 0.453009
vn -0.453033 0.767817 0.453009
vn -0.453033 0.767817 0.453009
vn 0.119697 0.855078 0.504493
vn 0.119697 0.855078 0.504493
vn 0.119697 0.855078 0.504493
vn -0.293484 0.946729 0.132556
vn -0.293484 0.946729 0.132556
vn -0.293484 0.946729 0.132556
vn -0.118006 0.98342 0.137693
vn -0.118006 0.98342 0.137693
vn -0.118006 0.98342 0.137693
vn -0.383075 0.91212 -0.145915
vn -0.383075 0.91212 -0.145915
vn -0.383075 0.91212 -0.145915
vn -0.928385 0.366953 -0.0587026
vn -0.928385 0.366953 -0.0587026
vn -0.928385 0.366953 -0.0587026
vn -0.338407 0.48343 0.807327
vn -0.338407 0.48343 0.807327
vn -0.338407 0.48343 0.807327
vn 0.467703 0.454088 0.758326
vn 0.467703 0.454088 0.758326
vn 0.467703 0.454088 0.758326
vn -0.458774 0.882224 0.105863
vn -0.458774 0.882224 0.105863
vn -0.458774 0.882224 0.105863
vn -0.039662 0.992096 0.119047
vn -0.039662 0.992096 0.119047
vn -0.039662 0.992096 0.119047
vn -0.481343 0.802312 -0.352995
vn -0.481343 0.802312 -0.352995
vn -0.481343 0.802312 -0.352995
vn -1 0 0
vn -1 0 0
vn -1 0 0
vn 1 0 0
vn 1 0 0
vn 1 0 0
vn -0.0594345 0.991119 0.11896
vn -0.0594345 0.991119 0.11896
vn -0.0594345 0.991119 0.11896
vn -0.232968 0.970739 -0.058242
vn -0.232968 0.970739 -0.058242
vn -0.232968 0.970739 -0.058242
vn -0.0399353 0.997409 -0.0598421
vn -0.0399353 0.997409 -0.0598421
vn -0.0399353 0.997409 -0.0598421
vn -0.0597 0.995041 -0.0795595
vn -0.0597 0.995041 -0.0795595
vn -0.0597 0.995041 -0.0795595
vn -0.128487 0.988556 -0.0790411
vn -0.128487 0.988556 -0.0790411
vn -0.128487 0.988556 -0.0790411
vn -0.118883 0.990484 -0.0693411
vn -0.118883 0.990484 -0.0693411
vn -0.118883 0.990484 -0.0693411
vn -0.102527 0.992302 -0.0694684
vn -0.102527 0.992302 -0.0694684
vn -0.102527 0.992302 -0.0694684
vn -0.118731 0.989215 -0.0857752
vn -0.118731 0.989215 -0.0857752
vn -0.118731 0.989215 -0.0857752
vn -0.0464466 0.995187 -0.086293
vn -0.0464466 0.995187 -0.086293
vn -0.0464466 0.995187 -0.086293
vn -0.0595935 0.993265 -0.0993629
vn -0.0595935 0.993265 -0.0993629
vn -0.0595935 0.993265 -0.0993629
vn -0.0793685 0.991895 -0.0992258
vn -0.0793685 0.991895 -0.0992258
vn -0.0793685 0.991895 -0.0992258
vn -0.108395 0.985816 -0.128131
vn -0.108395 0.985816 -0.128131
vn -0.108395 0.985816 -0.128131
vn -0.0888924 0.987733 -0.12838
vn -0.0888924 0.987733 -0.12838
vn -0.0888924 0.987733 -0.12838
vn -0.0888924 0.987733 -0.12838
vn -0.0888924 0.987733 -0.12838
vn -0.0888924 0.987733 -0.12838
vn -0.0593921 0.989908 -0.128663
vn -0.0593921 0.989908 -0.128663
vn -0.0593921 0.989908 -0.128663
vn 0.00996084 0.998155 -0.0598869
vn 0.00996084 0.998155 -0.0598869
vn 0.00996084 0.998155 -0.0598869
vn -0.0299315 0.997758 -0.059863
vn -0.0299315 0.997758 -0.059863
vn -0.0299315 0.997758 -0.059863
vn -0.00997079 0.999152 -0.0399441
vn -0.00997079 0.999152 -0.0399441
vn -0.00997079 0.999152 -0.0399441
vn -0.0994311 0.99425 -0.0397482
vn -0.0994311 0.99425 -0.0397482
vn -0.0994311 0.99425 -0.0397482
vn -0.039999 0.999 0.019969
vn -0.039999 0.999 0.019969
vn -0.039999 0.999 0.019969
vn -0.287284 0.957654 0.0191426
vn -0.287284 0.957654 0.0191426
vn -0.287284 0.957654 0.0191426
vn -0.213817 0.972025 0.0972084
vn -0.213817 0.972025 0.0972084
vn -0.213817 0.972025 0.0972084
vn -0.401087 0.911493 0.0911549
vn -0.401087 0.911493 0.0911549
vn -0.401087 0.911493 0.0911549
vn -0.368311 0.920721 0.128914
vn -0.368311 0.920721 0.128914
vn -0.368311 0.920721 0.128914
vn -0.471569 0.873311 0.122276
vn -0.471569 0.873311 0.122276
vn -0.471569 0.873311 0.122276
vn -0.485924 0.867773 0.104155
vn -0.485924 0.867773 0.104155
vn -0.485924 0.867773 0.104155
vn -0.240908 0.963632 0.115661
vn -0.240908 0.963632 0.115661
vn -0.240908 0.963632 0.115661
vn -0.280725 0.956979 0.0733819
vn -0.280725 0.956979 0.0733819
vn -0.280725 0.956979 0.0733819
vn -0.480826 0.874249 0.0670381
vn -0.480826 0.874249 0.0670381
vn -0.480826 0.874249 0.0670381
vn -0.487777 0.871034 0.0580727
vn -0.487777 0.871034 0.0580727
vn -0.487777 0.871034 0.0580727
vn -0.38649 0.920251 0.061354
vn -0.38649 0.920251 0.061354
vn -0.38649 0.920251 0.061354
vn -0.589881 0.779571 -0.210499
vn -0.589881 0.779571 -0.210499
vn -0.589881 0.779571 -0.210499
vn -0.705124 0.684567 -0.184846
vn -0.705124 0.684567 -0.184846
vn -0.705124 0.684567 -0.184846
vn -0.685442 0.713986 -0.142806
vn -0.685442 0.713986 -0.142806
vn -0.685442 0.713986 -0.142806
vn -0.689181 0.710517 -0.142112
vn -0.689181 0.710517 -0.142112
vn -0.689181 0.710517 -0.142112
vn -0.63797 0.768679 -0.0461189
vn -0.63797 0.768679 -0.0461189
vn -0.63797 0.768679 -0.0461189
vn -0.588942 0.806724 -0.0484015
vn -0.588942 0.806724 -0.0484015
vn -0.588942 0.806724 -0.0484015
vn -0.325208 0.903238 0.280002
vn -0.325208 0.903238 0.280002
vn -0.325208 0.903238 0.280002
vn -0.379916 0.883541 0.273896
vn -0.379916 0.883541 0.273896
vn -0.379916 0.883541 0.273896
vn -0.537142 0.839305 0.0839356
vn -0.537142 0.839305 0.0839356
vn -0.537142 0.839305 0.0839356
vn -0.667122 0.741251 0.0741297
vn -0.667122 0.741251 0.0741297
vn -0.667122 0.741251 0.0741297
vn -0.638417 0.760024 0.121607
vn -0.638417 0.760024 0.121607
vn -0.638417 0.760024 0.121607
vn -0.367354 0.918399 0.146947
vn -0.367354 0.918399 0.146947
vn -0.367354 0.918399 0.146947
vn -0.416209 0.904759 0.0904538
vn -0.416209 0.904759 0.0904538
vn -0.416209 0.904759 0.0904538
vn -0.658777 0.748606 0.0748423
vn -0.658777 0.748606 0.0748423
vn -0.658777 0.748606 0.0748423
vn -0.106576 0.761345 0.639527
vn -0.106576 0.761345 0.639527
vn -0.106576 0.761345 0.639527
vn -0.604094 0.610202 0.512567
vn -0.604094 0.610202 0.512567
vn -0.604094 0.610202 0.512567
vn -0.580632 0.611204 0.537862
vn -0.580632 0.611204 0.537862
vn -0.580632 0.611204 0.537862
vn 0.811516 -0.438663 -0.386026
vn 0.811516 -0.438663 -0.386026
vn 0.811516 -0.438663 -0.386026
vn -0.0193237 0.965244 0.260635
vn -0.0193237 0.965244 0.260635
vn -0.0193237 0.965244 0.260635
vn -0.0384356 0.961418 0.272394
vn -0.0384356 0.961418 0.272394
vn -0.0384356 0.961418 0.272394
vn 0.0290213 0.967415 0.251527
vn 0.0290213 0.967415 0.251527
vn 0.0290213 0.967415 0.251527
vn -0.242876 0.879944 0.408301
vn -0.242876 0.879944 0.408301
vn -0.242876 0.879944 0.408301
vn -0.667775 0.733841 -0.124718
vn -0.667775 0.733841 -0.124718
vn -0.667775 0.733841 -0.124718
vn -0.174719 0.970699 -0.164973
vn -0.174719 0.970699 -0.164973
vn -0.174719 0.970699 -0.164973
vn 0.653993 0.373717 0.657745
vn 0.653993 0.373717 0.657745
vn 0.653993 0.373717 0.657745
vn 0.21011 0.48298 0.850049
vn 0.21011 0.48298 0.850049
vn 0.21011 0.48298 0.850049
vn 0.0178287 0.593709 0.804482
vn 0.0178287 0.593709 0.804482
vn 0.0178287 0.593709 0.804482
vn 0.640619 0.455957 0.617827
vn 0.640619 0.455957 0.617827
vn 0.640619 0.455957 0.617827
vn -0.0497386 0.993802 -0.0994166
vn -0.0497386 0.993802 -0.0994166
vn -0.0497386 0.993802 -0.0994166
vn 0.0265306 0.994683 -0.0995048
vn 0.0265306 0.994683 -0.0995048
vn 0.0265306 0.994683 -0.0995048
vn 0.0995048 0.994683 -0.0265306
vn 0.0995048 0.994683 -0.0265306
vn 0.0995048 0.994683 -0.0265306
vn -0.00665032 0.999622 -0.0266623
vn -0.00665032 0.999622 -0.0266623
vn -0.00665032 0.999622 -0.0266623
vn -0.0793685 0.991895 -0.0992258
vn -0.0793685 0.991895 -0.0992258
vn -0.0793685 0.991895 -0.0992258
vn -0.0990204 0.990143 -0.0990506
vn -0.0990204 0.990143 -0.0990506
vn -0.0990204 0.990143 -0.0990506
vn -0.703057 0.106848 -0.703061
vn -0.703057 0.106848 -0.703061
vn -0.703057 0.106848 -0.703061
vn -0.0180309 0.150226 -0.988487
vn -0.0180309 0.150226 -0.988487
vn -0.0180309 0.150226 -0.988487
vn 0.173269 0.176803 -0.968875
vn 0.173269 0.176803 -0.968875
vn 0.173269 0.176803 -0.968875
vn -0.0322951 0.179424 -0.983241
vn -0.0322951 0.179424 -0.983241
vn -0.0322951 0.179424 -0.983241
vn -0.177127 0.150104 -0.972674
vn -0.177127 0.150104 -0.972674
vn -0.177127 0.150104 -0.972674
vn -0.018298 0.15249 -0.988136
vn -0.018298 0.15249 -0.988136
vn -0.018298 0.15249 -0.988136
vn 0.201245 0.182947 -0.962305
vn 0.201245 0.182947 -0.962305
vn 0.201245 0.182947 -0.962305
vn -0.793868 0.113572 -0.59739
vn -0.793868 0.113572 -0.59739
vn -0.793868 0.113572 -0.59739
vn 0.0432974 0.481102 0.875595
vn 0.0432974 0.481102 0.875595
vn 0.0432974 0.481102 0.875595
vn 0.626682 0.375263 0.682969
vn 0.626682 0.375263 0.682969
vn 0.626682 0.375263 0.682969
vn -0.00988236 0.990291 0.138655
vn -0.00988236 0.990291 0.138655
vn -0.00988236 0.990291 0.138655
vn -0.429325 0.894425 0.125233
vn -0.429325 0.894425 0.125233
vn -0.429325 0.894425 0.125233
vn -0.0171641 0.857368 0.514417
vn -0.0171641 0.857368 0.514417
vn -0.0171641 0.857368 0.514417
vn -0.302398 0.817348 0.490406
vn -0.302398 0.817348 0.490406
vn -0.302398 0.817348 0.490406
vn 0.00951587 0.712997 0.701102
vn 0.00951587 0.712997 0.701102
vn 0.00951587 0.712997 0.701102
vn 0.568826 0.586437 0.576653
vn 0.568826 0.586437 0.576653
vn 0.568826 0.586437 0.576653
vn -0.0133451 0.999911 0
vn -0.0133451 0.999911 0
vn -0.0133451 0.999911 0
vn 0.0200155 0.9998 -0
vn 0.0200155 0.9998 -0
vn 0.0200155 0.9998 -0
vn 0 0.9998 -0.0200155
vn 0 0.9998 -0.0200155
vn 0 0.9998 -0.0200155
vn -0.0100073 0.99975 -0.0200145
vn -0.0100073 0.99975 -0.0200145
vn -0.0100073 0.99975 -0.0200145
vn -0.0100073 0.99975 -0.0200145
vn -0.0100073 0.99975 -0.0200145
vn -0.0100073 0.99975 -0.0200145
vn -0.0100073 0.99975 -0.0200145
vn -0.0100073 0.99975 -0.0200145
vn -0.0100073 0.99975 -0.0200145
vn -0.0100073 0.99975 -0.0200145
vn -0.0100073 0.99975 -0.0200145
vn -0.0100073 0.99975 -0.0200145
vn 0.417835 0.908341 -0.0181846
vn 0.417835 0.908341 -0.0181846
vn 0.417835 0.908341 -0.0181846
vn 0 0.901517 -0.432744
vn 0 0.901517 -0.432744
vn 0 0.901517 -0.432744
vn 0.777189 0.567296 -0.272312
vn 0.777189 0.567296 -0.272312
vn 0.777189 0.567296 -0.272312
vn 0.265879 0.565662 -0.780599
vn 0.265879 0.565662 -0.780599
vn 0.265879 0.565662 -0.780599
vn -0.0175821 0.586692 -0.809619
vn -0.0175821 0.586692 -0.809619
vn -0.0175821 0.586692 -0.809619
vn 0.817515 0.574364 0.0421203
vn 0.817515 0.574364 0.0421203
vn 0.817515 0.574364 0.0421203
vn 0.889318 0.456065 0.0334449
vn 0.889318 0.456065 0.0334449
vn 0.889318 0.456065 0.0334449
vn 0.88733 0.460559 0.0230223
vn 0.88733 0.460559 0.0230223
vn 0.88733 0.460559 0.0230223
vn -0.138463 0.989133 0.0494446
vn -0.138463 0.989133 0.0494446
vn -0.138463 0.989133 0.0494446
vn -0.148219 0.988165 0.0395049
vn -0.148219 0.988165 0.0395049
vn -0.148219 0.988165 0.0395049
vn -0.186548 0.981662 0.0392449
vn -0.186548 0.981662 0.0392449
vn -0.186548 0.981662 0.0392449
vn -0.147872 0.985855 0.0788853
vn -0.147872 0.985855 0.0788853
vn -0.147872 0.985855 0.0788853
vn -0.17657 0.981152 0.0785089
vn -0.17657 0.981152 0.0785089
vn -0.17657 0.981152 0.0785089
vn -0.0785089 0.981152 0.17657
vn -0.0785089 0.981152 0.17657
vn -0.0785089 0.981152 0.17657
vn -0.355687 0.919829 0.165534
vn -0.355687 0.919829 0.165534
vn -0.355687 0.919829 0.165534
vn 0.355687 -0.919829 -0.165534
vn 0.355687 -0.919829 -0.165534
vn 0.355687 -0.919829 -0.165534
vn -0 0 -1
vn -0 0 -1
vn -0 0 -1
vn -0.107322 0.271697 -0.95638
vn -0.107322 0.271697 -0.95638
vn -0.107322 0.271697 -0.95638
vn -0.22627 0.266188 -0.936988
vn -0.22627 0.266188 -0.936988
vn -0.22627 0.266188 -0.936988
vn 0.939849 0.340113 0.031754
vn 0.939849 0.340113 0.031754
vn 0.939849 0.340113 0.031754
vn -0.755999 0.651738 0.0608486
vn -0.755999 0.651738 0.0608486
vn -0.755999 0.651738 0.0608486
vn -0.846382 0.456686 -0.274
vn -0.846382 0.456686 -0.274
vn -0.846382 0.456686 -0.274
vn 0.514661 0.735217 -0.441112
vn 0.514661 0.735217 -0.441112
vn 0.514661 0.735217 -0.441112
vn 0.709398 0.682128 -0.17736
vn 0.709398 0.682128 -0.17736
vn 0.709398 0.682128 -0.17736
vn -0.421297 0.877738 -0.22822
vn -0.421297 0.877738 -0.22822
vn -0.421297 0.877738 -0.22822
vn -0.33583 0.93282 -0.130637
vn -0.33583 0.93282 -0.130637
vn -0.33583 0.93282 -0.130637
vn -0.98588 0.165833 -0.0232241
vn -0.98588 0.165833 -0.0232241
vn -0.98588 0.165833 -0.0232241
vn -0.691144 0.236694 0.682858
vn -0.691144 0.236694 0.682858
vn -0.691144 0.236694 0.682858
vn -0.630461 0.254217 0.733412
vn -0.630461 0.254217 0.733412
vn -0.630461 0.254217 0.733412
vn -0.676709 0.254881 0.690725
vn -0.676709 0.254881 0.690725
vn -0.676709 0.254881 0.690725
vn -0.911341 0.142509 0.386198
vn -0.911341 0.142509 0.386198
vn -0.911341 0.142509 0.386198
vn -0.0763319 0.117135 0.990178
vn -0.0763319 0.117135 0.990178
vn -0.0763319 0.117135 0.990178
vn 0.337305 0.110593 0.934877
vn 0.337305 0.110593 0.934877
vn 0.337305 0.110593 0.934877
vn -0.983739 0.173397 -0.0468139
vn -0.983739 0.173397 -0.0468139
vn -0.983739 0.173397 -0.0468139
vn 0.450955 0.861695 -0.23264
vn 0.450955 0.861695 -0.23264
vn 0.450955 0.861695 -0.23264
vn 0.785959 0.338777 0.517202
vn 0.785959 0.338777 0.517202
vn 0.785959 0.338777 0.517202
vn 0.815831 0.316867 0.483752
vn 0.815831 0.316867 0.483752
vn 0.815831 0.316867 0.483752
vn -0.610491 0.158022 -0.776099
vn -0.610491 0.158022 -0.776099
vn -0.610491 0.158022 -0.776099
vn 0.508339 0.171815 -0.843843
vn 0.508339 0.171815 -0.843843
vn 0.508339 0.171815 -0.843843
vn 0.703587 0.176854 -0.68825
vn 0.703587 0.176854 -0.68825
vn 0.703587 0.176854 -0.68825
vn -0.263299 0.240095 -0.93436
vn -0.263299 0.240095 -0.93436
vn -0.263299 0.240095 -0.93436
vn -0.490988 0.132401 -0.861046
vn -0.490988 0.132401 -0.861046
vn -0.490988 0.132401 -0.861046
vn -0.758988 0.0989556 -0.643541
vn -0.758988 0.0989556 -0.643541
vn -0.758988 0.0989556 -0.643541
vn -0.0344758 0.667279 0.744009
vn -0.0344758 0.667279 0.744009
vn -0.0344758 0.667279 0.744009
vn 0.971779 0.157501 0.175612
vn 0.971779 0.157501 0.175612
vn 0.971779 0.157501 0.175612
vn -0.196899 0.152635 -0.96847
vn -0.196899 0.152635 -0.96847
vn -0.196899 0.152635 -0.96847
vn -0.207138 0.152307 -0.966383
vn -0.207138 0.152307 -0.966383
vn -0.207138 0.152307 -0.966383
vn 0.205241 0.231912 -0.950838
vn 0.205241 0.231912 -0.950838
vn 0.205241 0.231912 -0.950838
vn -0.33372 0.223373 -0.915825
vn -0.33372 0.223373 -0.915825
vn -0.33372 0.223373 -0.915825
vn 0.875503 0.16115 0.45555
vn 0.875503 0.16115 0.45555
vn 0.875503 0.16115 0.45555
vn 0.685604 0.242777 0.686299
vn 0.685604 0.242777 0.686299
vn 0.685604 0.242777 0.686299
vn -0.690056 0.220263 -0.689426
vn -0.690056 0.220263 -0.689426
vn -0.690056 0.220263 -0.689426
vn 0.401387 0.278741 -0.872463
vn 0.401387 0.278741 -0.872463
vn 0.401387 0.278741 -0.872463
vn 0.745349 0.294022 -0.598335
vn 0.745349 0.294022 -0.598335
vn 0.745349 0.294022 -0.598335
vn 0.368934 0.409916 -0.83418
vn 0.368934 0.409916 -0.83418
vn 0.368934 0.409916 -0.83418
vn 0.949309 0.312787 0.031271
vn 0.949309 0.312787 0.031271
vn 0.949309 0.312787 0.031271
vn -0.337269 0.936738 0.093651
vn -0.337269 0.936738 0.093651
vn -0.337269 0.936738 0.093651
vn -0.473976 0.877735 -0.0701983
vn -0.473976 0.877735 -0.0701983
vn -0.473976 0.877735 -0.0701983
vn -0.118767 0.989762 -0.0791578
vn -0.118767 0.989762 -0.0791578
vn -0.118767 0.989762 -0.0791578
vn -0.254468 0.942478 -0.216752
vn -0.254468 0.942478 -0.216752
vn -0.254468 0.942478 -0.216752
vn -0.163431 0.961456 -0.221116
vn -0.163431 0.961456 -0.221116
vn -0.163431 0.961456 -0.221116
vn 0.0299413 0.999101 -0.0300023
vn 0.0299413 0.999101 -0.0300023
vn 0.0299413 0.999101 -0.0300023
vn -0.346867 0.937492 -0.0281522
vn -0.346867 0.937492 -0.0281522
vn -0.346867 0.937492 -0.0281522
vn -0.203837 0.970835 0.126213
vn -0.203837 0.970835 0.126213
vn -0.203837 0.970835 0.126213
vn -0.50501 0.855911 0.111273
vn -0.50501 0.855911 0.111273
vn -0.50501 0.855911 0.111273
vn -0.476671 0.866646 0.147341
vn -0.476671 0.866646 0.147341
vn -0.476671 0.866646 0.147341
vn -0.292268 0.942808 0.16029
vn -0.292268 0.942808 0.16029
vn -0.292268 0.942808 0.16029
vn -0.483151 0.873194 -0.064008
vn -0.483151 0.873194 -0.064008
vn -0.483151 0.873194 -0.064008
vn -0.386338 0.919889 -0.0674308
vn -0.386338 0.919889 -0.0674308
vn -0.386338 0.919889 -0.0674308
vn -0.360387 0.932058 -0.0372618
vn -0.360387 0.932058 -0.0372618
vn -0.360387 0.932058 -0.0372618
vn -0.573162 0.818788 -0.0327335
vn -0.573162 0.818788 -0.0327335
vn -0.573162 0.818788 -0.0327335
vn -0.343643 0.904313 0.253234
vn -0.343643 0.904313 0.253234
vn -0.343643 0.904313 0.253234
vn -0.447755 0.861034 0.241115
vn -0.447755 0.861034 0.241115
vn -0.447755 0.861034 0.241115
vn -0.497687 0.848268 0.180968
vn -0.497687 0.848268 0.180968
vn -0.497687 0.848268 0.180968
vn -0.506063 0.843515 0.179954
vn -0.506063 0.843515 0.179954
vn -0.506063 0.843515 0.179954
vn -0.311536 0.865461 0.392329
vn -0.311536 0.865461 0.392329
vn -0.311536 0.865461 0.392329
vn 1 0 0
vn 1 0 0
vn 1 0 0
vn -1 0 0
vn -1 0 0
vn -1 0 0
vn -0.23332 0.972205 -0.0194631
vn -0.23332 0.972205 -0.0194631
vn -0.23332 0.972205 -0.0194631
vn -0.108679 0.988118 0.108679
vn -0.108679 0.988118 0.108679
vn -0.108679 0.988118 0.108679
vn -0.0595322 0.992243 0.109132
vn -0.0595322 0.992243 0.109132
vn -0.0595322 0.992243 0.109132
vn -0.0893608 0.992829 0.0794032
vn -0.0893608 0.992829 0.0794032
vn -0.0893608 0.992829 0.0794032
vn -0.118796 0.989758 0.0791576
vn -0.118796 0.989758 0.0791576
vn -0.118796 0.989758 0.0791576
vn -0.118766 0.98976 0.0791879
vn -0.118766 0.98976 0.0791879
vn -0.118766 0.98976 0.0791879
vn -0.118796 0.989756 0.0791876
vn -0.118796 0.989756 0.0791876
vn -0.118796 0.989756 0.0791876
vn -0.131884 0.989068 0.0659618
vn -0.131884 0.989068 0.0659618
vn -0.131884 0.989068 0.0659618
vn -0.0597576 0.996 0.0664241
vn -0.0597576 0.996 0.0664241
vn -0.0597576 0.996 0.0664241
vn -0.164271 0.985628 -0.0394035
vn -0.164271 0.985628 -0.0394035
vn -0.164271 0.985628 -0.0394035
vn -0.10921 0.993225 -0.0397072
vn -0.10921 0.993225 -0.0397072
vn -0.10921 0.993225 -0.0397072
vn -0.0598869 0.998155 0.00996084
vn -0.0598869 0.998155 0.00996084
vn -0.0598869 0.998155 0.00996084
vn -0.0896297 0.995926 0.00993859
vn -0.0896297 0.995926 0.00993859
vn -0.0896297 0.995926 0.00993859
vn -0.0896297 0.995926 0.00993859
vn -0.0896297 0.995926 0.00993859
vn -0.0896297 0.995926 0.00993859
vn 0.00997825 0.9999 0.00997825
vn 0.00997825 0.9999 0.00997825
vn 0.00997825 0.9999 0.00997825
vn -0.00997825 -0.9999 -0.00997825
vn -0.00997825 -0.9999 -0.00997825
vn -0.00997825 -0.9999 -0.00997825
vn 0 0 -1
vn 0 0 -1
vn 0 0 -1
vn 0 0.99034 -0.138662
vn 0 0.99034 -0.138662
vn 0 0.99034 -0.138662
vn -0.0396211 0.989562 -0.138553
vn -0.0396211 0.989562 -0.138553
vn -0.0396211 0.989562 -0.138553
vn -0.0396211 0.989562 -0.138553
vn -0.0396211 0.989562 -0.138553
vn -0.0396211 0.989562 -0.138553
vn -0.212854 0.967645 -0.135485
vn -0.212854 0.967645 -0.135485
vn -0.212854 0.967645 -0.135485
vn -0.194755 0.973862 -0.116888
vn -0.194755 0.973862 -0.116888
vn -0.194755 0.973862 -0.116888
vn -0.369125 0.922757 -0.110754
vn -0.369125 0.922757 -0.110754
vn -0.369125 0.922757 -0.110754
vn -0.398468 0.905667 -0.144882
vn -0.398468 0.905667 -0.144882
vn -0.398468 0.905667 -0.144882
vn -0.483891 0.864141 -0.138239
vn -0.483891 0.864141 -0.138239
vn -0.483891 0.864141 -0.138239
vn -0.495754 0.854723 -0.15387
vn -0.495754 0.854723 -0.15387
vn -0.495754 0.854723 -0.15387
vn -0.277376 0.945562 -0.170223
vn -0.277376 0.945562 -0.170223
vn -0.277376 0.945562 -0.170223
vn -0.329938 0.916532 -0.226075
vn -0.329938 0.916532 -0.226075
vn -0.329938 0.916532 -0.226075
vn -0.477665 0.852977 -0.210398
vn -0.477665 0.852977 -0.210398
vn -0.477665 0.852977 -0.210398
vn -0.41426 0.900522 -0.132096
vn -0.41426 0.900522 -0.132096
vn -0.41426 0.900522 -0.132096
vn -0.599314 0.792038 -0.116183
vn -0.599314 0.792038 -0.116183
vn -0.599314 0.792038 -0.116183
vn -0.293784 0.918053 0.266215
vn -0.293784 0.918053 0.266215
vn -0.293784 0.918053 0.266215
vn -0.677868 0.706096 0.204752
vn -0.677868 0.706096 0.204752
vn -0.677868 0.706096 0.204752
vn -0.643826 0.720703 0.257052
vn -0.643826 0.720703 0.257052
vn -0.643826 0.720703 0.257052
vn -0.615875 0.742057 0.264669
vn -0.615875 0.742057 0.264669
vn -0.615875 0.742057 0.264669
vn -0.661049 0.723795 0.197824
vn -0.661049 0.723795 0.197824
vn -0.661049 0.723795 0.197824
vn -0.328084 0.911227 0.249052
vn -0.328084 0.911227 0.249052
vn -0.328084 0.911227 0.249052
vn -0.528974 0.848596 0.00849424
vn -0.528974 0.848596 0.00849424
vn -0.528974 0.848596 0.00849424
vn -0.539025 0.842248 0.0084307
vn -0.539025 0.842248 0.0084307
vn -0.539025 0.842248 0.0084307
vn -0.370336 0.903251 0.216771
vn -0.370336 0.903251 0.216771
vn -0.370336 0.903251 0.216771
vn -0.632598 0.753096 0.180736
vn -0.632598 0.753096 0.180736
vn -0.632598 0.753096 0.180736
vn -0.725662 0.687836 0.0171917
vn -0.725662 0.687836 0.0171917
vn -0.725662 0.687836 0.0171917
vn -0.417814 0.908249 0.0227007
vn -0.417814 0.908249 0.0227007
vn -0.417814 0.908249 0.0227007
vn -0.514938 0.851122 -0.10213
vn -0.514938 0.851122 -0.10213
vn -0.514938 0.851122 -0.10213
vn -0.137664 0.983424 -0.118006
vn -0.137664 0.983424 -0.118006
vn -0.137664 0.983424 -0.118006
vn -0.0499031 0.998305 -0.0299479
vn -0.0499031 0.998305 -0.0299479
vn -0.0499031 0.998305 -0.0299479
vn -0.68858 0.724835 -0.0217442
vn -0.68858 0.724835 -0.0217442
vn -0.68858 0.724835 -0.0217442
vn -0.0851553 0.774242 0.627134
vn -0.0851553 0.774242 0.627134
vn -0.0851553 0.774242 0.627134
vn -0.0155546 0.776971 0.629344
vn -0.0155546 0.776971 0.629344
vn -0.0155546 0.776971 0.629344
vn 0.0152056 0.76186 0.647563
vn 0.0152056 0.76186 0.647563
vn 0.0152056 0.76186 0.647563
vn 0.0228516 0.76175 0.647469
vn 0.0228516 0.76175 0.647469
vn 0.0228516 0.76175 0.647469
vn -0.00775429 0.777041 0.629402
vn -0.00775429 0.777041 0.629402
vn -0.00775429 0.777041 0.629402
vn -0.577351 0.63447 0.513919
vn -0.577351 0.63447 0.513919
vn -0.577351 0.63447 0.513919
vn 0.0049941 0.500449 0.865752
vn 0.0049941 0.500449 0.865752
vn 0.0049941 0.500449 0.865752
vn 0.658837 0.376485 0.6513
vn 0.658837 0.376485 0.6513
vn 0.658837 0.376485 0.6513
vn 0.0499638 0.998301 0.0299783
vn 0.0499638 0.998301 0.0299783
vn 0.0499638 0.998301 0.0299783
vn 0.0300023 0.999099 0.0300023
vn 0.0300023 0.999099 0.0300023
vn 0.0300023 0.999099 0.0300023
vn -0.0100088 0.9999 -0.0100088
vn -0.0100088 0.9999 -0.0100088
vn -0.0100088 0.9999 -0.0100088
vn -0.0499838 0.9987 -0.00999675
vn -0.0499838 0.9987 -0.00999675
vn -0.0499838 0.9987 -0.00999675
vn 0.0499838 -0.9987 0.00999675
vn 0.0499838 -0.9987 0.00999675
vn 0.0499838 -0.9987 0.00999675
vn 0 0 1
vn 0 0 1
vn 0 0 1
vn 0.00370576 0.148267 -0.98894
vn 0.00370576 0.148267 -0.98894
vn 0.00370576 0.148267 -0.98894
vn -0.0118631 0.148257 -0.988878
vn -0.0118631 0.148257 -0.988878
vn -0.0118631 0.148257 -0.988878
vn 0.175399 0.173666 -0.969059
vn 0.175399 0.173666 -0.969059
vn 0.175399 0.173666 -0.969059
vn -0.757609 0.115138 -0.642474
vn -0.757609 0.115138 -0.642474
vn -0.757609 0.115138 -0.642474
vn -0.00709162 0.710637 0.703523
vn -0.00709162 0.710637 0.703523
vn -0.00709162 0.710637 0.703523
vn 0.571505 0.583162 0.577325
vn 0.571505 0.583162 0.577325
vn 0.571505 0.583162 0.577325
vn -0.00997875 0.99995 0
vn -0.00997875 0.99995 0
vn -0.00997875 0.99995 0
vn -0.762905 0.646511 0
vn -0.762905 0.646511 0
vn -0.762905 0.646511 0
vn -0 0.646511 0.762905
vn -0 0.646511 0.762905
vn -0 0.646511 0.762905
vn 0.579557 0.526862 0.621715
vn 0.579557 0.526862 0.621715
vn 0.579557 0.526862 0.621715
vn -0.0100001 0.99751 0.0698178
vn -0.0100001 0.99751 0.0698178
vn -0.0100001 0.99751 0.0698178
vn 0.0894171 0.993564 0.0695416
vn 0.0894171 0.993564 0.0695416
vn 0.0894171 0.993564 0.0695416
vn 0.0299686 0.999501 0.00997427
vn 0.0299686 0.999501 0.00997427
vn 0.0299686 0.999501 0.00997427
vn -0.00997825 0.9999 0.00997825
vn -0.00997825 0.9999 0.00997825
vn -0.00997825 0.9999 0.00997825
vn -0.0399381 0.999002 -0.0199996
vn -0.0399381 0.999002 -0.0199996
vn -0.0399381 0.999002 -0.0199996
vn -0.0200115 0.999599 -0.0200115
vn -0.0200115 0.999599 -0.0200115
vn -0.0200115 0.999599 -0.0200115
vn -0 1 0
vn -0 1 0
vn -0 1 0
vn 0.0133451 0.999911 -0
vn 0.0133451 0.999911 -0
vn 0.0133451 0.999911 -0
vn -0.0199739 0.999245 -0.0333101
vn -0.0199739 0.999245 -0.0333101
vn -0.0199739 0.999245 -0.0333101
vn -0.0133377 0.999356 -0.0333138
vn -0.0133377 0.999356 -0.0333138
vn -0.0133377 0.999356 -0.0333138
vn -0.05973 0.995034 -0.0796197
vn -0.05973 0.995034 -0.0796197
vn -0.05973 0.995034 -0.0796197
vn 0 0.996814 -0.0797621
vn 0 0.996814 -0.0797621
vn 0 0.996814 -0.0797621
vn -0.0592934 0.9886 -0.138398
vn -0.0592934 0.9886 -0.138398
vn -0.0592934 0.9886 -0.138398
vn -0.00991261 0.990294 -0.138635
vn -0.00991261 0.990294 -0.138635
vn -0.00991261 0.990294 -0.138635
vn 0.138635 0.990294 0.00991261
vn 0.138635 0.990294 0.00991261
vn 0.138635 0.990294 0.00991261
vn -0.0100088 0.9999 0.0100088
vn -0.0100088 0.9999 0.0100088
vn -0.0100088 0.9999 0.0100088
vn 0.0199995 0.999 0.039999
vn 0.0199995 0.999 0.039999
vn 0.0199995 0.999 0.039999
vn -0 0.999199 0.040007
vn -0 0.999199 0.040007
vn -0 0.999199 0.040007
vn -0 0.999199 0.040007
vn -0 0.999199 0.040007
vn -0 0.999199 0.040007
vn 0.425106 0.904419 0.0362121
vn 0.425106 0.904419 0.0362121
vn 0.425106 0.904419 0.0362121
vn 0.0372197 0.931004 -0.363105
vn 0.0372197 0.931004 -0.363105
vn 0.0372197 0.931004 -0.363105
vn 0.798419 0.560948 -0.218778
vn 0.798419 0.560948 -0.218778
vn 0.798419 0.560948 -0.218778
vn 0.127678 0.532015 -0.837053
vn 0.127678 0.532015 -0.837053
vn 0.127678 0.532015 -0.837053
vn 0.718644 0.373005 -0.586872
vn 0.718644 0.373005 -0.586872
vn 0.718644 0.373005 -0.586872
vn -0.718644 -0.373005 0.586872
vn -0.718644 -0.373005 0.586872
vn -0.718644 -0.373005 0.586872
vn 0 0 -1
vn 0 0 -1
vn 0 0 -1
vn 0.105169 0.118391 -0.987382
vn 0.105169 0.118391 -0.987382
vn 0.105169 0.118391 -0.987382
vn -0.0178541 0.119032 -0.99273
vn -0.0178541 0.119032 -0.99273
vn -0.0178541 0.119032 -0.99273
vn -0.0384418 0.116484 -0.992448
vn -0.0384418 0.116484 -0.992448
vn -0.0384418 0.116484 -0.992448
vn -0.00932722 0.116565 -0.993139
vn -0.00932722 0.116565 -0.993139
vn -0.00932722 0.116565 -0.993139
vn 0.0167458 0.1196 -0.992681
vn 0.0167458 0.1196 -0.992681
vn 0.0167458 0.1196 -0.992681
vn -1 0 0
vn -1 0 0
vn -1 0 0
vn 0.0477797 0.238884 -0.969872
vn 0.0477797 0.238884 -0.969872
vn 0.0477797 0.238884 -0.969872
vn -0.0586573 0.251373 -0.966111
vn -0.0586573 0.251373 -0.966111
vn -0.0586573 0.251373 -0.966111
vn 0.963709 0.266956 0
vn 0.963709 0.266956 0
vn 0.963709 0.266956 0
vn 0.940323 0.340284 -0
vn 0.940323 0.340284 -0
vn 0.940323 0.340284 -0
vn 0.697975 0.453228 -0.554451
vn 0.697975 0.453228 -0.554451
vn 0.697975 0.453228 -0.554451
vn -0.760979 0.410605 -0.502309
vn -0.760979 0.410605 -0.502309
vn -0.760979 0.410605 -0.502309
vn -0.103239 0.884888 0.454218
vn -0.103239 0.884888 0.454218
vn -0.103239 0.884888 0.454218
vn 0.679124 0.653018 0.335198
vn 0.679124 0.653018 0.335198
vn 0.679124 0.653018 0.335198
vn 0.322918 0.931459 -0.167656
vn 0.322918 0.931459 -0.167656
vn 0.322918 0.931459 -0.167656
vn -0.333977 0.927674 -0.166974
vn -0.333977 0.927674 -0.166974
vn -0.333977 0.927674 -0.166974
vn 0.0958299 0.958533 0.268388
vn 0.0958299 0.958533 0.268388
vn 0.0958299 0.958533 0.268388
vn -0.94219 0.322669 0.0903468
vn -0.94219 0.322669 0.0903468
vn -0.94219 0.322669 0.0903468
vn -0.92506 0.185507 -0.331439
vn -0.92506 0.185507 -0.331439
vn -0.92506 0.185507 -0.331439
vn -0.791879 0.298259 -0.532888
vn -0.791879 0.298259 -0.532888
vn -0.791879 0.298259 -0.532888
vn -0.795121 0.328926 -0.509501
vn -0.795121 0.328926 -0.509501
vn -0.795121 0.328926 -0.509501
vn -0.333242 0.511376 -0.792114
vn -0.333242 0.511376 -0.792114
vn -0.333242 0.511376 -0.792114
vn 0.672898 0.739678 0.00916472
vn 0.672898 0.739678 0.00916472
vn 0.672898 0.739678 0.00916472
vn -0.984816 0.173587 0.00215077
vn -0.984816 0.173587 0.00215077
vn -0.984816 0.173587 0.00215077
vn -0.869123 0.229883 0.437926
vn -0.869123 0.229883 0.437926
vn -0.869123 0.229883 0.437926
vn 0.733229 0.316049 0.602071
vn 0.733229 0.316049 0.602071
vn 0.733229 0.316049 0.602071
vn 0.734077 0.294811 0.611733
vn 0.734077 0.294811 0.611733
vn 0.734077 0.294811 0.611733
vn -0.858922 0.222327 0.461328
vn -0.858922 0.222327 0.461328
vn -0.858922 0.222327 0.461328
vn -0.167873 0.191127 0.967103
vn -0.167873 0.191127 0.967103
vn -0.167873 0.191127 0.967103
vn 0.610748 0.153518 0.7768
vn 0.610748 0.153518 0.7768
vn 0.610748 0.153518 0.7768
vn 0.428976 0.366648 0.825559
vn 0.428976 0.366648 0.825559
vn 0.428976 0.366648 0.825559
vn -0.832932 0.22461 0.505741
vn -0.832932 0.22461 0.505741
vn -0.832932 0.22461 0.505741
vn -0.92789 0.0952008 -0.360495
vn -0.92789 0.0952008 -0.360495
vn -0.92789 0.0952008 -0.360495
vn -0.0131908 0.255308 -0.96677
vn -0.0131908 0.255308 -0.96677
vn -0.0131908 0.255308 -0.96677
vn 0.921403 0.150802 0.358155
vn 0.921403 0.150802 0.358155
vn 0.921403 0.150802 0.358155
vn -0.447636 0.347007 0.824141
vn -0.447636 0.347007 0.824141
vn -0.447636 0.347007 0.824141
vn -0.857122 0.095768 -0.506133
vn -0.857122 0.095768 -0.506133
vn -0.857122 0.095768 -0.506133
vn 0.162352 0.18345 -0.96953
vn 0.162352 0.18345 -0.96953
vn 0.162352 0.18345 -0.96953
vn 0.761796 0.2221 -0.608555
vn 0.761796 0.2221 -0.608555
vn 0.761796 0.2221 -0.608555
vn 0.881052 0.162171 -0.444351
vn 0.881052 0.162171 -0.444351
vn 0.881052 0.162171 -0.444351
vn 0.599034 0.16906 -0.782673
vn 0.599034 0.16906 -0.782673
vn 0.599034 0.16906 -0.782673
vn -0.551689 0.176097 -0.815248
vn -0.551689 0.176097 -0.815248
vn -0.551689 0.176097 -0.815248
vn 0.868317 0.336988 0.363956
vn 0.868317 0.336988 0.363956
vn 0.868317 0.336988 0.363956
vn 0.864797 0.341141 0.368442
vn 0.864797 0.341141 0.368442
vn 0.864797 0.341141 0.368442
vn 0.864141 0.469647 0.180811
vn 0.864141 0.469647 0.180811
vn 0.864141 0.469647 0.180811
vn 0.942954 0.310693 0.119615
vn 0.942954 0.310693 0.119615
vn 0.942954 0.310693 0.119615
vn 0.259311 0.4251 -0.867207
vn 0.259311 0.4251 -0.867207
vn 0.259311 0.4251 -0.867207
vn -0.231241 0.428226 -0.873585
vn -0.231241 0.428226 -0.873585
vn -0.231241 0.428226 -0.873585
vn 0.862371 0.489989 0.127382
vn 0.862371 0.489989 0.127382
vn 0.862371 0.489989 0.127382
vn -0.252824 0.936387 0.243432
vn -0.252824 0.936387 0.243432
vn -0.252824 0.936387 0.243432
vn -0.577464 0.802067 -0.152395
vn -0.577464 0.802067 -0.152395
vn -0.577464 0.802067 -0.152395
vn 0.0294288 0.981998 -0.186582
vn 0.0294288 0.981998 -0.186582
vn 0.0294288 0.981998 -0.186582
vn 0.0327622 0.9825 -0.183359
vn 0.0327622 0.9825 -0.183359
vn 0.0327622 0.9825 -0.183359
vn -0.202137 0.962735 -0.17967
vn -0.202137 0.962735 -0.17967
vn -0.202137 0.962735 -0.17967
vn -0.0333256 0.999395 -0.0100037
vn -0.0333256 0.999395 -0.0100037
vn -0.0333256 0.999395 -0.0100037
vn -0.481913 0.876175 -0.00877031
vn -0.481913 0.876175 -0.00877031
vn -0.481913 0.876175 -0.00877031
vn -0.432107 0.900203 0.05401
vn -0.432107 0.900203 0.05401
vn -0.432107 0.900203 0.05401
vn -0.483478 0.873785 0.052425
vn -0.483478 0.873785 0.052425
vn -0.483478 0.873785 0.052425
vn -0.64092 0.745269 -0.183838
vn -0.64092 0.745269 -0.183838
vn -0.64092 0.745269 -0.183838
vn -0.351456 0.908959 -0.224216
vn -0.351456 0.908959 -0.224216
vn -0.351456 0.908959 -0.224216
vn -0.223273 0.970832 -0.0873714
vn -0.223273 0.970832 -0.0873714
vn -0.223273 0.970832 -0.0873714
vn -0.353971 0.931492 -0.0838308
vn -0.353971 0.931492 -0.0838308
vn -0.353971 0.931492 -0.0838308
vn -0.107677 0.978468 0.176087
vn -0.107677 0.978468 0.176087
vn -0.107677 0.978468 0.176087
vn -0.500055 0.852302 0.153382
vn -0.500055 0.852302 0.153382
vn -0.500055 0.852302 0.153382
vn -0.41895 0.872847 0.250238
vn -0.41895 0.872847 0.250238
vn -0.41895 0.872847 0.250238
vn -0.327003 0.908428 0.260439
vn -0.327003 0.908428 0.260439
vn -0.327003 0.908428 0.260439
vn -0.458459 0.881671 0.11168
vn -0.458459 0.881671 0.11168
vn -0.458459 0.881671 0.11168
vn -1 0 0
vn -1 0 0
vn -1 0 0
vn -0.342848 0.90222 0.261638
vn -0.342848 0.90222 0.261638
vn -0.342848 0.90222 0.261638
vn -0.10924 0.993222 0.0397071
vn -0.10924 0.993222 0.0397071
vn -0.10924 0.993222 0.0397071
vn -0.138626 0.990296 0.0098824
vn -0.138626 0.990296 0.0098824
vn -0.138626 0.990296 0.0098824
vn -0.0896394 0.995925 0.00993858
vn -0.0896394 0.995925 0.00993858
vn -0.0896394 0.995925 0.00993858
vn -0.119087 0.992686 -0.019833
vn -0.119087 0.992686 -0.019833
vn -0.119087 0.992686 -0.019833
vn -0.119117 0.992682 -0.0198329
vn -0.119117 0.992682 -0.0198329
vn -0.119117 0.992682 -0.0198329
vn 0.119117 -0.992682 0.0198329
vn 0.119117 -0.992682 0.0198329
vn 0.119117 -0.992682 0.0198329
vn -0 0 -1
vn -0 0 -1
vn -0 0 -1
vn 0 0 1
vn 0 0 1
vn 0 0 1
vn -0 0 -1
vn -0 0 -1
vn -0 0 -1
vn -0.148279 0.988501 0.0296538
vn -0.148279 0.988501 0.0296538
vn -0.148279 0.988501 0.0296538
vn -0.059863 0.997758 0.0299315
vn -0.059863 0.997758 0.0299315
vn -0.059863 0.997758 0.0299315
vn -0.109334 0.993806 -0.0198955
vn -0.109334 0.993806 -0.0198955
vn -0.109334 0.993806 -0.0198955
vn -0.0896163 0.995777 -0.019935
vn -0.0896163 0.995777 -0.019935
vn -0.0896163 0.995777 -0.019935
vn -0.0994354 0.994597 -0.0298367
vn -0.0994354 0.994597 -0.0298367
vn -0.0994354 0.994597 -0.0298367
vn -1 0 0
vn -1 0 0
vn -1 0 0
vn -0.049923 0.998703 -0.00999678
vn -0.049923 0.998703 -0.00999678
vn -0.049923 0.998703 -0.00999678
vn -0.0698364 0.997558 0
vn -0.0698364 0.997558 0
vn -0.0698364 0.997558 0
vn -0.0896464 0.995774 -0.0199349
vn -0.0896464 0.995774 -0.0199349
vn -0.0896464 0.995774 -0.0199349
vn -0.039999 0.999 -0.0199995
vn -0.039999 0.999 -0.0199995
vn -0.039999 0.999 -0.0199995
vn -0.0598422 0.997411 -0.0398745
vn -0.0598422 0.997411 -0.0398745
vn -0.0598422 0.997411 -0.0398745
vn -0.195948 0.979832 -0.0391717
vn -0.195948 0.979832 -0.0391717
vn -0.195948 0.979832 -0.0391717
vn -0.0595937 0.993268 0.0993329
vn -0.0595937 0.993268 0.0993329
vn -0.0595937 0.993268 0.0993329
vn -0.40104 0.911514 0.0911569
vn -0.40104 0.911514 0.0911569
vn -0.40104 0.911514 0.0911569
vn 0.40104 -0.911514 -0.0911569
vn 0.40104 -0.911514 -0.0911569
vn 0.40104 -0.911514 -0.0911569
vn -0 0 -1
vn -0 0 -1
vn -0 0 -1
vn 0 0 1
vn 0 0 1
vn 0 0 1
vn -0 0 1
vn -0 0 1
vn -0 0 1
vn -0.356374 0.75824 -0.545957
vn -0.356374 0.75824 -0.545957
vn -0.356374 0.75824 -0.545957
vn -0.349742 0.760271 -0.54742
vn -0.349742 0.760271 -0.54742
vn -0.349742 0.760271 -0.54742
vn -0.304832 0.802179 -0.513406
vn -0.304832 0.802179 -0.513406
vn -0.304832 0.802179 -0.513406
vn -0.260244 0.813244 -0.520488
vn -0.260244 0.813244 -0.520488
vn -0.260244 0.813244 -0.520488
vn -0.260244 0.813244 -0.520488
vn -0.260244 0.813244 -0.520488
vn -0.260244 0.813244 -0.520488
vn -0.601238 0.673029 -0.430749
vn -0.601238 0.673029 -0.430749
vn -0.601238 0.673029 -0.430749
vn -0.367966 0.919999 -0.134915
vn -0.367966 0.919999 -0.134915
vn -0.367966 0.919999 -0.134915
vn -0.670458 0.734096 -0.107653
vn -0.670458 0.734096 -0.107653
vn -0.670458 0.734096 -0.107653
vn 0.670458 -0.734096 0.107653
vn 0.670458 -0.734096 0.107653
vn 0.670458 -0.734096 0.107653
vn -0 0 1
vn -0 0 1
vn -0 0 1
vn 0 0 -1
vn 0 0 -1
vn 0 0 -1
vn -0 0 1
vn -0 0 1
vn -0 0 1
vn -0.443542 0.858451 -0.257551
vn -0.443542 0.858451 -0.257551
vn -0.443542 0.858451 -0.257551
vn -0.710788 0.673738 -0.202134
vn -0.710788 0.673738 -0.202134
vn -0.710788 0.673738 -0.202134
vn -0.614897 0.788361 -0.0197042
vn -0.614897 0.788361 -0.0197042
vn -0.614897 0.788361 -0.0197042
vn -0.517526 0.8554 -0.0213798
vn -0.517526 0.8554 -0.0213798
vn -0.517526 0.8554 -0.0213798
vn -0.467836 0.882712 0.0441517
vn -0.467836 0.882712 0.0441517
vn -0.467836 0.882712 0.0441517
vn -0.0498633 0.997509 0.0498937
vn -0.0498633 0.997509 0.0498937
vn -0.0498633 0.997509 0.0498937
vn -0 0.995037 0.0995097
vn -0 0.995037 0.0995097
vn -0 0.995037 0.0995097
vn -0.10879 0.989131 0.0989191
vn -0.10879 0.989131 0.0989191
vn -0.10879 0.989131 0.0989191
vn -0.214853 0.976598 -0.00977551
vn -0.214853 0.976598 -0.00977551
vn -0.214853 0.976598 -0.00977551
vn 0.0199535 0.999751 -0.0100073
vn 0.0199535 0.999751 -0.0100073
vn 0.0199535 0.999751 -0.0100073
vn -0.0100013 0.999152 -0.0399441
vn -0.0100013 0.999152 -0.0399441
vn -0.0100013 0.999152 -0.0399441
vn -0.00997079 0.999152 -0.0399441
vn -0.00997079 0.999152 -0.0399441
vn -0.00997079 0.999152 -0.0399441
vn 0.00997079 -0.999152 0.0399441
vn 0.00997079 -0.999152 0.0399441
vn 0.00997079 -0.999152 0.0399441
vn 0 0 1
vn 0 0 1
vn 0 0 1
vn 0 0.999801 -0.0199545
vn 0 0.999801 -0.0199545
vn 0 0.999801 -0.0199545
vn 0.0499763 0.998552 -0.0199296
vn 0.0499763 0.998552 -0.0199296
vn 0.0499763 0.998552 -0.0199296
vn 0.0399281 0.998752 -0.0299918
vn 0.0399281 0.998752 -0.0299918
vn 0.0399281 0.998752 -0.0299918
vn -0.0100048 0.999499 -0.0300143
vn -0.0100048 0.999499 -0.0300143
vn -0.0100048 0.999499 -0.0300143
vn -0.0695565 0.99356 -0.0894471
vn -0.0695565 0.99356 -0.0894471
vn -0.0695565 0.99356 -0.0894471
vn -1 0 -0
vn -1 0 -0
vn -1 0 -0
vn 1 0 0
vn 1 0 0
vn 1 0 0
vn -0.957142 0.289604 -0.00289886
vn -0.957142 0.289604 -0.00289886
vn -0.957142 0.289604 -0.00289886
vn -0.951697 0.287956 0.106551
vn -0.951697 0.287956 0.106551
vn -0.951697 0.287956 0.106551
vn 0.687685 0.68089 0.251947
vn 0.687685 0.68089 0.251947
vn 0.687685 0.68089 0.251947
vn 0.55075 0.834503 0.0167064
vn 0.55075 0.834503 0.0167064
vn 0.55075 0.834503 0.0167064
vn -0.00997675 0.99975 0.0200145
vn -0.00997675 0.99975 0.0200145
vn -0.00997675 0.99975 0.0200145
vn -0.0100073 0.99975 0.019984
vn -0.0100073 0.99975 0.019984
vn -0.0100073 0.99975 0.019984
vn -0.00997676 0.99975 0.019984
vn -0.00997676 0.99975 0.019984
vn -0.00997676 0.99975 0.019984
vn -0.0100073 0.999751 0.0199535
vn -0.0100073 0.999751 0.0199535
vn -0.0100073 0.999751 0.0199535
vn -0 0.999801 0.0199545
vn -0 0.999801 0.0199545
vn -0 0.999801 0.0199545
vn -0 0.999801 0.0199545
vn -0 0.999801 0.0199545
vn -0 0.999801 0.0199545
vn -0.0100225 0.999751 0.0199535
vn -0.0100225 0.999751 0.0199535
vn -0.0100225 0.999751 0.0199535
vn 0.0100225 -0.999751 -0.0199535
vn 0.0100225 -0.999751 -0.0199535
vn 0.0100225 -0.999751 -0.0199535
vn 0 0 1
vn 0 0 1
vn 0 0 1
vn 0.00997079 0.999152 -0.0399441
vn 0.00997079 0.999152 -0.0399441
vn 0.00997079 0.999152 -0.0399441
vn -0.0399143 0.998406 -0.0399143
vn -0.0399143 0.998406 -0.0399143
vn -0.0399143 0.998406 -0.0399143
vn -0.0200115 0.999599 -0.0200115
vn -0.0200115 0.999599 -0.0200115
vn -0.0200115 0.999599 -0.0200115
vn 0 0.9998 -0.0200155
vn 0 0.9998 -0.0200155
vn 0 0.9998 -0.0200155
vn 0.0200155 0.9998 0
vn 0.0200155 0.9998 0
vn 0.0200155 0.9998 0
vn -0.019985 0.9998 0
vn -0.019985 0.9998 0
vn -0.019985 0.9998 0
vn -0.26153 0.934142 -0.242858
vn -0.26153 0.934142 -0.242858
vn -0.26153 0.934142 -0.242858
vn -0.057999 0.966198 -0.251191
vn -0.057999 0.966198 -0.251191
vn -0.057999 0.966198 -0.251191
vn 0.057999 -0.966198 0.251191
vn 0.057999 -0.966198 0.251191
vn 0.057999 -0.966198 0.251191
vn -0 0 1
vn -0 0 1
vn -0 0 1
vn 0 0 -1
vn 0 0 -1
vn 0 0 -1
vn 0 0 1
vn 0 0 1
vn 0 0 1
vn 0.0398495 0.996025 -0.0796686
vn 0.0398495 0.996025 -0.0796686
vn 0.0398495 0.996025 -0.0796686
vn 0.0199518 0.996618 -0.079716
vn 0.0199518 0.996618 -0.079716
vn 0.0199518 0.996618 -0.079716
vn 0.0598118 0.997411 -0.0399354
vn 0.0598118 0.997411 -0.0399354
vn 0.0598118 0.997411 -0.0399354
vn 0 0.999199 -0.040007
vn 0 0.999199 -0.040007
vn 0 0.999199 -0.040007
vn 0.040007 0.999199 0
vn 0.040007 0.999199 0
vn 0.040007 0.999199 0
vn 0.0399461 0.999202 -0
vn 0.0399461 0.999202 -0
vn 0.0399461 0.999202 -0
vn -0.0399461 -0.999202 -0
vn -0.0399461 -0.999202 -0
vn -0.0399461 -0.999202 -0
vn 0 0 1
vn 0 0 1
vn 0 0 1
vn 0.0275488 0.196799 -0.980057
vn 0.0275488 0.196799 -0.980057
vn 0.0275488 0.196799 -0.980057
vn -1 0 -0
vn -1 0 -0
vn -1 0 -0
vn -0.0350136 0.291718 -0.955863
vn -0.0350136 0.291718 -0.955863
vn -0.0350136 0.291718 -0.955863
vn -0.656389 0.305139 -0.689959
vn -0.656389 0.305139 -0.689959
vn -0.656389 0.305139 -0.689959
vn -0.296141 0.871013 -0.391966
vn -0.296141 0.871013 -0.391966
vn -0.296141 0.871013 -0.391966
vn -0.288181 0.87323 -0.392964
vn -0.288181 0.87323 -0.392964
vn -0.288181 0.87323 -0.392964
vn 0.288181 -0.87323 0.392964
vn 0.288181 -0.87323 0.392964
vn 0.288181 -0.87323 0.392964
vn 0 0 1
vn 0 0 1
vn 0 0 1
vn 0 0 -1
vn 0 0 -1
vn 0 0 -1
vn 0 0 1
vn 0 0 1
vn 0 0 1
vn 0.144262 0.848532 -0.509099
vn 0.144262 0.848532 -0.509099
vn 0.144262 0.848532 -0.509099
vn 0.95158 0.263597 -0.158152
vn 0.95158 0.263597 -0.158152
vn 0.95158 0.263597 -0.158152
vn -0.0356757 0.222925 -0.974182
vn -0.0356757 0.222925 -0.974182
vn -0.0356757 0.222925 -0.974182
vn 0.32489 0.210966 -0.921922
vn 0.32489 0.210966 -0.921922
vn 0.32489 0.210966 -0.921922
vn -0.32489 -0.210966 0.921922
vn -0.32489 -0.210966 0.921922
vn -0.32489 -0.210966 0.921922
vn 0 0 -1
vn 0 0 -1
vn 0 0 -1
vn 0.522026 0.733523 -0.435238
vn 0.522026 0.733523 -0.435238
vn 0.522026 0.733523 -0.435238
vn 0.285718 0.824154 -0.489015
vn 0.285718 0.824154 -0.489015
vn 0.285718 0.824154 -0.489015
vn 0.735695 0.66881 0.106992
vn 0.735695 0.66881 0.106992
vn 0.735695 0.66881 0.106992
vn 0.0982428 0.982668 0.1572
vn 0.0982428 0.982668 0.1572
vn 0.0982428 0.982668 0.1572
vn -0.175923 0.977392 -0.117282
vn -0.175923 0.977392 -0.117282
vn -0.175923 0.977392 -0.117282
vn -0.980207 0.196566 -0.023587
vn -0.980207 0.196566 -0.023587
vn -0.980207 0.196566 -0.023587
vn -0.0777456 0.215969 0.9733
vn -0.0777456 0.215969 0.9733
vn -0.0777456 0.215969 0.9733
vn -0.463897 0.191905 0.864854
vn -0.463897 0.191905 0.864854
vn -0.463897 0.191905 0.864854
vn -0.989822 0.142216 -0.0051187
vn -0.989822 0.142216 -0.0051187
vn -0.989822 0.142216 -0.0051187
vn 0.672688 0.739448 -0.0266145
vn 0.672688 0.739448 -0.0266145
vn 0.672688 0.739448 -0.0266145
vn -0.672688 -0.739448 0.0266145
vn -0.672688 -0.739448 0.0266145
vn -0.672688 -0.739448 0.0266145
vn 0 0 -1
vn 0 0 -1
vn 0 0 -1
vn -0.590989 0.411696 0.693713
vn -0.590989 0.411696 0.693713
vn -0.590989 0.411696 0.693713
vn 0.785861 0.315608 0.531803
vn 0.785861 0.315608 0.531803
vn 0.785861 0.315608 0.531803
vn 0.783611 0.29276 0.547946
vn 0.783611 0.29276 0.547946
vn 0.783611 0.29276 0.547946
vn -0.382441 0.435418 0.814954
vn -0.382441 0.435418 0.814954
vn -0.382441 0.435418 0.814954
vn 0.0373542 0.329481 0.943423
vn 0.0373542 0.329481 0.943423
vn 0.0373542 0.329481 0.943423
vn 0.359909 0.307616 0.880817
vn 0.359909 0.307616 0.880817
vn 0.359909 0.307616 0.880817
vn -0.75503 0.0603057 -0.652911
vn -0.75503 0.0603057 -0.652911
vn -0.75503 0.0603057 -0.652911
vn -0.667494 0.0684844 -0.741459
vn -0.667494 0.0684844 -0.741459
vn -0.667494 0.0684844 -0.741459
vn 0.667494 -0.0684844 0.741459
vn 0.667494 -0.0684844 0.741459
vn 0.667494 -0.0684844 0.741459
vn 0 0 1
vn 0 0 1
vn 0 0 1
vn -0.214233 0.117819 0.969651
vn -0.214233 0.117819 0.969651
vn -0.214233 0.117819 0.969651
vn -0.733617 0.0819685 0.674602
vn -0.733617 0.0819685 0.674602
vn -0.733617 0.0819685 0.674602
vn -0.287924 0.0723424 0.954917
vn -0.287924 0.0723424 0.954917
vn -0.287924 0.0723424 0.954917
vn 0.250822 0.0731265 0.965267
vn 0.250822 0.0731265 0.965267
vn 0.250822 0.0731265 0.965267
vn -0.70481 0.143254 0.694781
vn -0.70481 0.143254 0.694781
vn -0.70481 0.143254 0.694781
vn 0.581908 0.164227 0.7965
vn 0.581908 0.164227 0.7965
vn 0.581908 0.164227 0.7965
vn 0.308961 0.417521 0.854529
vn 0.308961 0.417521 0.854529
vn 0.308961 0.417521 0.854529
vn 0.74921 0.290763 0.595097
vn 0.74921 0.290763 0.595097
vn 0.74921 0.290763 0.595097
vn 0.733909 0.125027 0.667642
vn 0.733909 0.125027 0.667642
vn 0.733909 0.125027 0.667642
vn 0.320781 0.174339 0.93097
vn 0.320781 0.174339 0.93097
vn 0.320781 0.174339 0.93097
vn -0.125247 0.305477 0.943927
vn -0.125247 0.305477 0.943927
vn -0.125247 0.305477 0.943927
vn 0.184592 0.30261 0.935068
vn 0.184592 0.30261 0.935068
vn 0.184592 0.30261 0.935068
vn -0.133244 0.416377 0.899376
vn -0.133244 0.416377 0.899376
vn -0.133244 0.416377 0.899376
vn 0.594535 0.337808 0.729667
vn 0.594535 0.337808 0.729667
vn 0.594535 0.337808 0.729667
vn -0.594535 -0.337808 -0.729667
vn -0.594535 -0.337808 -0.729667
vn -0.594535 -0.337808 -0.729667
vn 0 0 -1
vn 0 0 -1
vn 0 0 -1
vn 0 0 1
vn 0 0 1
vn 0 0 1
vn 0 0 1
vn 0 0 1
vn 0 0 1
vn 0 0 -1
vn 0 0 -1
vn 0 0 -1
vn 0 0 -1
vn 0 0 -1
vn 0 0 -1
vn 0 0.984185 -0.177146
vn 0 0.984185 -0.177146
vn 0 0.984185 -0.177146
vn -0.427152 0.88988 -0.160172
vn -0.427152 0.88988 -0.160172
vn -0.427152 0.88988 -0.160172
vn -0.251454 0.967095 0.0386921
vn -0.251454 0.967095 0.0386921
vn -0.251454 0.967095 0.0386921
vn -0.651733 0.757842 0.0303202
vn -0.651733 0.757842 0.0303202
vn -0.651733 0.757842 0.0303202
vn -0.0150274 0.750638 0.660542
vn -0.0150274 0.750638 0.660542
vn -0.0150274 0.750638 0.660542
vn -0.170135 0.739778 0.650986
vn -0.170135 0.739778 0.650986
vn -0.170135 0.739778 0.650986
vn -0.515659 0.781334 0.351586
vn -0.515659 0.781334 0.351586
vn -0.515659 0.781334 0.351586
vn -0.0998528 0.90737 0.4083
vn -0.0998528 0.90737 0.4083
vn -0.0998528 0.90737 0.4083
vn -0.526254 0.848803 -0.0509002
vn -0.526254 0.848803 -0.0509002
vn -0.526254 0.848803 -0.0509002
vn -0.432086 0.900215 -0.0539832
vn -0.432086 0.900215 -0.0539832
vn -0.432086 0.900215 -0.0539832
vn -0.248679 0.956421 0.153031
vn -0.248679 0.956421 0.153031
vn -0.248679 0.956421 0.153031
vn -0.456766 0.878414 0.140549
vn -0.456766 0.878414 0.140549
vn -0.456766 0.878414 0.140549
vn -0.562306 0.826929 0
vn -0.562306 0.826929 0
vn -0.562306 0.826929 0
vn -0.355222 0.934782 0
vn -0.355222 0.934782 0
vn -0.355222 0.934782 0
vn 0.355222 -0.934782 0
vn 0.355222 -0.934782 0
vn 0.355222 -0.934782 0
f 1/1/1 3/3/3 2/2/2
f 4/4/4 6/6/6 5/5/5
f 7/7/7 9/9/9 8/8/8
f 10/10/10 12/12/12 11/11/11
f 13/13/13 15/15/15 14/14/14
f 16/16/16 18/18/18 17/17/17
f 19/19/19 21/21/21 20/20/20
f 22/22/22 24/24/24 23/23/23
f 25/25/25 27/27/27 26/26/26
f 28/28/28 30/30/30 29/29/29
f 31/31/31 33/33/33 32/32/32
f 34/34/34 36/36/36 35/35/35
f 37/37/37 39/39/39 38/38/38
f 40/40/40 42/42/42 41/41/41
f 43/43/43 45/45/45 44/44/44
f 46/46/46 48/48/48 47/47/47
f 49/49/49 51/51/51 50/50/50
f 52/52/52 54/54/54 53/53/53
f 55/55/55 57/57/57 56/56/56
f 58/58/58 60/60/60 59/59/59
f 61/61/61 63/63/63 62/62/62
f 64/64/64 66/66/66 65/65/65
f 67/67/67 69/69/69 68/68/68
f 70/70/70 72/72/72 71/71/71
f 73/73/73 75/75/75 74/74/74
f 76/76/76 78/78/78 77/77/77
f 79/79/79 81/81/81 80/80/80
f 82/82/82 84/84/84 83/83/83
f 85/85/85 87/87/87 86/86/86
f 88/88/88 90/90/90 89/89/89
f 91/91/91 93/93/93 92/92/92
f 94/94/94 96/96/96 95/95/95
f 97/97/97 99/99/99 98/98/98
f 100/100/100 102/102/102 101/101/101
f 103/103/103 105/105/105 104/104/104
f 106/106/106 108/108/108 107/107/107
f 109/109/109 111/111/111 110/110/110
f 112/112/112 114/114/114 113/113/113
f 115/115/115 117/117/117 116/116/116
f 118/118/118 120/120/120 119/119/119
f 121/121/121 123/123/123 122/122/122
f 124/124/124 126/126/126 125/125/125
f 127/127/127 129/129/129 128/128/128
f 130/130/130 132/132/132 131/131/131
f 133/133/133 135/135/135 134/134/134
f 136/136/136 138/138/138 137/137/137
f 139/139/139 141/141/141 140/140/140
f 142/142/142 144/144/144 143/143/143
f 145/145/145 147/147/147 146/146/146
f 148/148/148 150/150/150 149/149/149
f 151/151/151 153/153/153 152/152/152
f 154/154/154 156/156/156 155/155/155
f 157/157/157 159/159/159 158/158/158
f 160/160/160 162/162/162 161/161/161
f 163/163/163 165/165/165 164/164/164
f 166/166/166 168/168/168 167/167/167
f 169/169/169 171/171/171 170/170/170
f 172/172/172 174/174/174 173/173/173
f 175/175/175 177/177/177 176/176/176
f 178/178/178 180/180/180 179/179/179
f 181/181/181 183/183/183 182/182/182
f 184/184/184 186/186/186 185/185/185
f 187/187/187 189/189/189 188/188/188
f 190/190/190 192/192/192 191/191/191
f 193/193/193 195/195/195 194/194/194
f 196/196/196 198/198/198 197/197/197
f 199/199/199 201/201/201 200/200/200
f 202/202/202 204/204/204 203/203/203
f 205/205/205 207/207/207 206/206/206
f 208/208/208 210/210/210 209/209/209
f 211/211/211 213/213/213 212/212/212
f 214/214/214 216/216/216 215/215/215
f 217/217/217 219/219/219 218/218/218
f 220/220/220 222/222/222 221/221/221
f 223/223/223 225/225/225 224/224/224
f 226/226/226 228/228/228 227/227/227
f 229/229/229 231/231/231 230/230/230
f 232/232/232 234/234/234 233/233/233
f 235/235/235 237/237/237 236/236/236
f 238/238/238 240/240/240 239/239/239
f 241/241/241 243/243/243 242/242/242
f 244/244/244 246/246/246 245/245/245
f 247/247/247 249/249/249 248/248/248
f 250/250/250 252/252/252 251/251/251
f 253/253/253 255/255/255 254/254/254
f 256/256/256 258/258/258 257/257/257
f 259/259/259 261/261/261 260/260/260
f 262/262/262 264/264/264 263/263/263
f 265/265/265 267/267/267 266/266/266
f 268/268/268 270/270/270 269/269/269
f 271/271/271 273/273/273 272/272/272
f 274/274/274 276/276/276 275/275/275
f 277/277/277 279/279/279 278/278/278
f 280/280/280 282/282/282 281/281/281
f 283/283/283 285/285/285 284/284/284
f 286/286/286 288/288/288 287/287/287
f 289/289/289 291/291/291 290/290/290
f 292/292/292 294/294/294 293/293/293
f 295/295/295 297/297/297 296/296/296
f 298/298/298 300/300/300 299/299/299
f 301/301/301 303/303/303 302/302/302
f 304/304/304 306/306/306 305/305/305
f 307/307/307 309/309/309 308/308/308
f 310/310/310 312/312/312 311/311/311
f 313/313/313 315/315/315 314/314/314
f 316/316/316 318/318/318 317/317/317
f 319/319/319 321/321/321 320/320/320
f 322/322/322 324/324/324 323/323/323
f 325/325/325 327/327/327 326/326/326
f 328/328/328 330/330/330 329/329/329
f 331/331/331 333/333/333 332/332/332
f 334/334/334 336/336/336 335/335/335
f 337/337/337 339/339/339 338/338/338
f 340/340/340 342/342/342 341/341/341
f 343/343/343 345/345/345 344/344/344
f 346/346/346 348/348/348 347/347/347
f 349/349/349 351/351/351 350/350/350
f 352/352/352 354/354/354 353/353/353
f 355/355/355 357/357/357 356/356/356
f 358/358/358 360/360/360 359/359/359
f 361/361/361 363/363/363 362/362/362
f 364/364/364 366/366/366 365/365/365
f 367/367/367 369/369/369 368/368/368
f 370/370/370 372/372/372 371/371/371
f 373/373/373 375/375/375 374/374/374
f 376/376/376 378/378/378 377/377/377
f 379/379/379 381/381/381 380/380/380
f 382/382/382 384/384/384 383/383/383
f 385/385/385 387/387/387 386/386/386
f 388/388/388 390/390/390 389/389/389
f 391/391/391 393/393/393 392/392/392
f 394/394/394 396/396/396 395/395/395
f 397/397/397 399/399/399 398/398/398
f 400/400/400 402/402/402 401/401/401
f 403/403/403 405/405/405 404/404/404
f 406/406/406 408/408/408 407/407/407
f 409/409/409 411/411/411 410/410/410
f 412/412/412 414/414/414 413/413/413
f 415/415/415 417/417/417 416/416/416
f 418/418/418 420/420/420 419/419/419
f 421/421/421 423/423/423 422/422/422
f 424/424/424 426/426/426 425/425/425
f 427/427/427 429/429/429 428/428/428
f 430/430/430 432/432/432 431/431/431
f 433/433/433 435/435/435 434/434/434
f 436/436/436 438/438/438 437/437/437
f 439/439/439 441/441/441 440/440/440
f 442/442/442 444/444/444 443/443/443
f 445/445/445 447/447/447 446/446/446
f 448/448/448 450/450/450 449/449/449
f 451/451/451 453/453/453 452/452/452
f 454/454/454 456/456/456 455/455/455
f 457/457/457 459/459/459 458/458/458
f 460/460/460 462/462/462 461/461/461
f 463/463/463 465/465/465 464/464/464
f 466/466/466 468/468/468 467/467/467
f 469/469/469 471/471/471 470/470/470
f 472/472/472 474/474/474 473/473/473
f 475/475/475 477/477/477 476/476/476
f 478/478/478 480/480/480 479/479/479
f 481/481/481 483/483/483 482/482/482
f 484/484/484 486/486/486 485/485/485
f 487/487/487 489/489/489 488/488/488
f 490/490/490 492/492/492 491/491/491
f 493/493/493 495/495/495 494/494/494
f 496/496/496 498/498/498 497/497/497
f 499/499/499 501/501/501 500/500/500
f 502/502/502 504/504/504 503/503/503
f 505/505/505 507/507/507 506/506/506
f 508/508/508 510/510/510 509/509/509
f 511/511/511 513/513/513 512/512/512
f 514/514/514 516/516/516 515/515/515
f 517/517/517 519/519/519 518/518/518
f 520/520/520 522/522/522 521/521/521
f 523/523/523 525/525/525 524/524/524
f 526/526/526 528/528/528 527/527/527
f 529/529/529 531/531/531 530/530/530
f 532/532/532 534/534/534 533/533/533
f 535/535/535 537/537/537 536/536/536
f 538/538/538 540/540/540 539/539/539
f 541/541/541 543/543/543 542/542/542
f 544/544/544 546/546/546 545/545/545
f 547/547/547 549/549/549 548/548/548
f 550/550/550 552/552/552 551/551/551
f 553/553/553 555/555/555 554/554/554
f 556/556/556 558/558/558 557/557/557
f 559/559/559 561/561/561 560/560/560
f 562/562/562 564/564/564 563/563/563
f 565/565/565 567/567/567 566/566/566
f 568/568/568 570/570/570 569/569/569
f 571/571/571 573/573/573 572/572/572
f 574/574/574 576/576/576 575/575/575
f 577/577/577 579/579/579 578/578/578
f 580/580/580 582/582/582 581/581/581
f 583/583/583 585/585/585 584/584/584
f 586/586/586 588/588/588 587/587/587
f 589/589/589 591/591/591 590/590/590
f 592/592/592 594/594/594 593/593/593
f 595/595/595 597/597/597 596/596/596
f 598/598/598 600/600/600 599/599/599
f 601/601/601 603/603/603 602/602/602
f 604/604/604 606/606/606 605/605/605
f 607/607/607 609/609/609 608/608/608
f 610/610/610 612/612/612 611/611/611
f 613/613/613 615/615/615 614/614/614
f 616/616/616 618/618/618 617/617/617
f 619/619/619 621/621/621 620/620/620
f 622/622/622 624/624/624 623/623/623
f 625/625/625 627/627/627 626/626/626
f 628/628/628 630/630/630 629/629/629
f 631/631/631 633/633/633 632/632/632
f 634/634/634 636/636/636 635/635/635
f 637/637/637 639/639/639 638/638/638
f 640/640/640 642/642/642 641/641/641
f 643/643/643 645/645/645 644/644/644
f 646/646/646 648/648/648 647/647/647
f 649/649/649 651/651/651 650/650/650
f 652/652/652 654/654/654 653/653/653
f 655/655/655 657/657/657 656/656/656
f 658/658/658 660/660/660 659/659/659
f 661/661/661 663/663/663 662/662/662
f 664/664/664 666/666/666 665/665/665
f 667/667/667 669/669/669 668/668/668
f 670/670/670 672/672/672 671/671/671
f 673/673/673 675/675/675 674/674/674
f 676/676/676 678/678/678 677/677/677
f 679/679/679 681/681/681 680/680/680
f 682/682/682 684/684/684 683/683/683
f 685/685/685 687/687/687 686/686/686
f 688/688/688 690/690/690 689/689/689
f 691/691/691 693/693/693 692/692/692
f 694/694/694 696/696/696 695/695/695
f 697/697/697 699/699/699 698/698/698
f 700/700/700 702/702/702 701/701/701
f 703/703/703 705/705/705 704/704/704
f 706/706/706 708/708/708 707/707/707
f 709/709/709 711/711/711 710/710/710
f 712/712/712 714/714/714 713/713/713
f 715/715/715 717/717/717 716/716/716
f 718/718/718 720/720/720 719/719/719
f 721/721/721 723/723/723 722/722/722
f 724/724/724 726/726/726 725/725/725
f 727/727/727 729/729/729 728/728/728
f 730/730/730 732/732/732 731/731/731
f 733/733/733 735/735/735 734/734/734
f 736/736/736 738/738/738 737/737/737
f 739/739/739 741/741/741 740/740/740
f 742/742/742 744/744/744 743/743/743
f 745/745/745 747/747/747 746/746/746
f 748/748/748 750/750/750 749/749/749
f 751/751/751 753/753/753 752/752/752
f 754/754/754 756/756/756 755/755/755
f 757/757/757 759/759/759 758/758/758
f 760/760/760 762/762/762 761/761/761
f 763/763/763 765/765/765 764/764/764
f 766/766/766 768/768/768 767/767/767
f 769/769/769 771/771/771 770/770/770
f 772/772/772 774/774/774 773/773/773
f 775/775/775 777/777/777 776/776/776
f 778/778/778 780/780/780 779/779/779
f 781/781/781 783/783/783 782/782/782
f 784/784/784 786/786/786 785/785/785
f 787/787/787 789/789/789 788/788/788
f 790/790/790 792/792/792 791/791/791
f 793/793/793 795/795/795 794/794/794
f 796/796/796 798/798/798 797/797/797
f 799/799/799 801/801/801 800/800/800
f 802/802/802 804/804/804 803/803/803
f 805/805/805 807/807/807 806/806/806
f 808/808/808 810/810/810 809/809/809
f 811/811/811 813/813/813 812/812/812
f 814/814/814 816/816/816 815/815/815
f 817/817/817 819/819/819 818/818/818
f 820/820/820 822/822/822 821/821/821
f 823/823/823 825/825/825 824/824/824
f 826/826/826 828/828/828 827/827/827
f 829/829/829 831/831/831 830/830/830
f 832/832/832 834/834/834 833/833/833
f 835/835/835 837/837/837 836/836/836
f 838/838/838 840/840/840 839/839/839
f 841/841/841 843/843/843 842/842/842
f 844/844/844 846/846/846 845/845/845
f 847/847/847 849/849/849 848/848/848
f 850/850/850 852/852/852 851/851/851
f 853/853/853 855/855/855 854/854/854
f 856/856/856 858/858/858 857/857/857
f 859/859/859 861/861/861 860/860/860
f 862/862/862 864/864/864 863/863/863
f 865/865/865 867/867/867 866/866/866
f 868/868/868 870/870/870 869/869/869
f 871/871/871 873/873/873 872/872/872
f 874/874/874 876/876/876 875/875/875
f 877/877/877 879/879/879 878/878/878
f 880/880/880 882/882/882 881/881/881
f 883/883/883 885/885/885 884/884/884
f 886/886/886 888/888/888 887/887/887
f 889/889/889 891/891/891 890/890/890
f 892/892/892 894/894/894 893/893/893
f 895/895/895 897/897/897 896/896/896
f 898/898/898 900/900/900 899/899/899
f 901/901/901 903/903/903 902/902/902
f 904/904/904 906/906/906 905/905/905
f 907/907/907 909/909/909 908/908/908
f 910/910/910 912/912/912 911/911/911
f 913/913/913 915/915/915 914/914/914
f 916/916/916 918/918/918 917/917/917
f 919/919/919 921/921/921 920/920/920
f 922/922/922 924/924/924 923/923/923
f 925/925/925 927/927/927 926/926/926
f 928/928/928 930/930/930 929/929/929
f 931/931/931 933/933/933 932/932/932
f 934/934/934 936/936/936 935/935/935
f 937/937/937 939/939/939 938/938/938
f 940/940/940 942/942/942 941/941/941
f 943/943/943 945/945/945 944/944/944
f 946/946/946 948/948/948 947/947/947
f 949/949/949 951/951/951 950/950/950
f 952/952/952 954/954/954 953/953/953
f 955/955/955 957/957/957 956/956/956
f 958/958/958 960/960/960 959/959/959
f 961/961/961 963/963/963 962/962/962
f 964/964/964 966/966/966 965/965/965
f 967/967/967 969/969/969 968/968/968
f 970/970/970 972/972/972 971/971/971
f 973/973/973 975/975/975 974/974/974
f 976/976/976 978/978/978 977/977/977
f 979/979/979 981/981/981 980/980/980
f 982/982/982 984/984/984 983/983/983
f 985/985/985 987/987/987 986/986/986
f 988/988/988 990/990/990 989/989/989
f 991/991/991 993/993/993 992/992/992
f 994/994/994 996/996/996 995/995/995
f 997/997/997 999/999/999 998/998/998
f 1000/1000/1000 1002/1002/1002 1001/1001/1001
f 1003/1003/1003 1005/1005/1005 1004/1004/1004
f 1006/1006/1006 1008/1008/1008 1007/1007/1007
f 1009/1009/1009 1011/1011/1011 1010/1010/1010
f 1012/1012/1012 1014/1014/1014 1013/1013/1013
f 1015/1015/1015 1017/1017/1017 1016/1016/1016
f 1018/1018/1018 1020/1020/1020 1019/1019/1019
f 1021/1021/1021 1023/1023/1023 1022/1022/1022
f 1024/1024/1024 1026/1026/1026 1025/1025/1025
f 1027/1027/1027 1029/1029/1029 1028/1028/1028
f 1030/1030/1030 1032/1032/1032 1031/1031/1031
f 1033/1033/1033 1035/1035/1035 1034/1034/1034
f 1036/1036/1036 1038/1038/1038 1037/1037/1037
f 1039/1039/1039 1041/1041/1041 1040/1040/1040
f 1042/1042/1042 1044/1044/1044 1043/1043/1043
f 1045/1045/1045 1047/1047/1047 1046/1046/1046
f 1048/1048/1048 1050/1050/1050 1049/1049/1049
f 1051/1051/1051 1053/1053/1053 1052/1052/1052
f 1054/1054/1054 1056/1056/1056 1055/1055/1055
f 1057/1057/1057 1059/1059/1059 1058/1058/1058
f 1060/1060/1060 1062/1062/1062 1061/1061/1061
f 1063/1063/1063 1065/1065/1065 1064/1064/1064
f 1066/1066/1066 1068/1068/1068 1067/1067/1067
f 1069/1069/1069 1071/1071/1071 1070/1070/1070
f 1072/1072/1072 1074/1074/1074 1073/1073/1073
f 1075/1075/1075 1077/1077/1077 1076/1076/1076
f 1078/1078/1078 1080/1080/1080 1079/1079/1079
f 1081/1081/1081 1083/1083/1083 1082/1082/1082
f 1084/1084/1084 1086/1086/1086 1085/1085/1085
f 1087/1087/1087 1089/1089/1089 1088/1088/1088
f 1090/1090/1090 1092/1092/1092 1091/1091/1091
f 1093/1093/1093 1095/1095/1095 1094/1094/1094
f 1096/1096/1096 1098/1098/1098 1097/1097/1097
f 1099/1099/1099 1101/1101/1101 1100/1100/1100
f 1102/1102/1102 1104/1104/1104 1103/1103/1103
f 1105/1105/1105 1107/1107/1107 1106/1106/1106
f 1108/1108/1108 1110/1110/1110 1109/1109/1109
f 1111/1111/1111 1113/1113/1113 1112/1112/1112
f 1114/1114/1114 1116/1116/1116 1115/1115/1115
f 1117/1117/1117 1119/1119/1119 1118/1118/1118
f 1120/1120/1120 1122/1122/1122 1121/1121/1121
f 1123/1123/1123 1125/1125/1125 1124/1124/1124
f 1126/1126/1126 1128/1128/1128 1127/1127/1127
f 1129/1129/1129 1131/1131/1131 1130/1130/1130
f 1132/1132/1132 1134/1134/1134 1133/1133/1133
f 1135/1135/1135 1137/1137/1137 1136/1136/1136
f 1138/1138/1138 1140/1140/1140 1139/1139/1139
f 1141/1141/1141 1143/1143/1143 1142/1142/1142
f 1144/1144/1144 1146/1146/1146 1145/1145/1145
f 1147/1147/1147 1149/1149/1149 1148/1148/1148
f 1150/1150/1150 1152/1152/1152 1151/1151/1151
f 1153/1153/1153 1155/1155/1155 1154/1154/1154
f 1156/1156/1156 1158/1158/1158 1157/1157/1157
f 1159/1159/1159 1161/1161/1161 1160/1160/1160
f 1162/1162/1162 1164/1164/1164 1163/1163/1163
f 1165/1165/1165 1167/1167/1167 1166/1166/1166
f 1168/1168/1168 1170/1170/1170 1169/1169/1169
f 1171/1171/1171 1173/1173/1173 1172/1172/1172
f 1174/1174/1174 1176/1176/1176 1175/1175/1175
f 1177/1177/1177 1179/1179/1179 1178/1178/1178
f 1180/1180/1180 1182/1182/1182 1181/1181/1181
f 1183/1183/1183 1185/1185/1185 1184/1184/1184
f 1186/1186/1186 1188/1188/1188 1187/1187/1187
f 1189/1189/1189 1191/1191/1191 1190/1190/1190
f 1192/1192/1192 1194/1194/1194 1193/1193/1193
f 1195/1195/1195 1197/1197/1197 1196/1196/1196
f 1198/1198/1198 1200/1200/1200 1199/1199/1199
f 1201/1201/1201 1203/1203/1203 1202/1202/1202
f 1204/1204/1204 1206/1206/1206 1205/1205/1205
f 1207/1207/1207 1209/1209/1209 1208/1208/1208
f 1210/1210/1210 1212/1212/1212 1211/1211/1211
f 1213/1213/1213 1215/1215/1215 1214/1214/1214
f 1216/1216/1216 1218/1218/1218 1217/1217/1217
f 1219/1219/1219 1221/1221/1221 1220/1220/1220
f 1222/1222/1222 1224/1224/1224 1223/1223/1223
f 1225/1225/1225 1227/1227/1227 1226/1226/1226
f 1228/1228/1228 1230/1230/1230 1229/1229/1229
f 1231/1231/1231 1233/1233/1233 1232/1232/1232
f 1234/1234/1234 1236/1236/1236 1235/1235/1235
f 1237/1237/1237 1239/1239/1239 1238/1238/1238
f 1240/1240/1240 1242/1242/1242 1241/1241/1241
f 1243/1243/1243 1245/1245/1245 1244/1244/1244
f 1246/1246/1246 1248/1248/1248 1247/1247/1247
f 1249/1249/1249 1251/1251/1251 1250/1250/1250
f 1252/1252/1252 1254/1254/1254 1253/1253/1253
f 1255/1255/1255 1257/1257/1257 1256/1256/1256
f 1258/1258/1258 1260/1260/1260 1259/1259/1259
f 1261/1261/1261 1263/1263/1263 1262/1262/1262
f 1264/1264/1264 1266/1266/1266 1265/1265/1265
f 1267/1267/1267 1269/1269/1269 1268/1268/1268
f 1270/1270/1270 1272/1272/1272 1271/1271/1271
f 1273/1273/1273 1275/1275/1275 1274/1274/1274
f 1276/1276/1276 1278/1278/1278 1277/1277/1277
f 1279/1279/1279 1281/1281/1281 1280/1280/1280
f 1282/1282/1282 1284/1284/1284 1283/1283/1283
f 1285/1285/1285 1287/1287/1287 1286/1286/1286
f 1288/1288/1288 1290/1290/1290 1289/1289/1289
f 1291/1291/1291 1293/1293/1293 1292/1292/1292
f 1294/1294/1294 1296/1296/1296 1295/1295/1295
f 1297/1297/1297 1299/1299/1299 1298/1298/1298
f 1300/1300/1300 1302/1302/1302 1301/1301/1301
f 1303/1303/1303 1305/1305/1305 1304/1304/1304
f 1306/1306/1306 1308/1308/1308 1307/1307/1307
f 1309/1309/1309 1311/1311/1311 1310/1310/1310
f 1312/1312/1312 1314/1314/1314 1313/1313/1313
f 1315/1315/1315 1317/1317/1317 1316/1316/1316
f 1318/1318/1318 1320/1320/1320 1319/1319/1319
f 1321/1321/1321 1323/1323/1323 1322/1322/1322
f 1324/1324/1324 1326/1326/1326 1325/1325/1325
f 1327/1327/1327 1329/1329/1329 1328/1328/1328
f 1330/1330/1330 1332/1332/1332 1331/1331/1331
f 1333/1333/1333 1335/1335/1335 1334/1334/1334
f 1336/1336/1336 1338/1338/1338 1337/1337/1337
f 1339/1339/1339 1341/1341/1341 1340/1340/1340
f 1342/1342/1342 1344/1344/1344 1343/1343/1343
f 1345/1345/1345 1347/1347/1347 1346/1346/1346
f 1348/1348/1348 1350/1350/1350 1349/1349/1349
f 1351/1351/1351 1353/1353/1353 1352/1352/1352
f 1354/1354/1354 1356/1356/1356 1355/1355/1355
f 1357/1357/1357 1359/1359/1359 1358/1358/1358
f 1360/1360/1360 1362/1362/1362 1361/1361/1361
f 1363/1363/1363 1365/1365/1365 1364/1364/1364
f 1366/1366/1366 1368/1368/1368 1367/1367/1367
f 1369/1369/1369 1371/1371/1371 1370/1370/1370
f 1372/1372/1372 1374/1374/1374 1373/1373/1373
f 1375/1375/1375 1377/1377/1377 1376/1376/1376
f 1378/1378/1378 1380/1380/1380 1379/1379/1379
f 1381/1381/1381 1383/1383/1383 1382/1382/1382
f 1384/1384/1384 1386/1386/1386 1385/1385/1385
f 1387/1387/1387 1389/1389/1389 1388/1388/1388
f 1390/1390/1390 1392/1392/1392 1391/1391/1391
f 1393/1393/1393 1395/1395/1395 1394/1394/1394
f 1396/1396/1396 1398/1398/1398 1397/1397/1397
f 1399/1399/1399 1401/1401/1401 1400/1400/1400
f 1402/1402/1402 1404/1404/1404 1403/1403/1403
f 1405/1405/1405 1407/1407/1407 1406/1406/1406
f 1408/1408/1408 1410/1410/1410 1409/1409/1409
f 1411/1411/1411 1413/1413/1413 1412/1412/1412
f 1414/1414/1414 1416/1416/1416 1415/1415/1415
f 1417/1417/1417 1419/1419/1419 1418/1418/1418
f 1420/1420/1420 1422/1422/1422 1421/1421/1421
f 1423/1423/1423 1425/1425/1425 1424/1424/1424
f 1426/1426/1426 1428/1428/1428 1427/1427/1427
f 1429/1429/1429 1431/1431/1431 1430/1430/1430
f 1432/1432/1432 1434/1434/1434 1433/1433/1433
f 1435/1435/1435 1437/1437/1437 1436/1436/1436
f 1438/1438/1438 1440/1440/1440 1439/1439/1439
f 1441/1441/1441 1443/1443/1443 1442/1442/1442
f 1444/1444/1444 1446/1446/1446 1445/1445/1445
f 1447/1447/1447 1449/1449/1449 1448/1448/1448
f 1450/1450/1450 1452/1452/1452 1451/1451/1451
f 1453/1453/1453 1455/1455/1455 1454/1454/1454
f 1456/1456/1456 1458/1458/1458 1457/1457/1457
f 1459/1459/1459 1461/1461/1461 1460/1460/1460
f 1462/1462/1462 1464/1464/1464 1463/1463/1463
f 1465/1465/1465 1467/1467/1467 1466/1466/1466
f 1468/1468/1468 1470/1470/1470 1469/1469/1469
f 1471/1471/1471 1473/1473/1473 1472/1472/1472
f 1474/1474/1474 1476/1476/1476 1475/1475/1475
f 1477/1477/1477 1479/1479/1479 1478/1478/1478
f 1480/1480/1480 1482/1482/1482 1481/1481/1481
f 1483/1483/1483 1485/1485/1485 1484/1484/1484
f 1486/1486/1486 1488/1488/1488 1487/1487/1487
f 1489/1489/1489 1491/1491/1491 1490/1490/1490
f 1492/1492/1492 1494/1494/1494 1493/1493/1493
f 1495/1495/1495 1497/1497/1497 1496/1496/1496
f 1498/1498/1498 1500/1500/1500 1499/1499/1499
f 1501/1501/1501 1503/1503/1503 1502/1502/1502
f 1504/1504/1504 1506/1506/1506 1505/1505/1505
f 1507/1507/1507 1509/1509/1509 1508/1508/1508
f 1510/1510/1510 1512/1512/1512 1511/1511/1511
f 1513/1513/1513 1515/1515/1515 1514/1514/1514
f 1516/1516/1516 1518/1518/1518 1517/1517/1517
f 1519/1519/1519 1521/1521/1521 1520/1520/1520
f 1522/1522/1522 1524/1524/1524 1523/1523/1523
f 1525/1525/1525 1527/1527/1527 1526/1526/1526
f 1528/1528/1528 1530/1530/1530 1529/1529/1529
f 1531/1531/1531 1533/1533/1533 1532/1532/1532
f 1534/1534/1534 1536/1536/1536 1535/1535/1535
f 1537/1537/1537 1539/1539/1539 1538/1538/1538
f 1540/1540/1540 1542/1542/1542 1541/1541/1541
f 1543/1543/1543 1545/1545/1545 1544/1544/1544
f 1546/1546/1546 1548/1548/1548 1547/1547/1547
f 1549/1549/1549 1551/1551/1551 1550/1550/1550
f 1552/1552/1552 1554/1554/1554 1553/1553/1553
f 1555/1555/1555 1557/1557/1557 1556/1556/1556
f 1558/1558/1558 1560/1560/1560 1559/1559/1559
f 1561/1561/1561 1563/1563/1563 1562/1562/1562
f 1564/1564/1564 1566/1566/1566 1565/1565/1565
f 1567/1567/1567 1569/1569/1569 1568/1568/1568
f 1570/1570/1570 1572/1572/1572 1571/1571/1571
f 1573/1573/1573 1575/1575/1575 1574/1574/1574
f 1576/1576/1576 1578/1578/1578 1577/1577/1577
f 1579/1579/1579 1581/1581/1581 1580/1580/1580
f 1582/1582/1582 1584/1584/1584 1583/1583/1583
f 1585/1585/1585 1587/1587/1587 1586/1586/1586
f 1588/1588/1588 1590/1590/1590 1589/1589/1589
f 1591/1591/1591 1593/1593/1593 1592/1592/1592
f 1594/1594/1594 1596/1596/1596 1595/1595/1595
f 1597/1597/1597 1599/1599/1599 1598/1598/1598
f 1600/1600/1600 1602/1602/1602 1601/1601/1601
f 1603/1603/1603 1605/1605/1605 1604/1604/1604
f 1606/1606/1606 1608/1608/1608 1607/1607/1607
f 1609/1609/1609 1611/1611/1611 1610/1610/1610
f 1612/1612/1612 1614/1614/1614 1613/1613/1613
f 1615/1615/1615 1617/1617/1617 1616/1616/1616
f 1618/1618/1618 1620/1620/1620 1619/1619/1619
f 1621/1621/1621 1623/1623/1623 1622/1622/1622
f 1624/1624/1624 1626/1626/1626 1625/1625/1625
f 1627/1627/1627 1629/1629/1629 1628/1628/1628
f 1630/1630/1630 1632/1632/1632 1631/1631/1631
f 1633/1633/1633 1635/1635/1635 1634/1634/1634
f 1636/1636/1636 1638/1638/1638 1637/1637/1637
f 1639/1639/1639 1641/1641/1641 1640/1640/1640
f 1642/1642/1642 1644/1644/1644 1643/1643/1643
f 1645/1645/1645 1647/1647/1647 1646/1646/1646
f 1648/1648/1648 1650/1650/1650 1649/1649/1649
f 1651/1651/1651 1653/1653/1653 1652/1652/1652
f 1654/1654/1654 1656/1656/1656 1655/1655/1655
f 1657/1657/1657 1659/1659/1659 1658/1658/1658
f 1660/1660/1660 1662/1662/1662 1661/1661/1661
f 1663/1663/1663 1665/1665/1665 1664/1664/1664
f 1666/1666/1666 1668/1668/1668 1667/1667/1667
f 1669/1669/1669 1671/1671/1671 1670/1670/1670
f 1672/1672/1672 1674/1674/1674 1673/1673/1673
f 1675/1675/1675 1677/1677/1677 1676/1676/1676
f 1678/1678/1678 1680/1680/1680 1679/1679/1679
f 1681/1681/1681 1683/1683/1683 1682/1682/1682
f 1684/1684/1684 1686/1686/1686 1685/1685/1685
f 1687/1687/1687 1689/1689/1689 1688/1688/1688
f 1690/1690/1690 1692/1692/1692 1691/1691/1691
f 1693/1693/1693 1695/1695/1695 1694/1694/1694
f 1696/1696/1696 1698/1698/1698 1697/1697/1697
f 1699/1699/1699 1701/1701/1701 1700/1700/1700
f 1702/1702/1702 1704/1704/1704 1703/1703/1703
f 1705/1705/1705 1707/1707/1707 1706/1706/1706
f 1708/1708/1708 1710/1710/1710 1709/1709/1709
f 1711/1711/1711 1713/1713/1713 1712/1712/1712
f 1714/1714/1714 1716/1716/1716 1715/1715/1715
f 1717/1717/1717 1719/1719/1719 1718/1718/1718
f 1720/1720/1720 1722/1722/1722 1721/1721/1721
f 1723/1723/1723 1725/1725/1725 1724/1724/1724
f 1726/1726/1726 1728/1728/1728 1727/1727/1727
f 1729/1729/1729 1731/1731/1731 1730/1730/1730
f 1732/1732/1732 1734/1734/1734 1733/1733/1733
f 1735/1735/1735 1737/1737/1737 1736/1736/1736
f 1738/1738/1738 1740/1740/1740 1739/1739/1739
f 1741/1741/1741 1743/1743/1743 1742/1742/1742
f 1744/1744/1744 1746/1746/1746 1745/1745/1745
f 1747/1747/1747 1749/1749/1749 1748/1748/1748
f 1750/1750/1750 1752/1752/1752 1751/1751/1751
f 1753/1753/1753 1755/1755/1755 1754/1754/1754
f 1756/1756/1756 1758/1758/1758 1757/1757/1757
f 1759/1759/1759 1761/1761/1761 1760/1760/1760
f 1762/1762/1762 1764/1764/1764 1763/1763/1763
f 1765/1765/1765 1767/1767/1767 1766/1766/1766
f 1768/1768/1768 1770/1770/1770 1769/1769/1769
f 1771/1771/1771 1773/1773/1773 1772/1772/1772
f 1774/1774/1774 1776/1776/1776 1775/1775/1775
f 1777/1777/1777 1779/1779/1779 1778/1778/1778
f 1780/1780/1780 1782/1782/1782 1781/1781/1781
f 1783/1783/1783 1785/1785/1785 1784/1784/1784
f 1786/1786/1786 1788/1788/1788 1787/1787/1787
f 1789/1789/1789 1791/1791/1791 1790/1790/1790
f 1792/1792/1792 1794/1794/1794 1793/1793/1793
f 1795/1795/1795 1797/1797/1797 1796/1796/1796
f 1798/1798/1798 1800/1800/1800 1799/1799/1799
f 1801/1801/1801 1803/1803/1803 1802/1802/1802
f 1804/1804/1804 1806/1806/1806 1805/1805/1805
f 1807/1807/1807 1809/1809/1809 1808/1808/1808
f 1810/1810/1810 1812/1812/1812 1811/1811/1811
f 1813/1813/1813 1815/1815/1815 1814/1814/1814
f 1816/1816/1816 1818/1818/1818 1817/1817/1817
f 1819/1819/1819 1821/1821/1821 1820/1820/1820
f 1822/1822/1822 1824/1824/1824 1823/1823/1823
f 1825/1825/1825 1827/1827/1827 1826/1826/1826
f 1828/1828/1828 1830/1830/1830 1829/1829/1829
f 1831/1831/1831 1833/1833/1833 1832/1832/1832
f 1834/1834/1834 1836/1836/1836 1835/1835/1835
f 1837/1837/1837 1839/1839/1839 1838/1838/1838
f 1840/1840/1840 1842/1842/1842 1841/1841/1841
f 1843/1843/1843 1845/1845/1845 1844/1844/1844
f 1846/1846/1846 1848/1848/1848 1847/1847/1847
f 1849/1849/1849 1851/1851/1851 1850/1850/1850
f 1852/1852/1852 1854/1854/1854 1853/1853/1853
f 1855/1855/1855 1857/1857/1857 1856/1856/1856
f 1858/1858/1858 1860/1860/1860 1859/1859/1859
f 1861/1861/1861 1863/1863/1863 1862/1862/1862
f 1864/1864/1864 1866/1866/1866 1865/1865/1865
f 1867/1867/1867 1869/1869/1869 1868/1868/1868
f 1870/1870/1870 1872/1872/1872 1871/1871/1871
f 1873/1873/1873 1875/1875/1875 1874/1874/1874
f 1876/1876/1876 1878/1878/1878 1877/1877/1877
f 1879/1879/1879 1881/1881/1881 1880/1880/1880
f 1882/1882/1882 1884/1884/1884 1883/1883/1883
f 1885/1885/1885 1887/1887/1887 1886/1886/1886
f 1888/1888/1888 1890/1890/1890 1889/1889/1889
f 1891/1891/1891 1893/1893/1893 1892/1892/1892
f 1894/1894/1894 1896/1896/1896 1895/1895/1895
f 1897/1897/1897 1899/1899/1899 1898/1898/1898
f 1900/1900/1900 1902/1902/1902 1901/1901/1901
f 1903/1903/1903 1905/1905/1905 1904/1904/1904
f 1906/1906/1906 1908/1908/1908 1907/1907/1907
f 1909/1909/1909 1911/1911/1911 1910/1910/1910
f 1912/1912/1912 1914/1914/1914 1913/1913/1913
f 1915/1915/1915 1917/1917/1917 1916/1916/1916
f 1918/1918/1918 1920/1920/1920 1919/1919/1919
f 1921/1921/1921 1923/1923/1923 1922/1922/1922
f 1924/1924/1924 1926/1926/1926 1925/1925/1925
f 1927/1927/1927 1929/1929/1929 1928/1928/1928
f 1930/1930/1930 1932/1932/1932 1931/1931/1931
f 1933/1933/1933 1935/1935/1935 1934/1934/1934
f 1936/1936/1936 1938/1938/1938 1937/1937/1937
f 1939/1939/1939 1941/1941/1941 1940/1940/1940
f 1942/1942/1942 1944/1944/1944 1943/1943/1943
f 1945/1945/1945 1947/1947/1947 1946/1946/1946
f 1948/1948/1948 1950/1950/1950 1949/1949/1949
f 1951/1951/1951 1953/1953/1953 1952/1952/1952
f 1954/1954/1954 1956/1956/1956 1955/1955/1955
f 1957/1957/1957 1959/1959/1959 1958/1958/1958
f 1960/1960/1960 1962/1962/1962 1961/1961/1961
f 1963/1963/1963 1965/1965/1965 1964/1964/1964
f 1966/1966/1966 1968/1968/1968 1967/1967/1967
f 1969/1969/1969 1971/1971/1971 1970/1970/1970
f 1972/1972/1972 1974/1974/1974 1973/1973/1973
f 1975/1975/1975 1977/1977/1977 1976/1976/1976
f 1978/1978/1978 1980/1980/1980 1979/1979/1979
f 1981/1981/1981 1983/1983/1983 1982/1982/1982
f 1984/1984/1984 1986/1986/1986 1985/1985/1985
f 1987/1987/1987 1989/1989/1989 1988/1988/1988
f 1990/1990/1990 1992/1992/1992 1991/1991/1991
f 1993/1993/1993 1995/1995/1995 1994/1994/1994
f 1996/1996/1996 1998/1998/1998 1997/1997/1997
f 1999/1999/1999 2001/2001/2001 2000/2000/2000
f 2002/2002/2002 2004/2004/2004 2003/2003/2003
f 2005/2005/2005 2007/2007/2007 2006/2006/2006
f 2008/2008/2008 2010/2010/2010 2009/2009/2009
f 2011/2011/2011 2013/2013/2013 2012/2012/2012
f 2014/2014/2014 2016/2016/2016 2015/2015/2015
f 2017/2017/2017 2019/2019/2019 2018/2018/2018
f 2020/2020/2020 2022/2022/2022 2021/2021/2021
f 2023/2023/2023 2025/2025/2025 2024/2024/2024
f 2026/2026/2026 2028/2028/2028 2027/2027/2027
f 2029/2029/2029 2031/2031/2031 2030/2030/2030
f 2032/2032/2032 2034/2034/2034 2033/2033/2033
f 2035/2035/2035 2037/2037/2037 2036/2036/2036
f 2038/2038/2038 2040/2040/2040 2039/2039/2039
f 2041/2041/2041 2043/2043/2043 2042/2042/2042
f 2044/2044/2044 2046/2046/2046 2045/2045/2045
f 2047/2047/2047 2049/2049/2049 2048/2048/2048
f 2050/2050/2050 2052/2052/2052 2051/2051/2051
f 2053/2053/2053 2055/2055/2055 2054/2054/2054
f 2056/2056/2056 2058/2058/2058 2057/2057/2057
f 2059/2059/2059 2061/2061/2061 2060/2060/2060
f 2062/2062/2062 2064/2064/2064 2063/2063/2063
f 2065/2065/2065 2067/2067/2067 2066/2066/2066
f 2068/2068/2068 2070/2070/2070 2069/2069/2069
f 2071/2071/2071 2073/2073/2073 2072/2072/2072
f 2074/2074/2074 2076/2076/2076 2075/2075/2075
f 2077/2077/2077 2079/2079/2079 2078/2078/2078
f 2080/2080/2080 2082/2082/2082 2081/2081/2081
f 2083/2083/2083 2085/2085/2085 2084/2084/2084
f 2086/2086/2086 2088/2088/2088 2087/2087/2087
f 2089/2089/2089 2091/2091/2091 2090/2090/2090
f 2092/2092/2092 2094/2094/2094 2093/2093/2093
f 2095/2095/2095 2097/2097/2097 2096/2096/2096
f 2098/2098/2098 2100/2100/2100 2099/2099/2099
f 2101/2101/2101 2103/2103/2103 2102/2102/2102
f 2104/2104/2104 2106/2106/2106 2105/2105/2105
f 2107/2107/2107 2109/2109/2109 2108/2108/2108
f 2110/2110/2110 2112/2112/2112 2111/2111/2111
f 2113/2113/2113 2115/2115/2115 2114/2114/2114
f 2116/2116/2116 2118/2118/2118 2117/2117/2117
f 2119/2119/2119 2121/2121/2121 2120/2120/2120
f 2122/2122/2122 2124/2124/2124 2123/2123/2123
f 2125/2125/2125 2127/2127/2127 2126/2126/2126
f 2128/2128/2128 2130/2130/2130 2129/2129/2129
f 2131/2131/2131 2133/2133/2133 2132/2132/2132
f 2134/2134/2134 2136/2136/2136 2135/2135/2135
f 2137/2137/2137 2139/2139/2139 2138/2138/2138
f 2140/2140/2140 2142/2142/2142 2141/2141/2141
f 2143/2143/2143 2145/2145/2145 2144/2144/2144
f 2146/2146/2146 2148/2148/2148 2147/2147/2147
f 2149/2149/2149 2151/2151/2151 2150/2150/2150
f 2152/2152/2152 2154/2154/2154 2153/2153/2153
f 2155/2155/2155 2157/2157/2157 2156/2156/2156
f 2158/2158/2158 2160/2160/2160 2159/2159/2159
f 2161/2161/2161 2163/2163/2163 2162/2162/2162
f 2164/2164/2164 2166/2166/2166 2165/2165/2165
f 2167/2167/2167 2169/2169/2169 2168/2168/2168
f 2170/2170/2170 2172/2172/2172 2171/2171/2171
f 2173/2173/2173 2175/2175/2175 2174/2174/2174
f 2176/2176/2176 2178/2178/2178 2177/2177/2177
f 2179/2179/2179 2181/2181/2181 2180/2180/2180
f 2182/2182/2182 2184/2184/2184 2183/2183/2183
f 2185/2185/2185 2187/2187/2187 2186/2186/2186
f 2188/2188/2188 2190/2190/2190 2189/2189/2189
f 2191/2191/2191 2193/2193/2193 2192/2192/2192
f 2194/2194/2194 2196/2196/2196 2195/2195/2195
f 2197/2197/2197 2199/2199/2199 2198/2198/2198
f 2200/2200/2200 2202/2202/2202 2201/2201/2201
f 2203/2203/2203 2205/2205/2205 2204/2204/2204
f 2206/2206/2206 2208/2208/2208 2207/2207/2207
f 2209/2209/2209 2211/2211/2211 2210/2210/2210
f 2212/2212/2212 2214/2214/2214 2213/2213/2213
f 2215/2215/2215 2217/2217/2217 2216/2216/2216
f 2218/2218/2218 2220/2220/2220 2219/2219/2219
f 2221/2221/2221 2223/2223/2223 2222/2222/2222
f 2224/2224/2224 2226/2226/2226 2225/2225/2225
f 2227/2227/2227 2229/2229/2229 2228/2228/2228
f 2230/2230/2230 2232/2232/2232 2231/2231/2231
f 2233/2233/2233 2235/2235/2235 2234/2234/2234
f 2236/2236/2236 2238/2238/2238 2237/2237/2237
f 2239/2239/2239 2241/2241/2241 2240/2240/2240
f 2242/2242/2242 2244/2244/2244 2243/2243/2243
f 2245/2245/2245 2247/2247/2247 2246/2246/2246
f 2248/2248/2248 2250/2250/2250 2249/2249/2249
f 2251/2251/2251 2253/2253/2253 2252/2252/2252
f 2254/2254/2254 2256/2256/2256 2255/2255/2255
f 2257/2257/2257 2259/2259/2259 2258/2258/2258
f 2260/2260/2260 2262/2262/2262 2261/2261/2261
f 2263/2263/2263 2265/2265/2265 2264/2264/2264
f 2266/2266/2266 2268/2268/2268 2267/2267/2267
f 2269/2269/2269 2271/2271/2271 2270/2270/2270
f 2272/2272/2272 2274/2274/2274 2273/2273/2273
f 2275/2275/2275 2277/2277/2277 2276/2276/2276
f 2278/2278/2278 2280/2280/2280 2279/2279/2279
f 2281/2281/2281 2283/2283/2283 2282/2282/2282
f 2284/2284/2284 2286/2286/2286 2285/2285/2285
f 2287/2287/2287 2289/2289/2289 2288/2288/2288
f 2290/2290/2290 2292/2292/2292 2291/2291/2291
f 2293/2293/2293 2295/2295/2295 2294/2294/2294
f 2296/2296/2296 2298/2298/2298 2297/2297/2297
f 2299/2299/2299 2301/2301/2301 2300/2300/2300
f 2302/2302/2302 2304/2304/2304 2303/2303/2303
f 2305/2305/2305 2307/2307/2307 2306/2306/2306
f 2308/2308/2308 2310/2310/2310 2309/2309/2309
f 2311/2311/2311 2313/2313/2313 2312/2312/2312
f 2314/2314/2314 2316/2316/2316 2315/2315/2315
f 2317/2317/2317 2319/2319/2319 2318/2318/2318
f 2320/2320/2320 2322/2322/2322 2321/2321/2321
f 2323/2323/2323 2325/2325/2325 2324/2324/2324
f 2326/2326/2326 2328/2328/2328 2327/2327/2327
f 2329/2329/2329 2331/2331/2331 2330/2330/2330
f 2332/2332/2332 2334/2334/2334 2333/2333/2333
f 2335/2335/2335 2337/2337/2337 2336/2336/2336
f 2338/2338/2338 2340/2340/2340 2339/2339/2339
f 2341/2341/2341 2343/2343/2343 2342/2342/2342
f 2344/2344/2344 2346/2346/2346 2345/2345/2345
f 2347/2347/2347 2349/2349/2349 2348/2348/2348
f 2350/2350/2350 2352/2352/2352 2351/2351/2351
f 2353/2353/2353 2355/2355/2355 2354/2354/2354
f 2356/2356/2356 2358/2358/2358 2357/2357/2357
f 2359/2359/2359 2361/2361/2361 2360/2360/2360
f 2362/2362/2362 2364/2364/2364 2363/2363/2363
f 2365/2365/2365 2367/2367/2367 2366/2366/2366
f 2368/2368/2368 2370/2370/2370 2369/2369/2369
f 2371/2371/2371 2373/2373/2373 2372/2372/2372
f 2374/2374/2374 2376/2376/2376 2375/2375/2375
f 2377/2377/2377 2379/2379/2379 2378/2378/2378
f 2380/2380/2380 2382/2382/2382 2381/2381/2381
f 2383/2383/2383 2385/2385/2385 2384/2384/2384
f 2386/2386/2386 2388/2388/2388 2387/2387/2387
f 2389/2389/2389 2391/2391/2391 2390/2390/2390
f 2392/2392/2392 2394/2394/2394 2393/2393/2393
f 2395/2395/2395 2397/2397/2397 2396/2396/2396
f 2398/2398/2398 2400/2400/2400 2399/2399/2399
f 2401/2401/2401 2403/2403/2403 2402/2402/2402
f 2404/2404/2404 2406/2406/2406 2405/2405/2405
f 2407/2407/2407 2409/2409/2409 2408/2408/2408
f 2410/2410/2410 2412/2412/2412 2411/2411/2411
f 2413/2413/2413 2415/2415/2415 2414/2414/2414
f 2416/2416/2416 2418/2418/2418 2417/2417/2417
f 2419/2419/2419 2421/2421/2421 2420/2420/2420
f 2422/2422/2422 2424/2424/2424 2423/2423/2423
f 2425/2425/2425 2427/2427/2427 2426/2426/2426
f 2428/2428/2428 2430/2430/2430 2429/2429/2429
f 2431/2431/2431 2433/2433/2433 2432/2432/2432
f 2434/2434/2434 2436/2436/2436 2435/2435/2435
f 2437/2437/2437 2439/2439/2439 2438/2438/2438
f 2440/2440/2440 2442/2442/2442 2441/2441/2441
f 2443/2443/2443 2445/2445/2445 2444/2444/2444
f 2446/2446/2446 2448/2448/2448 2447/2447/2447
f 2449/2449/2449 2451/2451/2451 2450/2450/2450
f 2452/2452/2452 2454/2454/2454 2453/2453/2453
f 2455/2455/2455 2457/2457/2457 2456/2456/2456
f 2458/2458/2458 2460/2460/2460 2459/2459/2459
f 2461/2461/2461 2463/2463/2463 2462/2462/2462
f 2464/2464/2464 2466/2466/2466 2465/2465/2465
f 2467/2467/2467 2469/2469/2469 2468/2468/2468
f 2470/2470/2470 2472/2472/2472 2471/2471/2471
f 2473/2473/2473 2475/2475/2475 2474/2474/2474
f 2476/2476/2476 2478/2478/2478 2477/2477/2477
f 2479/2479/2479 2481/2481/2481 2480/2480/2480
f 2482/2482/2482 2484/2484/2484 2483/2483/2483
f 2485/2485/2485 2487/2487/2487 2486/2486/2486
f 2488/2488/2488 2490/2490/2490 2489/2489/2489
f 2491/2491/2491 2493/2493/2493 2492/2492/2492
f 2494/2494/2494 2496/2496/2496 2495/2495/2495
f 2497/2497/2497 2499/2499/2499 2498/2498/2498
f 2500/2500/2500 2502/2502/2502 2501/2501/2501
f 2503/2503/2503 2505/2505/2505 2504/2504/2504
f 2506/2506/2506 2508/2508/2508 2507/2507/2507
f 2509/2509/2509 2511/2511/2511 2510/2510/2510
f 2512/2512/2512 2514/2514/2514 2513/2513/2513
f 2515/2515/2515 2517/2517/2517 2516/2516/2516
f 2518/2518/2518 2520/2520/2520 2519/2519/2519
f 2521/2521/2521 2523/2523/2523 2522/2522/2522
f 2524/2524/2524 2526/2526/2526 2525/2525/2525
f 2527/2527/2527 2529/2529/2529 2528/2528/2528
f 2530/2530/2530 2532/2532/2532 2531/2531/2531
f 2533/2533/2533 2535/2535/2535 2534/2534/2534
f 2536/2536/2536 2538/2538/2538 2537/2537/2537
f 2539/2539/2539 2541/2541/2541 2540/2540/2540
f 2542/2542/2542 2544/2544/2544 2543/2543/2543
f 2545/2545/2545 2547/2547/2547 2546/2546/2546
f 2548/2548/2548 2550/2550/2550 2549/2549/2549
f 2551/2551/2551 2553/2553/2553 2552/2552/2552
f 2554/2554/2554 2556/2556/2556 2555/2555/2555
f 2557/2557/2557 2559/2559/2559 2558/2558/2558
f 2560/2560/2560 2562/2562/2562 2561/2561/2561
f 2563/2563/2563 2565/2565/2565 2564/2564/2564
f 2566/2566/2566 2568/2568/2568 2567/2567/2567
f 2569/2569/2569 2571/2571/2571 2570/2570/2570
f 2572/2572/2572 2574/2574/2574 2573/2573/2573
f 2575/2575/2575 2577/2577/2577 2576/2576/2576
f 2578/2578/2578 2580/2580/2580 2579/2579/2579
f 2581/2581/2581 2583/2583/2583 2582/2582/2582
f 2584/2584/2584 2586/2586/2586 2585/2585/2585
f 2587/2587/2587 2589/2589/2589 2588/2588/2588
f 2590/2590/2590 2592/2592/2592 2591/2591/2591
f 2593/2593/2593 2595/2595/2595 2594/2594/2594
f 2596/2596/2596 2598/2598/2598 2597/2597/2597
f 2599/2599/2599 2601/2601/2601 2600/2600/2600
f 2602/2602/2602 2604/2604/2604 2603/2603/2603
f 2605/2605/2605 2607/2607/2607 2606/2606/2606
f 2608/2608/2608 2610/2610/2610 2609/2609/2609
f 2611/2611/2611 2613/2613/2613 2612/2612/2612
f 2614/2614/2614 2616/2616/2616 2615/2615/2615
f 2617/2617/2617 2619/2619/2619 2618/2618/2618
f 2620/2620/2620 2622/2622/2622 2621/2621/2621
f 2623/2623/2623 2625/2625/2625 2624/2624/2624
f 2626/2626/2626 2628/2628/2628 2627/2627/2627
f 2629/2629/2629 2631/2631/2631 2630/2630/2630
f 2632/2632/2632 2634/2634/2634 2633/2633/2633
f 2635/2635/2635 2637/2637/2637 2636/2636/2636
f 2638/2638/2638 2640/2640/2640 2639/2639/2639
f 2641/2641/2641 2643/2643/2643 2642/2642/2642
f 2644/2644/2644 2646/2646/2646 2645/2645/2645
f 2647/2647/2647 2649/2649/2649 2648/2648/2648
f 2650/2650/2650 2652/2652/2652 2651/2651/2651
f 2653/2653/2653 2655/2655/2655 2654/2654/2654
f 2656/2656/2656 2658/2658/2658 2657/2657/2657
f 2659/2659/2659 2661/2661/2661 2660/2660/2660
f 2662/2662/2662 2664/2664/2664 2663/2663/2663
f 2665/2665/2665 2667/2667/2667 2666/2666/2666
f 2668/2668/2668 2670/2670/2670 2669/2669/2669
f 2671/2671/2671 2673/2673/2673 2672/2672/2672
f 2674/2674/2674 2676/2676/2676 2675/2675/2675
f 2677/2677/2677 2679/2679/2679 2678/2678/2678
f 2680/2680/2680 2682/2682/2682 2681/2681/2681
f 2683/2683/2683 2685/2685/2685 2684/2684/2684
f 2686/2686/2686 2688/2688/2688 2687/2687/2687
f 2689/2689/2689 2691/2691/2691 2690/2690/2690
f 2692/2692/2692 2694/2694/2694 2693/2693/2693
f 2695/2695/2695 2697/2697/2697 2696/2696/2696
f 2698/2698/2698 2700/2700/2700 2699/2699/2699
f 2701/2701/2701 2703/2703/2703 2702/2702/2702
f 2704/2704/2704 2706/2706/2706 2705/2705/2705
f 2707/2707/2707 2709/2709/2709 2708/2708/2708
f 2710/2710/2710 2712/2712/2712 2711/2711/2711
f 2713/2713/2713 2715/2715/2715 2714/2714/2714
f 2716/2716/2716 2718/2718/2718 2717/2717/2717
f 2719/2719/2719 2721/2721/2721 2720/2720/2720
f 2722/2722/2722 2724/2724/2724 2723/2723/2723
f 2725/2725/2725 2727/2727/2727 2726/2726/2726
f 2728/2728/2728 2730/2730/2730 2729/2729/2729
f 2731/2731/2731 2733/2733/2733 2732/2732/2732
f 2734/2734/2734 2736/2736/2736 2735/2735/2735
f 2737/2737/2737 2739/2739/2739 2738/2738/2738
f 2740/2740/2740 2742/2742/2742 2741/2741/2741
f 2743/2743/2743 2745/2745/2745 2744/2744/2744
f 2746/2746/2746 2748/2748/2748 2747/2747/2747
f 2749/2749/2749 2751/2751/2751 2750/2750/2750
f 2752/2752/2752 2754/2754/2754 2753/2753/2753
f 2755/2755/2755 2757/2757/2757 2756/2756/2756
f 2758/2758/2758 2760/2760/2760 2759/2759/2759
f 2761/2761/2761 2763/2763/2763 2762/2762/2762
f 2764/2764/2764 2766/2766/2766 2765/2765/2765
f 2767/2767/2767 2769/2769/2769 2768/2768/2768
f 2770/2770/2770 2772/2772/2772 2771/2771/2771
f 2773/2773/2773 2775/2775/2775 2774/2774/2774
f 2776/2776/2776 2778/2778/2778 2777/2777/2777
f 2779/2779/2779 2781/2781/2781 2780/2780/2780
f 2782/2782/2782 2784/2784/2784 2783/2783/2783
f 2785/2785/2785 2787/2787/2787 2786/2786/2786
f 2788/2788/2788 2790/2790/2790 2789/2789/2789
f 2791/2791/2791 2793/2793/2793 2792/2792/2792
f 2794/2794/2794 2796/2796/2796 2795/2795/2795
f 2797/2797/2797 2799/2799/2799 2798/2798/2798
f 2800/2800/2800 2802/2802/2802 2801/2801/2801
f 2803/2803/2803 2805/2805/2805 2804/2804/2804
f 2806/2806/2806 2808/2808/2808 2807/2807/2807
f 2809/2809/2809 2811/2811/2811 2810/2810/2810
f 2812/2812/2812 2814/2814/2814 2813/2813/2813
f 2815/2815/2815 2817/2817/2817 2816/2816/2816
f 2818/2818/2818 2820/2820/2820 2819/2819/2819
f 2821/2821/2821 2823/2823/2823 2822/2822/2822
f 2824/2824/2824 2826/2826/2826 2825/2825/2825
f 2827/2827/2827 2829/2829/2829 2828/2828/2828
f 2830/2830/2830 2832/2832/2832 2831/2831/2831
f 2833/2833/2833 2835/2835/2835 2834/2834/2834
f 2836/2836/2836 2838/2838/2838 2837/2837/2837
f 2839/2839/2839 2841/2841/2841 2840/2840/2840
f 2842/2842/2842 2844/2844/2844 2843/2843/2843
f 2845/2845/2845 2847/2847/2847 2846/2846/2846
f 2848/2848/2848 2850/2850/2850 2849/2849/2849
f 2851/2851/2851 2853/2853/2853 2852/2852/2852
f 2854/2854/2854 2856/2856/2856 2855/2855/2855
f 2857/2857/2857 2859/2859/2859 2858/2858/2858
f 2860/2860/2860 2862/2862/2862 2861/2861/2861
f 2863/2863/2863 2865/2865/2865 2864/2864/2864
f 2866/2866/2866 2868/2868/2868 2867/2867/2867
f 2869/2869/2869 2871/2871/2871 2870/2870/2870
f 2872/2872/2872 2874/2874/2874 2873/2873/2873
f 2875/2875/2875 2877/2877/2877 2876/2876/2876
f 2878/2878/2878 2880/2880/2880 2879/2879/2879
f 2881/2881/2881 2883/2883/2883 2882/2882/2882
f 2884/2884/2884 2886/2886/2886 2885/2885/2885
f 2887/2887/2887 2889/2889/2889 2888/2888/2888
f 2890/2890/2890 2892/2892/2892 2891/2891/2891
f 2893/2893/2893 2895/2895/2895 2894/2894/2894
f 2896/2896/2896 2898/2898/2898 2897/2897/2897
f 2899/2899/2899 2901/2901/2901 2900/2900/2900
f 2902/2902/2902 2904/2904/2904 2903/2903/2903
f 2905/2905/2905 2907/2907/2907 2906/2906/2906
f 2908/2908/2908 2910/2910/2910 2909/2909/2909
f 2911/2911/2911 2913/2913/2913 2912/2912/2912
f 2914/2914/2914 2916/2916/2916 2915/2915/2915
f 2917/2917/2917 2919/2919/2919 2918/2918/2918
f 2920/2920/2920 2922/2922/2922 2921/2921/2921
f 2923/2923/2923 2925/2925/2925 2924/2924/2924
f 2926/2926/2926 2928/2928/2928 2927/2927/2927
f 2929/2929/2929 2931/2931/2931 2930/2930/2930
f 2932/2932/2932 2934/2934/2934 2933/2933/2933
f 2935/2935/2935 2937/2937/2937 2936/2936/2936
f 2938/2938/2938 2940/2940/2940 2939/2939/2939
f 2941/2941/2941 2943/2943/2943 2942/2942/2942
f 2944/2944/2944 2946/2946/2946 2945/2945/2945
f 2947/2947/2947 2949/2949/2949 2948/2948/2948
f 2950/2950/2950 2952/2952/2952 2951/2951/2951
f 2953/2953/2953 2955/2955/2955 2954/2954/2954
f 2956/2956/2956 2958/2958/2958 2957/2957/2957
f 2959/2959/2959 2961/2961/2961 2960/2960/2960
f 2962/2962/2962 2964/2964/2964 2963/2963/2963
f 2965/2965/2965 2967/2967/2967 2966/2966/2966
f 2968/2968/2968 2970/2970/2970 2969/2969/2969
f 2971/2971/2971 2973/2973/2973 2972/2972/2972
f 2974/2974/2974 2976/2976/2976 2975/2975/2975
f 2977/2977/2977 2979/2979/2979 2978/2978/2978
f 2980/2980/2980 2982/2982/2982 2981/2981/2981
f 2983/2983/2983 2985/2985/2985 2984/2984/2984
f 2986/2986/2986 2988/2988/2988 2987/2987/2987
f 2989/2989/2989 2991/2991/2991 2990/2990/2990
f 2992/2992/2992 2994/2994/2994 2993/2993/2993
f 2995/2995/2995 2997/2997/2997 2996/2996/2996
f 2998/2998/2998 3000/3000/3000 2999/2999/2999
f 3001/3001/3001 3003/3003/3003 3002/3002/3002
f 3004/3004/3004 3006/3006/3006 3005/3005/3005
f 3007/3007/3007 3009/3009/3009 3008/3008/3008
f 3010/3010/3010 3012/3012/3012 3011/3011/3011
f 3013/3013/3013 3015/3015/3015 3014/3014/3014
f 3016/3016/3016 3018/3018/3018 3017/3017/3017
f 3019/3019/3019 3021/3021/3021 3020/3020/3020
f 3022/3022/3022 3024/3024/3024 3023/3023/3023
f 3025/3025/3025 3027/3027/3027 3026/3026/3026
f 3028/3028/3028 3030/3030/3030 3029/3029/3029
f 3031/3031/3031 3033/3033/3033 3032/3032/3032
f 3034/3034/3034 3036/3036/3036 3035/3035/3035
f 3037/3037/3037 3039/3039/3039 3038/3038/3038
f 3040/3040/3040 3042/3042/3042 3041/3041/3041
f 3043/3043/3043 3045/3045/3045 3044/3044/3044
f 3046/3046/3046 3048/3048/3048 3047/3047/3047
f 3049/3049/3049 3051/3051/3051 3050/3050/3050
f 3052/3052/3052 3054/3054/3054 3053/3053/3053
f 3055/3055/3055 3057/3057/3057 3056/3056/3056
f 3058/3058/3058 3060/3060/3060 3059/3059/3059
f 3061/3061/3061 3063/3063/3063 3062/3062/3062
f 3064/3064/3064 3066/3066/3066 3065/3065/3065
f 3067/3067/3067 3069/3069/3069 3068/3068/3068
f 3070/3070/3070 3072/3072/3072 3071/3071/3071
f 3073/3073/3073 3075/3075/3075 3074/3074/3074
f 3076/3076/3076 3078/3078/3078 3077/3077/3077
f 3079/3079/3079 3081/3081/3081 3080/3080/3080
f 3082/3082/3082 3084/3084/3084 3083/3083/3083
f 3085/3085/3085 3087/3087/3087 3086/3086/3086
f 3088/3088/3088 3090/3090/3090 3089/3089/3089
f 3091/3091/3091 3093/3093/3093 3092/3092/3092
f 3094/3094/3094 3096/3096/3096 3095/3095/3095
f 3097/3097/3097 3099/3099/3099 3098/3098/3098
f 3100/3100/3100 3102/3102/3102 3101/3101/3101
f 3103/3103/3103 3105/3105/3105 3104/3104/3104
f 3106/3106/3106 3108/3108/3108 3107/3107/3107
f 3109/3109/3109 3111/3111/3111 3110/3110/3110
f 3112/3112/3112 3114/3114/3114 3113/3113/3113
f 3115/3115/3115 3117/3117/3117 3116/3116/3116
f 3118/3118/3118 3120/3120/3120 3119/3119/3119
f 3121/3121/3121 3123/3123/3123 3122/3122/3122
f 3124/3124/3124 3126/3126/3126 3125/3125/3125
f 3127/3127/3127 3129/3129/3129 3128/3128/3128
f 3130/3130/3130 3132/3132/3132 3131/3131/3131
f 3133/3133/3133 3135/3135/3135 3134/3134/3134
f 3136/3136/3136 3138/3138/3138 3137/3137/3137
f 3139/3139/3139 3141/3141/3141 3140/3140/3140
f 3142/3142/3142 3144/3144/3144 3143/3143/3143
f 3145/3145/3145 3147/3147/3147 3146/3146/3146
f 3148/3148/3148 3150/3150/3150 3149/3149/3149
f 3151/3151/3151 3153/3153/3153 3152/3152/3152
f 3154/3154/3154 3156/3156/3156 3155/3155/3155
f 3157/3157/3157 3159/3159/3159 3158/3158/3158
f 3160/3160/3160 3162/3162/3162 3161/3161/3161
f 3163/3163/3163 3165/3165/3165 3164/3164/3164
f 3166/3166/3166 3168/3168/3168 3167/3167/3167
f 3169/3169/3169 3171/3171/3171 3170/3170/3170
f 3172/3172/3172 3174/3174/3174 3173/3173/3173
f 3175/3175/3175 3177/3177/3177 3176/3176/3176
f 3178/3178/3178 3180/3180/3180 3179/3179/3179
f 3181/3181/3181 3183/3183/3183 3182/3182/3182
f 3184/3184/3184 3186/3186/3186 3185/3185/3185
f 3187/3187/3187 3189/3189/3189 3188/3188/3188
f 3190/3190/3190 3192/3192/3192 3191/3191/3191
f 3193/3193/3193 3195/3195/3195 3194/3194/3194
f 3196/3196/3196 3198/3198/3198 3197/3197/3197
f 3199/3199/3199 3201/3201/3201 3200/3200/3200
f 3202/3202/3202 3204/3204/3204 3203/3203/3203
f 3205/3205/3205 3207/3207/3207 3206/3206/3206
f 3208/3208/3208 3210/3210/3210 3209/3209/3209
f 3211/3211/3211 3213/3213/3213 3212/3212/3212
f 3214/3214/3214 3216/3216/3216 3215/3215/3215
f 3217/3217/3217 3219/3219/3219 3218/3218/3218
f 3220/3220/3220 3222/3222/3222 3221/3221/3221
f 3223/3223/3223 3225/3225/3225 3224/3224/3224
f 3226/3226/3226 3228/3228/3228 3227/3227/3227
f 3229/3229/3229 3231/3231/3231 3230/3230/3230
f 3232/3232/3232 3234/3234/3234 3233/3233/3233
f 3235/3235/3235 3237/3237/3237 3236/3236/3236
f 3238/3238/3238 3240/3240/3240 3239/3239/3239
f 3241/3241/3241 3243/3243/3243 3242/3242/3242
f 3244/3244/3244 3246/3246/3246 3245/3245/3245
f 3247/3247/3247 3249/3249/3249 3248/3248/3248
f 3250/3250/3250 3252/3252/3252 3251/3251/3251
f 3253/3253/3253 3255/3255/3255 3254/3254/3254
f 3256/3256/3256 3258/3258/3258 3257/3257/3257
f 3259/3259/3259 3261/3261/3261 3260/3260/3260
f 3262/3262/3262 3264/3264/3264 3263/3263/3263
f 3265/3265/3265 3267/3267/3267 3266/3266/3266
f 3268/3268/3268 3270/3270/3270 3269/3269/3269
f 3271/3271/3271 3273/3273/3273 3272/3272/3272
f 3274/3274/3274 3276/3276/3276 3275/3275/3275
f 3277/3277/3277 3279/3279/3279 3278/3278/3278
f 3280/3280/3280 3282/3282/3282 3281/3281/3281
f 3283/3283/3283 3285/3285/3285 3284/3284/3284
f 3286/3286/3286 3288/3288/3288 3287/3287/3287
f 3289/3289/3289 3291/3291/3291 3290/3290/3290
f 3292/3292/3292 3294/3294/3294 3293/3293/3293
f 3295/3295/3295 3297/3297/3297 3296/3296/3296
f 3298/3298/3298 3300/3300/3300 3299/3299/3299
f 3301/3301/3301 3303/3303/3303 3302/3302/3302
f 3304/3304/3304 3306/3306/3306 3305/3305/3305
f 3307/3307/3307 3309/3309/3309 3308/3308/3308
f 3310/3310/3310 3312/3312/3312 3311/3311/3311
f 3313/3313/3313 3315/3315/3315 3314/3314/3314
f 3316/3316/3316 3318/3318/3318 3317/3317/3317
f 3319/3319/3319 3321/3321/3321 3320/3320/3320
f 3322/3322/3322 3324/3324/3324 3323/3323/3323
f 3325/3325/3325 3327/3327/3327 3326/3326/3326
f 3328/3328/3328 3330/3330/3330 3329/3329/3329
f 3331/3331/3331 3333/3333/3333 3332/3332/3332
f 3334/3334/3334 3336/3336/3336 3335/3335/3335
f 3337/3337/3337 3339/3339/3339 3338/3338/3338
f 3340/3340/3340 3342/3342/3342 3341/3341/3341
f 3343/3343/3343 3345/3345/3345 3344/3344/3344
f 3346/3346/3346 3348/3348/3348 3347/3347/3347
f 3349/3349/3349 3351/3351/3351 3350/3350/3350
f 3352/3352/3352 3354/3354/3354 3353/3353/3353
f 3355/3355/3355 3357/3357/3357 3356/3356/3356
f 3358/3358/3358 3360/3360/3360 3359/3359/3359
f 3361/3361/3361 3363/3363/3363 3362/3362/3362
f 3364/3364/3364 3366/3366/3366 3365/3365/3365
f 3367/3367/3367 3369/3369/3369 3368/3368/3368
f 3370/3370/3370 3372/3372/3372 3371/3371/3371
f 3373/3373/3373 3375/3375/3375 3374/3374/3374
f 3376/3376/3376 3378/3378/3378 3377/3377/3377
f 3379/3379/3379 3381/3381/3381 3380/3380/3380
f 3382/3382/3382 3384/3384/3384 3383/3383/3383
f 3385/3385/3385 3387/3387/3387 3386/3386/3386
f 3388/3388/3388 3390/3390/3390 3389/3389/3389
f 3391/3391/3391 3393/3393/3393 3392/3392/3392
f 3394/3394/3394 3396/3396/3396 3395/3395/3395
f 3397/3397/3397 3399/3399/3399 3398/3398/3398
f 3400/3400/3400 3402/3402/3402 3401/3401/3401
f 3403/3403/3403 3405/3405/3405 3404/3404/3404
f 3406/3406/3406 3408/3408/3408 3407/3407/3407
f 3409/3409/3409 3411/3411/3411 3410/3410/3410
f 3412/3412/3412 3414/3414/3414 3413/3413/3413
f 3415/3415/3415 3417/3417/3417 3416/3416/3416
f 3418/3418/3418 3420/3420/3420 3419/3419/3419
f 3421/3421/3421 3423/3423/3423 3422/3422/3422
f 3424/3424/3424 3426/3426/3426 3425/3425/3425
f 3427/3427/3427 3429/3429/3429 3428/3428/3428
f 3430/3430/3430 3432/3432/3432 3431/3431/3431
f 3433/3433/3433 3435/3435/3435 3434/3434/3434
f 3436/3436/3436 3438/3438/3438 3437/3437/3437
f 3439/3439/3439 3441/3441/3441 3440/3440/3440
f 3442/3442/3442 3444/3444/3444 3443/3443/3443
f 3445/3445/3445 3447/3447/3447 3446/3446/3446
f 3448/3448/3448 3450/3450/3450 3449/3449/3449
f 3451/3451/3451 3453/3453/3453 3452/3452/3452
f 3454/3454/3454 3456/3456/3456 3455/3455/3455
f 3457/3457/3457 3459/3459/3459 3458/3458/3458
f 3460/3460/3460 3462/3462/3462 3461/3461/3461
f 3463/3463/3463 3465/3465/3465 3464/3464/3464
f 3466/3466/3466 3468/3468/3468 3467/3467/3467
f 3469/3469/3469 3471/3471/3471 3470/3470/3470
f 3472/3472/3472 3474/3474/3474 3473/3473/3473
f 3475/3475/3475 3477/3477/3477 3476/3476/3476
f 3478/3478/3478 3480/3480/3480 3479/3479/3479
f 3481/3481/3481 3483/3483/3483 3482/3482/3482
f 3484/3484/3484 3486/3486/3486 3485/3485/3485
f 3487/3487/3487 3489/3489/3489 3488/3488/3488
f 3490/3490/3490 3492/3492/3492 3491/3491/3491
f 3493/3493/3493 3495/3495/3495 3494/3494/3494
f 3496/3496/3496 3498/3498/3498 3497/3497/3497
f 3499/3499/3499 3501/3501/3501 3500/3500/3500
f 3502/3502/3502 3504/3504/3504 3503/3503/3503
f 3505/3505/3505 3507/3507/3507 3506/3506/3506
f 3508/3508/3508 3510/3510/3510 3509/3509/3509
f 3511/3511/3511 3513/3513/3513 3512/3512/3512
f 3514/3514/3514 3516/3516/3516 3515/3515/3515
f 3517/3517/3517 3519/3519/3519 3518/3518/3518
f 3520/3520/3520 3522/3522/3522 3521/3521/3521
f 3523/3523/3523 3525/3525/3525 3524/3524/3524
f 3526/3526/3526 3528/3528/3528 3527/3527/3527
f 3529/3529/3529 3531/3531/3531 3530/3530/3530
f 3532/3532/3532 3534/3534/3534 3533/3533/3533
f 3535/3535/3535 3537/3537/3537 3536/3536/3536
f 3538/3538/3538 3540/3540/3540 3539/3539/3539
f 3541/3541/3541 3543/3543/3543 3542/3542/3542
f 3544/3544/3544 3546/3546/3546 3545/3545/3545
f 3547/3547/3547 3549/3549/3549 3548/3548/3548
f 3550/3550/3550 3552/3552/3552 3551/3551/3551
f 3553/3553/3553 3555/3555/3555 3554/3554/3554
f 3556/3556/3556 3558/3558/3558 3557/3557/3557
f 3559/3559/3559 3561/3561/3561 3560/3560/3560
f 3562/3562/3562 3564/3564/3564 3563/3563/3563
f 3565/3565/3565 3567/3567/3567 3566/3566/3566
f 3568/3568/3568 3570/3570/3570 3569/3569/3569
f 3571/3571/3571 3573/3573/3573 3572/3572/3572
f 3574/3574/3574 3576/3576/3576 3575/3575/3575
f 3577/3577/3577 3579/3579/3579 3578/3578/3578
f 3580/3580/3580 3582/3582/3582 3581/3581/3581
f 3583/3583/3583 3585/3585/3585 3584/3584/3584
f 3586/3586/3586 3588/3588/3588 3587/3587/3587
f 3589/3589/3589 3591/3591/3591 3590/3590/3590
f 3592/3592/3592 3594/3594/3594 3593/3593/3593
f 3595/3595/3595 3597/3597/3597 3596/3596/3596
f 3598/3598/3598 3600/3600/3600 3599/3599/3599
f 3601/3601/3601 3603/3603/3603 3602/3602/3602
f 3604/3604/3604 3606/3606/3606 3605/3605/3605
f 3607/3607/3607 3609/3609/3609 3608/3608/3608
f 3610/3610/3610 3612/3612/3612 3611/3611/3611
f 3613/3613/3613 3615/3615/3615 3614/3614/3614
f 3616/3616/3616 3618/3618/3618 3617/3617/3617
f 3619/3619/3619 3621/3621/3621 3620/3620/3620
f 3622/3622/3622 3624/3624/3624 3623/3623/3623
f 3625/3625/3625 3627/3627/3627 3626/3626/3626
f 3628/3628/3628 3630/3630/3630 3629/3629/3629
f 3631/3631/3631 3633/3633/3633 3632/3632/3632
f 3634/3634/3634 3636/3636/3636 3635/3635/3635
f 3637/3637/3637 3639/3639/3639 3638/3638/3638
f 3640/3640/3640 3642/3642/3642 3641/3641/3641
f 3643/3643/3643 3645/3645/3645 3644/3644/3644
f 3646/3646/3646 3648/3648/3648 3647/3647/3647
f 3649/3649/3649 3651/3651/3651 3650/3650/3650
f 3652/3652/3652 3654/3654/3654 3653/3653/3653
f 3655/3655/3655 3657/3657/3657 3656/3656/3656
f 3658/3658/3658 3660/3660/3660 3659/3659/3659
f 3661/3661/3661 3663/3663/3663 3662/3662/3662
f 3664/3664/3664 3666/3666/3666 3665/3665/3665
f 3667/3667/3667 3669/3669/3669 3668/3668/3668
f 3670/3670/3670 3672/3672/3672 3671/3671/3671
f 3673/3673/3673 3675/3675/3675 3674/3674/3674
f 3676/3676/3676 3678/3678/3678 3677/3677/3677
f 3679/3679/3679 3681/3681/3681 3680/3680/3680
f 3682/3682/3682 3684/3684/3684 3683/3683/3683
f 3685/3685/3685 3687/3687/3687 3686/3686/3686
f 3688/3688/3688 3690/3690/3690 3689/3689/3689
f 3691/3691/3691 3693/3693/3693 3692/3692/3692
f 3694/3694/3694 3696/3696/3696 3695/3695/3695
f 3697/3697/3697 3699/3699/3699 3698/3698/3698
f 3700/3700/3700 3702/3702/3702 3701/3701/3701
f 3703/3703/3703 3705/3705/3705 3704/3704/3704
f 3706/3706/3706 3708/3708/3708 3707/3707/3707
f 3709/3709/3709 3711/3711/3711 3710/3710/3710
f 3712/3712/3712 3714/3714/3714 3713/3713/3713
f 3715/3715/3715 3717/3717/3717 3716/3716/3716
f 3718/3718/3718 3720/3720/3720 3719/3719/3719
f 3721/3721/3721 3723/3723/3723 3722/3722/3722
f 3724/3724/3724 3726/3726/3726 3725/3725/3725
f 3727/3727/3727 3729/3729/3729 3728/3728/3728
f 3730/3730/3730 3732/3732/3732 3731/3731/3731
f 3733/3733/3733 3735/3735/3735 3734/3734/3734
f 3736/3736/3736 3738/3738/3738 3737/3737/3737
f 3739/3739/3739 3741/3741/3741 3740/3740/3740
f 3742/3742/3742 3744/3744/3744 3743/3743/3743
f 3745/3745/3745 3747/3747/3747 3746/3746/3746
f 3748/3748/3748 3750/3750/3750 3749/3749/3749
f 3751/3751/3751 3753/3753/3753 3752/3752/3752
f 3754/3754/3754 3756/3756/3756 3755/3755/3755
f 3757/3757/3757 3759/3759/3759 3758/3758/3758
f 3760/3760/3760 3762/3762/3762 3761/3761/3761
f 3763/3763/3763 3765/3765/3765 3764/3764/3764
f 3766/3766/3766 3768/3768/3768 3767/3767/3767
f 3769/3769/3769 3771/3771/3771 3770/3770/3770
f 3772/3772/3772 3774/3774/3774 3773/3773/3773
f 3775/3775/3775 3777/3777/3777 3776/3776/3776
f 3778/3778/3778 3780/3780/3780 3779/3779/3779
f 3781/3781/3781 3783/3783/3783 3782/3782/3782
f 3784/3784/3784 3786/3786/3786 3785/3785/3785
f 3787/3787/3787 3789/3789/3789 3788/3788/3788
f 3790/3790/3790 3792/3792/3792 3791/3791/3791
f 3793/3793/3793 3795/3795/3795 3794/3794/3794
f 3796/3796/3796 3798/3798/3798 3797/3797/3797
f 3799/3799/3799 3801/3801/3801 3800/3800/3800
f 3802/3802/3802 3804/3804/3804 3803/3803/3803
f 3805/3805/3805 3807/3807/3807 3806/3806/3806
f 3808/3808/3808 3810/3810/3810 3809/3809/3809
f 3811/3811/3811 3813/3813/3813 3812/3812/3812
f 3814/3814/3814 3816/3816/3816 3815/3815/3815
f 3817/3817/3817 3819/3819/3819 3818/3818/3818
f 3820/3820/3820 3822/3822/3822 3821/3821/3821
f 3823/3823/3823 3825/3825/3825 3824/3824/3824
f 3826/3826/3826 3828/3828/3828 3827/3827/3827
f 3829/3829/3829 3831/3831/3831 3830/3830/3830
f 3832/3832/3832 3834/3834/3834 3833/3833/3833
f 3835/3835/3835 3837/3837/3837 3836/3836/3836
f 3838/3838/3838 3840/3840/3840 3839/3839/3839
f 3841/3841/3841 3843/3843/3843 3842/3842/3842
f 3844/3844/3844 3846/3846/3846 3845/3845/3845
f 3847/3847/3847 3849/3849/3849 3848/3848/3848
f 3850/3850/3850 3852/3852/3852 3851/3851/3851
f 3853/3853/3853 3855/3855/3855 3854/3854/3854
f 3856/3856/3856 3858/3858/3858 3857/3857/3857
f 3859/3859/3859 3861/3861/3861 3860/3860/3860
f 3862/3862/3862 3864/3864/3864 3863/3863/3863
f 3865/3865/3865 3867/3867/3867 3866/3866/3866
f 3868/3868/3868 3870/3870/3870 3869/3869/3869
f 3871/3871/3871 3873/3873/3873 3872/3872/3872
f 3874/3874/3874 3876/3876/3876 3875/3875/3875
f 3877/3877/3877 3879/3879/3879 3878/3878/3878
f 3880/3880/3880 3882/3882/3882 3881/3881/3881
f 3883/3883/3883 3885/3885/3885 3884/3884/3884
f 3886/3886/3886 3888/3888/3888 3887/3887/3887
f 3889/3889/3889 3891/3891/3891 3890/3890/3890
f 3892/3892/3892 3894/3894/3894 3893/3893/3893
f 3895/3895/3895 3897/3897/3897 3896/3896/3896
f 3898/3898/3898 3900/3900/3900 3899/3899/3899
f 3901/3901/3901 3903/3903/3903 3902/3902/3902
f 3904/3904/3904 3906/3906/3906 3905/3905/3905
f 3907/3907/3907 3909/3909/3909 3908/3908/3908
f 3910/3910/3910 3912/3912/3912 3911/3911/3911
f 3913/3913/3913 3915/3915/3915 3914/3914/3914
f 3916/3916/3916 3918/3918/3918 3917/3917/3917
f 3919/3919/3919 3921/3921/3921 3920/3920/3920
f 3922/3922/3922 3924/3924/3924 3923/3923/3923
f 3925/3925/3925 3927/3927/3927 3926/3926/3926
f 3928/3928/3928 3930/3930/3930 3929/3929/3929
f 3931/3931/3931 3933/3933/3933 3932/3932/3932
f 3934/3934/3934 3936/3936/3936 3935/3935/3935
f 3937/3937/3937 3939/3939/3939 3938/3938/3938
f 3940/3940/3940 3942/3942/3942 3941/3941/3941
f 3943/3943/3943 3945/3945/3945 3944/3944/3944
f 3946/3946/3946 3948/3948/3948 3947/3947/3947
f 3949/3949/3949 3951/3951/3951 3950/3950/3950
f 3952/3952/3952 3954/3954/3954 3953/3953/3953
f 3955/3955/3955 3957/3957/3957 3956/3956/3956
f 3958/3958/3958 3960/3960/3960 3959/3959/3959
f 3961/3961/3961 3963/3963/3963 3962/3962/3962
f 3964/3964/3964 3966/3966/3966 3965/3965/3965
f 3967/3967/3967 3969/3969/3969 3968/3968/3968
f 3970/3970/3970 3972/3972/3972 3971/3971/3971
f 3973/3973/3973 3975/3975/3975 3974/3974/3974
f 3976/3976/3976 3978/3978/3978 3977/3977/3977
f 3979/3979/3979 3981/3981/3981 3980/3980/3980
f 3982/3982/3982 3984/3984/3984 3983/3983/3983
f 3985/3985/3985 3987/3987/3987 3986/3986/3986
f 3988/3988/3988 3990/3990/3990 3989/3989/3989
f 3991/3991/3991 3993/3993/3993 3992/3992/3992
f 3994/3994/3994 3996/3996/3996 3995/3995/3995
f 3997/3997/3997 3999/3999/3999 3998/3998/3998
f 4000/4000/4000 4002/4002/4002 4001/4001/4001
f 4003/4003/4003 4005/4005/4005 4004/4004/4004
f 4006/4006/4006 4008/4008/4008 4007/4007/4007
f 4009/4009/4009 4011/4011/4011 4010/4010/4010
f 4012/4012/4012 4014/4014/4014 4013/4013/4013
f 4015/4015/4015 4017/4017/4017 4016/4016/4016
f 4018/4018/4018 4020/4020/4020 4019/4019/4019
f 4021/4021/4021 4023/4023/4023 4022/4022/4022
f 4024/4024/4024 4026/4026/4026 4025/4025/4025
f 4027/4027/4027 4029/4029/4029 4028/4028/4028
f 4030/4030/4030 4032/4032/4032 4031/4031/4031
f 4033/4033/4033 4035/4035/4035 4034/4034/4034
f 4036/4036/4036 4038/4038/4038 4037/4037/4037
f 4039/4039/4039 4041/4041/4041 4040/4040/4040
f 4042/4042/4042 4044/4044/4044 4043/4043/4043
f 4045/4045/4045 4047/4047/4047 4046/4046/4046
f 4048/4048/4048 4050/4050/4050 4049/4049/4049
f 4051/4051/4051 4053/4053/4053 4052/4052/4052
f 4054/4054/4054 4056/4056/4056 4055/4055/4055
f 4057/4057/4057 4059/4059/4059 4058/4058/4058
f 4060/4060/4060 4062/4062/4062 4061/4061/4061
f 4063/4063/4063 4065/4065/4065 4064/4064/4064
f 4066/4066/4066 4068/4068/4068 4067/4067/4067
f 4069/4069/4069 4071/4071/4071 4070/4070/4070
f 4072/4072/4072 4074/4074/4074 4073/4073/4073
f 4075/4075/4075 4077/4077/4077 4076/4076/4076
f 4078/4078/4078 4080/4080/4080 4079/4079/4079
f 4081/4081/4081 4083/4083/4083 4082/4082/4082
f 4084/4084/4084 4086/4086/4086 4085/4085/4085
f 4087/4087/4087 4089/4089/4089 4088/4088/4088
f 4090/4090/4090 4092/4092/4092 4091/4091/4091
f 4093/4093/4093 4095/4095/4095 4094/4094/4094
f 4096/4096/4096 4098/4098/4098 4097/4097/4097
f 4099/4099/4099 4101/4101/4101 4100/4100/4100
f 4102/4102/4102 4104/4104/4104 4103/4103/4103
f 4105/4105/4105 4107/4107/4107 4106/4106/4106
f 4108/4108/4108 4110/4110/4110 4109/4109/4109
f 4111/4111/4111 4113/4113/4113 4112/4112/4112
f 4114/4114/4114 4116/4116/4116 4115/4115/4115
f 4117/4117/4117 4119/4119/4119 4118/4118/4118
f 4120/4120/4120 4122/4122/4122 4121/4121/4121
f 4123/4123/4123 4125/4125/4125 4124/4124/4124
f 4126/4126/4126 4128/4128/4128 4127/4127/4127
f 4129/4129/4129 4131/4131/4131 4130/4130/4130
f 4132/4132/4132 4134/4134/4134 4133/4133/4133
f 4135/4135/4135 4137/4137/4137 4136/4136/4136
f 4138/4138/4138 4140/4140/4140 4139/4139/4139
f 4141/4141/4141 4143/4143/4143 4142/4142/4142
f 4144/4144/4144 4146/4146/4146 4145/4145/4145
f 4147/4147/4147 4149/4149/4149 4148/4148/4148
f 4150/4150/4150 4152/4152/4152 4151/4151/4151
f 4153/4153/4153 4155/4155/4155 4154/4154/4154
f 4156/4156/4156 4158/4158/4158 4157/4157/4157
f 4159/4159/4159 4161/4161/4161 4160/4160/4160
f 4162/4162/4162 4164/4164/4164 4163/4163/4163
f 4165/4165/4165 4167/4167/4167 4166/4166/4166
f 4168/4168/4168 4170/4170/4170 4169/4169/4169
f 4171/4171/4171 4173/4173/4173 4172/4172/4172
f 4174/4174/4174 4176/4176/4176 4175/4175/4175
f 4177/4177/4177 4179/4179/4179 4178/4178/4178
f 4180/4180/4180 4182/4182/4182 4181/4181/4181
f 4183/4183/4183 4185/4185/4185 4184/4184/4184
f 4186/4186/4186 4188/4188/4188 4187/4187/4187
f 4189/4189/4189 4191/4191/4191 4190/4190/4190
f 4192/4192/4192 4194/4194/4194 4193/4193/4193
f 4195/4195/4195 4197/4197/4197 4196/4196/4196
f 4198/4198/4198 4200/4200/4200 4199/4199/4199
f 4201/4201/4201 4203/4203/4203 4202/4202/4202
f 4204/4204/4204 4206/4206/4206 4205/4205/4205
f 4207/4207/4207 4209/4209/4209 4208/4208/4208
f 4210/4210/4210 4212/4212/4212 4211/4211/4211
f 4213/4213/4213 4215/4215/4215 4214/4214/4214
f 4216/4216/4216 4218/4218/4218 4217/4217/4217
f 4219/4219/4219 4221/4221/4221 4220/4220/4220
f 4222/4222/4222 4224/4224/4224 4223/4223/4223
f 4225/4225/4225 4227/4227/4227 4226/4226/4226
f 4228/4228/4228 4230/4230/4230 4229/4229/4229
f 4231/4231/4231 4233/4233/4233 4232/4232/4232
f 4234/4234/4234 4236/4236/4236 4235/4235/4235
f 4237/4237/4237 4239/4239/4239 4238/4238/4238
f 4240/4240/4240 4242/4242/4242 4241/4241/4241
f 4243/4243/4243 4245/4245/4245 4244/4244/4244
f 4246/4246/4246 4248/4248/4248 4247/4247/4247
f 4249/4249/4249 4251/4251/4251 4250/4250/4250
f 4252/4252/4252 4254/4254/4254 4253/4253/4253
f 4255/4255/4255 4257/4257/4257 4256/4256/4256
f 4258/4258/4258 4260/4260/4260 4259/4259/4259
f 4261/4261/4261 4263/4263/4263 4262/4262/4262
f 4264/4264/4264 4266/4266/4266 4265/4265/4265
f 4267/4267/4267 4269/4269/4269 4268/4268/4268
f 4270/4270/4270 4272/4272/4272 4271/4271/4271
f 4273/4273/4273 4275/4275/4275 4274/4274/4274
f 4276/4276/4276 4278/4278/4278 4277/4277/4277
f 4279/4279/4279 4281/4281/4281 4280/4280/4280
f 4282/4282/4282 4284/4284/4284 4283/4283/4283
f 4285/4285/4285 4287/4287/4287 4286/4286/4286
f 4288/4288/4288 4290/4290/4290 4289/4289/4289
f 4291/4291/4291 4293/4293/4293 4292/4292/4292
f 4294/4294/4294 4296/4296/4296 4295/4295/4295
f 4297/4297/4297 4299/4299/4299 4298/4298/4298
f 4300/4300/4300 4302/4302/4302 4301/4301/4301
f 4303/4303/4303 4305/4305/4305 4304/4304/4304
f 4306/4306/4306 4308/4308/4308 4307/4307/4307
f 4309/4309/4309 4311/4311/4311 4310/4310/4310
f 4312/4312/4312 4314/4314/4314 4313/4313/4313
f 4315/4315/4315 4317/4317/4317 4316/4316/4316
f 4318/4318/4318 4320/4320/4320 4319/4319/4319
f 4321/4321/4321 4323/4323/4323 4322/4322/4322
f 4324/4324/4324 4326/4326/4326 4325/4325/4325
f 4327/4327/4327 4329/4329/4329 4328/4328/4328
f 4330/4330/4330 4332/4332/4332 4331/4331/4331
f 4333/4333/4333 4335/4335/4335 4334/4334/4334
f 4336/4336/4336 4338/4338/4338 4337/4337/4337
f 4339/4339/4339 4341/4341/4341 4340/4340/4340
f 4342/4342/4342 4344/4344/4344 4343/4343/4343
f 4345/4345/4345 4347/4347/4347 4346/4346/4346
f 4348/4348/4348 4350/4350/4350 4349/4349/4349
f 4351/4351/4351 4353/4353/4353 4352/4352/4352
f 4354/4354/4354 4356/4356/4356 4355/4355/4355
f 4357/4357/4357 4359/4359/4359 4358/4358/4358
f 4360/4360/4360 4362/4362/4362 4361/4361/4361
f 4363/4363/4363 4365/4365/4365 4364/4364/4364
f 4366/4366/4366 4368/4368/4368 4367/4367/4367
f 4369/4369/4369 4371/4371/4371 4370/4370/4370
f 4372/4372/4372 4374/4374/4374 4373/4373/4373
f 4375/4375/4375 4377/4377/4377 4376/4376/4376
f 4378/4378/4378 4380/4380/4380 4379/4379/4379
f 4381/4381/4381 4383/4383/4383 4382/4382/4382
f 4384/4384/4384 4386/4386/4386 4385/4385/4385
f 4387/4387/4387 4389/4389/4389 4388/4388/4388
f 4390/4390/4390 4392/4392/4392 4391/4391/4391
f 4393/4393/4393 4395/4395/4395 4394/4394/4394
f 4396/4396/4396 4398/4398/4398 4397/4397/4397
f 4399/4399/4399 4401/4401/4401 4400/4400/4400
f 4402/4402/4402 4404/4404/4404 4403/4403/4403
f 4405/4405/4405 4407/4407/4407 4406/4406/4406
f 4408/4408/4408 4410/4410/4410 4409/4409/4409
f 4411/4411/4411 4413/4413/4413 4412/4412/4412
f 4414/4414/4414 4416/4416/4416 4415/4415/4415
f 4417/4417/4417 4419/4419/4419 4418/4418/4418
f 4420/4420/4420 4422/4422/4422 4421/4421/4421
f 4423/4423/4423 4425/4425/4425 4424/4424/4424
f 4426/4426/4426 4428/4428/4428 4427/4427/4427
f 4429/4429/4429 4431/4431/4431 4430/4430/4430
f 4432/4432/4432 4434/4434/4434 4433/4433/4433
f 4435/4435/4435 4437/4437/4437 4436/4436/4436
f 4438/4438/4438 4440/4440/4440 4439/4439/4439
f 4441/4441/4441 4443/4443/4443 4442/4442/4442
f 4444/4444/4444 4446/4446/4446 4445/4445/4445
f 4447/4447/4447 4449/4449/4449 4448/4448/4448
f 4450/4450/4450 4452/4452/4452 4451/4451/4451
f 4453/4453/4453 4455/4455/4455 4454/4454/4454
f 4456/4456/4456 4458/4458/4458 4457/4457/4457
f 4459/4459/4459 4461/4461/4461 4460/4460/4460
f 4462/4462/4462 4464/4464/4464 4463/4463/4463
f 4465/4465/4465 4467/4467/4467 4466/4466/4466
f 4468/4468/4468 4470/4470/4470 4469/4469/4469
f 4471/4471/4471 4473/4473/4473 4472/4472/4472
f 4474/4474/4474 4476/4476/4476 4475/4475/4475
f 4477/4477/4477 4479/4479/4479 4478/4478/4478
f 4480/4480/4480 4482/4482/4482 4481/4481/4481
f 4483/4483/4483 4485/4485/4485 4484/4484/4484
f 4486/4486/4486 4488/4488/4488 4487/4487/4487
f 4489/4489/4489 4491/4491/4491 4490/4490/4490
f 4492/4492/4492 4494/4494/4494 4493/4493/4493
f 4495/4495/4495 4497/4497/4497 4496/4496/4496
f 4498/4498/4498 4500/4500/4500 4499/4499/4499
f 4501/4501/4501 4503/4503/4503 4502/4502/4502
f 4504/4504/4504 4506/4506/4506 4505/4505/4505
f 4507/4507/4507 4509/4509/4509 4508/4508/4508
f 4510/4510/4510 4512/4512/4512 4511/4511/4511
f 4513/4513/4513 4515/4515/4515 4514/4514/4514
f 4516/4516/4516 4518/4518/4518 4517/4517/4517
f 4519/4519/4519 4521/4521/4521 4520/4520/4520
f 4522/4522/4522 4524/4524/4524 4523/4523/4523
f 4525/4525/4525 4527/4527/4527 4526/4526/4526
f 4528/4528/4528 4530/4530/4530 4529/4529/4529
f 4531/4531/4531 4533/4533/4533 4532/4532/4532
f 4534/4534/4534 4536/4536/4536 4535/4535/4535
f 4537/4537/4537 4539/4539/4539 4538/4538/4538
f 4540/4540/4540 4542/4542/4542 4541/4541/4541
f 4543/4543/4543 4545/4545/4545 4544/4544/4544
f 4546/4546/4546 4548/4548/4548 4547/4547/4547
f 4549/4549/4549 4551/4551/4551 4550/4550/4550
f 4552/4552/4552 4554/4554/4554 4553/4553/4553
f 4555/4555/4555 4557/4557/4557 4556/4556/4556
f 4558/4558/4558 4560/4560/4560 4559/4559/4559
f 4561/4561/4561 4563/4563/4563 4562/4562/4562
f 4564/4564/4564 4566/4566/4566 4565/4565/4565
f 4567/4567/4567 4569/4569/4569 4568/4568/4568
f 4570/4570/4570 4572/4572/4572 4571/4571/4571
f 4573/4573/4573 4575/4575/4575 4574/4574/4574
f 4576/4576/4576 4578/4578/4578 4577/4577/4577
f 4579/4579/4579 4581/4581/4581 4580/4580/4580
f 4582/4582/4582 4584/4584/4584 4583/4583/4583
f 4585/4585/4585 4587/4587/4587 4586/4586/4586
f 4588/4588/4588 4590/4590/4590 4589/4589/4589
f 4591/4591/4591 4593/4593/4593 4592/4592/4592
f 4594/4594/4594 4596/4596/4596 4595/4595/4595
f 4597/4597/4597 4599/4599/4599 4598/4598/4598
f 4600/4600/4600 4602/4602/4602 4601/4601/4601
f 4603/4603/4603 4605/4605/4605 4604/4604/4604
f 4606/4606/4606 4608/4608/4608 4607/4607/4607
f 4609/4609/4609 4611/4611/4611 4610/4610/4610
f 4612/4612/4612 4614/4614/4614 4613/4613/4613
f 4615/4615/4615 4617/4617/4617 4616/4616/4616
f 4618/4618/4618 4620/4620/4620 4619/4619/4619
f 4621/4621/4621 4623/4623/4623 4622/4622/4622
f 4624/4624/4624 4626/4626/4626 4625/4625/4625
f 4627/4627/4627 4629/4629/4629 4628/4628/4628
f 4630/4630/4630 4632/4632/4632 4631/4631/4631
f 4633/4633/4633 4635/4635/4635 4634/4634/4634
f 4636/4636/4636 4638/4638/4638 4637/4637/4637
f 4639/4639/4639 4641/4641/4641 4640/4640/4640
f 4642/4642/4642 4644/4644/4644 4643/4643/4643
f 4645/4645/4645 4647/4647/4647 4646/4646/4646
f 4648/4648/4648 4650/4650/4650 4649/4649/4649
f 4651/4651/4651 4653/4653/4653 4652/4652/4652
f 4654/4654/4654 4656/4656/4656 4655/4655/4655
f 4657/4657/4657 4659/4659/4659 4658/4658/4658
f 4660/4660/4660 4662/4662/4662 4661/4661/4661
f 4663/4663/4663 4665/4665/4665 4664/4664/4664
f 4666/4666/4666 4668/4668/4668 4667/4667/4667
f 4669/4669/4669 4671/4671/4671 4670/4670/4670
f 4672/4672/4672 4674/4674/4674 4673/4673/4673
f 4675/4675/4675 4677/4677/4677 4676/4676/4676
f 4678/4678/4678 4680/4680/4680 4679/4679/4679
f 4681/4681/4681 4683/4683/4683 4682/4682/4682
f 4684/4684/4684 4686/4686/4686 4685/4685/4685
f 4687/4687/4687 4689/4689/4689 4688/4688/4688
f 4690/4690/4690 4692/4692/4692 4691/4691/4691
f 4693/4693/4693 4695/4695/4695 4694/4694/4694
f 4696/4696/4696 4698/4698/4698 4697/4697/4697
f 4699/4699/4699 4701/4701/4701 4700/4700/4700
f 4702/4702/4702 4704/4704/4704 4703/4703/4703
f 4705/4705/4705 4707/4707/4707 4706/4706/4706
f 4708/4708/4708 4710/4710/4710 4709/4709/4709
f 4711/4711/4711 4713/4713/4713 4712/4712/4712
f 4714/4714/4714 4716/4716/4716 4715/4715/4715
f 4717/4717/4717 4719/4719/4719 4718/4718/4718
f 4720/4720/4720 4722/4722/4722 4721/4721/4721
f 4723/4723/4723 4725/4725/4725 4724/4724/4724
f 4726/4726/4726 4728/4728/4728 4727/4727/4727
f 4729/4729/4729 4731/4731/4731 4730/4730/4730
f 4732/4732/4732 4734/4734/4734 4733/4733/4733
f 4735/4735/4735 4737/4737/4737 4736/4736/4736
f 4738/4738/4738 4740/4740/4740 4739/4739/4739
f 4741/4741/4741 4743/4743/4743 4742/4742/4742
f 4744/4744/4744 4746/4746/4746 4745/4745/4745
f 4747/4747/4747 4749/4749/4749 4748/4748/4748
f 4750/4750/4750 4752/4752/4752 4751/4751/4751
f 4753/4753/4753 4755/4755/4755 4754/4754/4754
f 4756/4756/4756 4758/4758/4758 4757/4757/4757
f 4759/4759/4759 4761/4761/4761 4760/4760/4760
f 4762/4762/4762 4764/4764/4764 4763/4763/4763
f 4765/4765/4765 4767/4767/4767 4766/4766/4766
f 4768/4768/4768 4770/4770/4770 4769/4769/4769
f 4771/4771/4771 4773/4773/4773 4772/4772/4772
f 4774/4774/4774 4776/4776/4776 4775/4775/4775
f 4777/4777/4777 4779/4779/4779 4778/4778/4778
f 4780/4780/4780 4782/4782/4782 4781/4781/4781
f 4783/4783/4783 4785/4785/4785 4784/4784/4784
f 4786/4786/4786 4788/4788/4788 4787/4787/4787
f 4789/4789/4789 4791/4791/4791 4790/4790/4790
f 4792/4792/4792 4794/4794/4794 4793/4793/4793
f 4795/4795/4795 4797/4797/4797 4796/4796/4796
f 4798/4798/4798 4800/4800/4800 4799/4799/4799
f 4801/4801/4801 4803/4803/4803 4802/4802/4802
f 4804/4804/4804 4806/4806/4806 4805/4805/4805
f 4807/4807/4807 4809/4809/4809 4808/4808/4808
f 4810/4810/4810 4812/4812/4812 4811/4811/4811
f 4813/4813/4813 4815/4815/4815 4814/4814/4814
f 4816/4816/4816 4818/4818/4818 4817/4817/4817
f 4819/4819/4819 4821/4821/4821 4820/4820/4820
f 4822/4822/4822 4824/4824/4824 4823/4823/4823
f 4825/4825/4825 4827/4827/4827 4826/4826/4826
f 4828/4828/4828 4830/4830/4830 4829/4829/4829
f 4831/4831/4831 4833/4833/4833 4832/4832/4832
f 4834/4834/4834 4836/4836/4836 4835/4835/4835
f 4837/4837/4837 4839/4839/4839 4838/4838/4838
f 4840/4840/4840 4842/4842/4842 4841/4841/4841
f 4843/4843/4843 4845/4845/4845 4844/4844/4844
f 4846/4846/4846 4848/4848/4848 4847/4847/4847
f 4849/4849/4849 4851/4851/4851 4850/4850/4850
f 4852/4852/4852 4854/4854/4854 4853/4853/4853
f 4855/4855/4855 4857/4857/4857 4856/4856/4856
f 4858/4858/4858 4860/4860/4860 4859/4859/4859
f 4861/4861/4861 4863/4863/4863 4862/4862/4862
f 4864/4864/4864 4866/4866/4866 4865/4865/4865
f 4867/4867/4867 4869/4869/4869 4868/4868/4868
f 4870/4870/4870 4872/4872/4872 4871/4871/4871
f 4873/4873/4873 4875/4875/4875 4874/4874/4874
f 4876/4876/4876 4878/4878/4878 4877/4877/4877
f 4879/4879/4879 4881/4881/4881 4880/4880/4880
f 4882/4882/4882 4884/4884/4884 4883/4883/4883
f 4885/4885/4885 4887/4887/4887 4886/4886/4886
f 4888/4888/4888 4890/4890/4890 4889/4889/4889
f 4891/4891/4891 4893/4893/4893 4892/4892/4892
f 4894/4894/4894 4896/4896/4896 4895/4895/4895
f 4897/4897/4897 4899/4899/4899 4898/4898/4898
f 4900/4900/4900 4902/4902/4902 4901/4901/4901
f 4903/4903/4903 4905/4905/4905 4904/4904/4904
f 4906/4906/4906 4908/4908/4908 4907/4907/4907
f 4909/4909/4909 4911/4911/4911 4910/4910/4910
f 4912/4912/4912 4914/4914/4914 4913/4913/4913
f 4915/4915/4915 4917/4917/4917 4916/4916/4916
f 4918/4918/4918 4920/4920/4920 4919/4919/4919
f 4921/4921/4921 4923/4923/4923 4922/4922/4922
f 4924/4924/4924 4926/4926/4926 4925/4925/4925
f 4927/4927/4927 4929/4929/4929 4928/4928/4928
f 4930/4930/4930 4932/4932/4932 4931/4931/4931
f 4933/4933/4933 4935/4935/4935 4934/4934/4934
f 4936/4936/4936 4938/4938/4938 4937/4937/4937
f 4939/4939/4939 4941/4941/4941 4940/4940/4940
f 4942/4942/4942 4944/4944/4944 4943/4943/4943
f 4945/4945/4945 4947/4947/4947 4946/4946/4946
f 4948/4948/4948 4950/4950/4950 4949/4949/4949
f 4951/4951/4951 4953/4953/4953 4952/4952/4952
f 4954/4954/4954 4956/4956/4956 4955/4955/4955
f 4957/4957/4957 4959/4959/4959 4958/4958/4958
f 4960/4960/4960 4962/4962/4962 4961/4961/4961
f 4963/4963/4963 4965/4965/4965 4964/4964/4964
f 4966/4966/4966 4968/4968/4968 4967/4967/4967
f 4969/4969/4969 4971/4971/4971 4970/4970/4970
f 4972/4972/4972 4974/4974/4974 4973/4973/4973
f 4975/4975/4975 4977/4977/4977 4976/4976/4976
f 4978/4978/4978 4980/4980/4980 4979/4979/4979
f 4981/4981/4981 4983/4983/4983 4982/4982/4982
f 4984/4984/4984 4986/4986/4986 4985/4985/4985
f 4987/4987/4987 4989/4989/4989 4988/4988/4988
f 4990/4990/4990 4992/4992/4992 4991/4991/4991
f 4993/4993/4993 4995/4995/4995 4994/4994/4994
f 4996/4996/4996 4998/4998/4998 4997/4997/4997
f 4999/4999/4999 5001/5001/5001 5000/5000/5000
f 5002/5002/5002 5004/5004/5004 5003/5003/5003
f 5005/5005/5005 5007/5007/5007 5006/5006/5006
f 5008/5008/5008 5010/5010/5010 5009/5009/5009
f 5011/5011/5011 5013/5013/5013 5012/5012/5012
f 5014/5014/5014 5016/5016/5016 5015/5015/5015
f 5017/5017/5017 5019/5019/5019 5018/5018/5018
f 5020/5020/5020 5022/5022/5022 5021/5021/5021
f 5023/5023/5023 5025/5025/5025 5024/5024/5024
f 5026/5026/5026 5028/5028/5028 5027/5027/5027
f 5029/5029/5029 5031/5031/5031 5030/5030/5030
f 5032/5032/5032 5034/5034/5034 5033/5033/5033
f 5035/5035/5035 5037/5037/5037 5036/5036/5036
f 5038/5038/5038 5040/5040/5040 5039/5039/5039
f 5041/5041/5041 5043/5043/5043 5042/5042/5042
f 5044/5044/5044 5046/5046/5046 5045/5045/5045
f 5047/5047/5047 5049/5049/5049 5048/5048/5048
f 5050/5050/5050 5052/5052/5052 5051/5051/5051
f 5053/5053/5053 5055/5055/5055 5054/5054/5054
f 5056/5056/5056 5058/5058/5058 5057/5057/5057
f 5059/5059/5059 5061/5061/5061 5060/5060/5060
f 5062/5062/5062 5064/5064/5064 5063/5063/5063
f 5065/5065/5065 5067/5067/5067 5066/5066/5066
f 5068/5068/5068 5070/5070/5070 5069/5069/5069
f 5071/5071/5071 5073/5073/5073 5072/5072/5072
f 5074/5074/5074 5076/5076/5076 5075/5075/5075
f 5077/5077/5077 5079/5079/5079 5078/5078/5078
f 5080/5080/5080 5082/5082/5082 5081/5081/5081
f 5083/5083/5083 5085/5085/5085 5084/5084/5084
f 5086/5086/5086 5088/5088/5088 5087/5087/5087
f 5089/5089/5089 5091/5091/5091 5090/5090/5090
f 5092/5092/5092 5094/5094/5094 5093/5093/5093
f 5095/5095/5095 5097/5097/5097 5096/5096/5096
f 5098/5098/5098 5100/5100/5100 5099/5099/5099
f 5101/5101/5101 5103/5103/5103 5102/5102/5102
f 5104/5104/5104 5106/5106/5106 5105/5105/5105
f 5107/5107/5107 5109/5109/5109 5108/5108/5108
f 5110/5110/5110 5112/5112/5112 5111/5111/5111
f 5113/5113/5113 5115/5115/5115 5114/5114/5114
f 5116/5116/5116 5118/5118/5118 5117/5117/5117
f 5119/5119/5119 5121/5121/5121 5120/5120/5120
f 5122/5122/5122 5124/5124/5124 5123/5123/5123
f 5125/5125/5125 5127/5127/5127 5126/5126/5126
f 5128/5128/5128 5130/5130/5130 5129/5129/5129
f 5131/5131/5131 5133/5133/5133 5132/5132/5132
f 5134/5134/5134 5136/5136/5136 5135/5135/5135
f 5137/5137/5137 5139/5139/5139 5138/5138/5138
f 5140/5140/5140 5142/5142/5142 5141/5141/5141
f 5143/5143/5143 5145/5145/5145 5144/5144/5144
f 5146/5146/5146 5148/5148/5148 5147/5147/5147
f 5149/5149/5149 5151/5151/5151 5150/5150/5150
f 5152/5152/5152 5154/5154/5154 5153/5153/5153
f 5155/5155/5155 5157/5157/5157 5156/5156/5156
f 5158/5158/5158 5160/5160/5160 5159/5159/5159
f 5161/5161/5161 5163/5163/5163 5162/5162/5162
f 5164/5164/5164 5166/5166/5166 5165/5165/5165
f 5167/5167/5167 5169/5169/5169 5168/5168/5168
f 5170/5170/5170 5172/5172/5172 5171/5171/5171
f 5173/5173/5173 5175/5175/5175 5174/5174/5174
f 5176/5176/5176 5178/5178/5178 5177/5177/5177
f 5179/5179/5179 5181/5181/5181 5180/5180/5180
f 5182/5182/5182 5184/5184/5184 5183/5183/5183
f 5185/5185/5185 5187/5187/5187 5186/5186/5186
f 5188/5188/5188 5190/5190/5190 5189/5189/5189
f 5191/5191/5191 5193/5193/5193 5192/5192/5192
f 5194/5194/5194 5196/5196/5196 5195/5195/5195
f 5197/5197/5197 5199/5199/5199 5198/5198/5198
f 5200/5200/5200 5202/5202/5202 5201/5201/5201
f 5203/5203/5203 5205/5205/5205 5204/5204/5204
f 5206/5206/5206 5208/5208/5208 5207/5207/5207
f 5209/5209/5209 5211/5211/5211 5210/5210/5210
f 5212/5212/5212 5214/5214/5214 5213/5213/5213
f 5215/5215/5215 5217/5217/5217 5216/5216/5216
f 5218/5218/5218 5220/5220/5220 5219/5219/5219
f 5221/5221/5221 5223/5223/5223 5222/5222/5222
f 5224/5224/5224 5226/5226/5226 5225/5225/5225
f 5227/5227/5227 5229/5229/5229 5228/5228/5228
f 5230/5230/5230 5232/5232/5232 5231/5231/5231
f 5233/5233/5233 5235/5235/5235 5234/5234/5234
f 5236/5236/5236 5238/5238/5238 5237/5237/5237
f 5239/5239/5239 5241/5241/5241 5240/5240/5240
f 5242/5242/5242 5244/5244/5244 5243/5243/5243
f 5245/5245/5245 5247/5247/5247 5246/5246/5246
f 5248/5248/5248 5250/5250/5250 5249/5249/5249
f 5251/5251/5251 5253/5253/5253 5252/5252/5252
f 5254/5254/5254 5256/5256/5256 5255/5255/5255
f 5257/5257/5257 5259/5259/5259 5258/5258/5258
f 5260/5260/5260 5262/5262/5262 5261/5261/5261
f 5263/5263/5263 5265/5265/5265 5264/5264/5264
f 5266/5266/5266 5268/5268/5268 5267/5267/5267
f 5269/5269/5269 5271/5271/5271 5270/5270/5270
f 5272/5272/5272 5274/5274/5274 5273/5273/5273
f 5275/5275/5275 5277/5277/5277 5276/5276/5276
f 5278/5278/5278 5280/5280/5280 5279/5279/5279
f 5281/5281/5281 5283/5283/5283 5282/5282/5282
f 5284/5284/5284 5286/5286/5286 5285/5285/5285
f 5287/5287/5287 5289/5289/5289 5288/5288/5288
f 5290/5290/5290 5292/5292/5292 5291/5291/5291
f 5293/5293/5293 5295/5295/5295 5294/5294/5294
f 5296/5296/5296 5298/5298/5298 5297/5297/5297
f 5299/5299/5299 5301/5301/5301 5300/5300/5300
f 5302/5302/5302 5304/5304/5304 5303/5303/5303
f 5305/5305/5305 5307/5307/5307 5306/5306/5306
f 5308/5308/5308 5310/5310/5310 5309/5309/5309
f 5311/5311/5311 5313/5313/5313 5312/5312/5312
f 5314/5314/5314 5316/5316/5316 5315/5315/5315
f 5317/5317/5317 5319/5319/5319 5318/5318/5318
f 5320/5320/5320 5322/5322/5322 5321/5321/5321
f 5323/5323/5323 5325/5325/5325 5324/5324/5324
f 5326/5326/5326 5328/5328/5328 5327/5327/5327
f 5329/5329/5329 5331/5331/5331 5330/5330/5330
f 5332/5332/5332 5334/5334/5334 5333/5333/5333
f 5335/5335/5335 5337/5337/5337 5336/5336/5336
f 5338/5338/5338 5340/5340/5340 5339/5339/5339
f 5341/5341/5341 5343/5343/5343 5342/5342/5342
f 5344/5344/5344 5346/5346/5346 5345/5345/5345
f 5347/5347/5347 5349/5349/5349 5348/5348/5348
f 5350/5350/5350 5352/5352/5352 5351/5351/5351
f 5353/5353/5353 5355/5355/5355 5354/5354/5354
f 5356/5356/5356 5358/5358/5358 5357/5357/5357
f 5359/5359/5359 5361/5361/5361 5360/5360/5360
f 5362/5362/5362 5364/5364/5364 5363/5363/5363
f 5365/5365/5365 5367/5367/5367 5366/5366/5366
f 5368/5368/5368 5370/5370/5370 5369/5369/5369
f 5371/5371/5371 5373/5373/5373 5372/5372/5372
f 5374/5374/5374 5376/5376/5376 5375/5375/5375
f 5377/5377/5377 5379/5379/5379 5378/5378/5378
f 5380/5380/5380 5382/5382/5382 5381/5381/5381
f 5383/5383/5383 5385/5385/5385 5384/5384/5384
f 5386/5386/5386 5388/5388/5388 5387/5387/5387
f 5389/5389/5389 5391/5391/5391 5390/5390/5390
f 5392/5392/5392 5394/5394/5394 5393/5393/5393
f 5395/5395/5395 5397/5397/5397 5396/5396/5396
f 5398/5398/5398 5400/5400/5400 5399/5399/5399
f 5401/5401/5401 5403/5403/5403 5402/5402/5402
f 5404/5404/5404 5406/5406/5406 5405/5405/5405
f 5407/5407/5407 5409/5409/5409 5408/5408/5408
f 5410/5410/5410 5412/5412/5412 5411/5411/5411
f 5413/5413/5413 5415/5415/5415 5414/5414/5414
f 5416/5416/5416 5418/5418/5418 5417/5417/5417
f 5419/5419/5419 5421/5421/5421 5420/5420/5420
f 5422/5422/5422 5424/5424/5424 5423/5423/5423
f 5425/5425/5425 5427/5427/5427 5426/5426/5426
f 5428/5428/5428 5430/5430/5430 5429/5429/5429
f 5431/5431/5431 5433/5433/5433 5432/5432/5432
f 5434/5434/5434 5436/5436/5436 5435/5435/5435
f 5437/5437/5437 5439/5439/5439 5438/5438/5438
f 5440/5440/5440 5442/5442/5442 5441/5441/5441
f 5443/5443/5443 5445/5445/5445 5444/5444/5444
f 5446/5446/5446 5448/5448/5448 5447/5447/5447
f 5449/5449/5449 5451/5451/5451 5450/5450/5450
f 5452/5452/5452 5454/5454/5454 5453/5453/5453
f 5455/5455/5455 5457/5457/5457 5456/5456/5456
f 5458/5458/5458 5460/5460/5460 5459/5459/5459
f 5461/5461/5461 5463/5463/5463 5462/5462/5462
f 5464/5464/5464 5466/5466/5466 5465/5465/5465
f 5467/5467/5467 5469/5469/5469 5468/5468/5468
f 5470/5470/5470 5472/5472/5472 5471/5471/5471
f 5473/5473/5473 5475/5475/5475 5474/5474/5474
f 5476/5476/5476 5478/5478/5478 5477/5477/5477
f 5479/5479/5479 5481/5481/5481 5480/5480/5480
f 5482/5482/5482 5484/5484/5484 5483/5483/5483
f 5485/5485/5485 5487/5487/5487 5486/5486/5486
f 5488/5488/5488 5490/5490/5490 5489/5489/5489
f 5491/5491/5491 5493/5493/5493 5492/5492/5492
f 5494/5494/5494 5496/5496/5496 5495/5495/5495
f 5497/5497/5497 5499/5499/5499 5498/5498/5498
f 5500/5500/5500 5502/5502/5502 5501/5501/5501
f 5503/5503/5503 5505/5505/5505 5504/5504/5504
f 5506/5506/5506 5508/5508/5508 5507/5507/5507
f 5509/5509/5509 5511/5511/5511 5510/5510/5510
f 5512/5512/5512 5514/5514/5514 5513/5513/5513
f 5515/5515/5515 5517/5517/5517 5516/5516/5516
f 5518/5518/5518 5520/5520/5520 5519/5519/5519
f 5521/5521/5521 5523/5523/5523 5522/5522/5522
f 5524/5524/5524 5526/5526/5526 5525/5525/5525
f 5527/5527/5527 5529/5529/5529 5528/5528/5528
f 5530/5530/5530 5532/5532/5532 5531/5531/5531
f 5533/5533/5533 5535/5535/5535 5534/5534/5534
f 5536/5536/5536 5538/5538/5538 5537/5537/5537
f 5539/5539/5539 5541/5541/5541 5540/5540/5540
f 5542/5542/5542 5544/5544/5544 5543/5543/5543
f 5545/5545/5545 5547/5547/5547 5546/5546/5546
f 5548/5548/5548 5550/5550/5550 5549/5549/5549
f 5551/5551/5551 5553/5553/5553 5552/5552/5552
f 5554/5554/5554 5556/5556/5556 5555/5555/5555
f 5557/5557/5557 5559/5559/5559 5558/5558/5558
f 5560/5560/5560 5562/5562/5562 5561/5561/5561
f 5563/5563/5563 5565/5565/5565 5564/5564/5564
f 5566/5566/5566 5568/5568/5568 5567/5567/5567
f 5569/5569/5569 5571/5571/5571 5570/5570/5570
f 5572/5572/5572 5574/5574/5574 5573/5573/5573
f 5575/5575/5575 5577/5577/5577 5576/5576/5576
f 5578/5578/5578 5580/5580/5580 5579/5579/5579
f 5581/5581/5581 5583/5583/5583 5582/5582/5582
f 5584/5584/5584 5586/5586/5586 5585/5585/5585
f 5587/5587/5587 5589/5589/5589 5588/5588/5588
f 5590/5590/5590 5592/5592/5592 5591/5591/5591
f 5593/5593/5593 5595/5595/5595 5594/5594/5594
f 5596/5596/5596 5598/5598/5598 5597/5597/5597
f 5599/5599/5599 5601/5601/5601 5600/5600/5600
f 5602/5602/5602 5604/5604/5604 5603/5603/5603
f 5605/5605/5605 5607/5607/5607 5606/5606/5606
f 5608/5608/5608 5610/5610/5610 5609/5609/5609
f 5611/5611/5611 5613/5613/5613 5612/5612/5612
f 5614/5614/5614 5616/5616/5616 5615/5615/5615
f 5617/5617/5617 5619/5619/5619 5618/5618/5618
f 5620/5620/5620 5622/5622/5622 5621/5621/5621
f 5623/5623/5623 5625/5625/5625 5624/5624/5624
f 5626/5626/5626 5628/5628/5628 5627/5627/5627
f 5629/5629/5629 5631/5631/5631 5630/5630/5630
f 5632/5632/5632 5634/5634/5634 5633/5633/5633
f 5635/5635/5635 5637/5637/5637 5636/5636/5636
f 5638/5638/5638 5640/5640/5640 5639/5639/5639
f 5641/5641/5641 5643/5643/5643 5642/5642/5642
f 5644/5644/5644 5646/5646/5646 5645/5645/5645
f 5647/5647/5647 5649/5649/5649 5648/5648/5648
f 5650/5650/5650 5652/5652/5652 5651/5651/5651
f 5653/5653/5653 5655/5655/5655 5654/5654/5654
f 5656/5656/5656 5658/5658/5658 5657/5657/5657
f 5659/5659/5659 5661/5661/5661 5660/5660/5660
f 5662/5662/5662 5664/5664/5664 5663/5663/5663
f 5665/5665/5665 5667/5667/5667 5666/5666/5666
f 5668/5668/5668 5670/5670/5670 5669/5669/5669
f 5671/5671/5671 5673/5673/5673 5672/5672/5672
f 5674/5674/5674 5676/5676/5676 5675/5675/5675
f 5677/5677/5677 5679/5679/5679 5678/5678/5678
f 5680/5680/5680 5682/5682/5682 5681/5681/5681
f 5683/5683/5683 5685/5685/5685 5684/5684/5684
f 5686/5686/5686 5688/5688/5688 5687/5687/5687
f 5689/5689/5689 5691/5691/5691 5690/5690/5690
f 5692/5692/5692 5694/5694/5694 5693/5693/5693
f 5695/5695/5695 5697/5697/5697 5696/5696/5696
f 5698/5698/5698 5700/5700/5700 5699/5699/5699
f 5701/5701/5701 5703/5703/5703 5702/5702/5702
f 5704/5704/5704 5706/5706/5706 5705/5705/5705
f 5707/5707/5707 5709/5709/5709 5708/5708/5708
f 5710/5710/5710 5712/5712/5712 5711/5711/5711
f 5713/5713/5713 5715/5715/5715 5714/5714/5714
f 5716/5716/5716 5718/5718/5718 5717/5717/5717
f 5719/5719/5719 5721/5721/5721 5720/5720/5720
f 5722/5722/5722 5724/5724/5724 5723/5723/5723
f 5725/5725/5725 5727/5727/5727 5726/5726/5726
f 5728/5728/5728 5730/5730/5730 5729/5729/5729
f 5731/5731/5731 5733/5733/5733 5732/5732/5732
f 5734/5734/5734 5736/5736/5736 5735/5735/5735
f 5737/5737/5737 5739/5739/5739 5738/5738/5738
f 5740/5740/5740 5742/5742/5742 5741/5741/5741
f 5743/5743/5743 5745/5745/5745 5744/5744/5744
f 5746/5746/5746 5748/5748/5748 5747/5747/5747
f 5749/5749/5749 5751/5751/5751 5750/5750/5750
f 5752/5752/5752 5754/5754/5754 5753/5753/5753
f 5755/5755/5755 5757/5757/5757 5756/5756/5756
f 5758/5758/5758 5760/5760/5760 5759/5759/5759
f 5761/5761/5761 5763/5763/5763 5762/5762/5762
f 5764/5764/5764 5766/5766/5766 5765/5765/5765
f 5767/5767/5767 5769/5769/5769 5768/5768/5768
f 5770/5770/5770 5772/5772/5772 5771/5771/5771
f 5773/5773/5773 5775/5775/5775 5774/5774/5774
f 5776/5776/5776 5778/5778/5778 5777/5777/5777
f 5779/5779/5779 5781/5781/5781 5780/5780/5780
f 5782/5782/5782 5784/5784/5784 5783/5783/5783
f 5785/5785/5785 5787/5787/5787 5786/5786/5786
f 5788/5788/5788 5790/5790/5790 5789/5789/5789
f 5791/5791/5791 5793/5793/5793 5792/5792/5792
f 5794/5794/5794 5796/5796/5796 5795/5795/5795
f 5797/5797/5797 5799/5799/5799 5798/5798/5798
f 5800/5800/5800 5802/5802/5802 5801/5801/5801
f 5803/5803/5803 5805/5805/5805 5804/5804/5804
f 5806/5806/5806 5808/5808/5808 5807/5807/5807
f 5809/5809/5809 5811/5811/5811 5810/5810/5810
f 5812/5812/5812 5814/5814/5814 5813/5813/5813
f 5815/5815/5815 5817/5817/5817 5816/5816/5816
f 5818/5818/5818 5820/5820/5820 5819/5819/5819
f 5821/5821/5821 5823/5823/5823 5822/5822/5822
f 5824/5824/5824 5826/5826/5826 5825/5825/5825
f 5827/5827/5827 5829/5829/5829 5828/5828/5828
f 5830/5830/5830 5832/5832/5832 5831/5831/5831
f 5833/5833/5833 5835/5835/5835 5834/5834/5834
f 5836/5836/5836 5838/5838/5838 5837/5837/5837
f 5839/5839/5839 5841/5841/5841 5840/5840/5840
f 5842/5842/5842 5844/5844/5844 5843/5843/5843
f 5845/5845/5845 5847/5847/5847 5846/5846/5846
f 5848/5848/5848 5850/5850/5850 5849/5849/5849
f 5851/5851/5851 5853/5853/5853 5852/5852/5852
f 5854/5854/5854 5856/5856/5856 5855/5855/5855
f 5857/5857/5857 5859/5859/5859 5858/5858/5858
f 5860/5860/5860 5862/5862/5862 5861/5861/5861
f 5863/5863/5863 5865/5865/5865 5864/5864/5864
f 5866/5866/5866 5868/5868/5868 5867/5867/5867
f 5869/5869/5869 5871/5871/5871 5870/5870/5870
f 5872/5872/5872 5874/5874/5874 5873/5873/5873
f 5875/5875/5875 5877/5877/5877 5876/5876/5876
f 5878/5878/5878 5880/5880/5880 5879/5879/5879
f 5881/5881/5881 5883/5883/5883 5882/5882/5882
f 5884/5884/5884 5886/5886/5886 5885/5885/5885
f 5887/5887/5887 5889/5889/5889 5888/5888/5888
f 5890/5890/5890 5892/5892/5892 5891/5891/5891
f 5893/5893/5893 5895/5895/5895 5894/5894/5894
f 5896/5896/5896 5898/5898/5898 5897/5897/5897
f 5899/5899/5899 5901/5901/5901 5900/5900/5900
f 5902/5902/5902 5904/5904/5904 5903/5903/5903
f 5905/5905/5905 5907/5907/5907 5906/5906/5906
f 5908/5908/5908 5910/5910/5910 5909/5909/5909
f 5911/5911/5911 5913/5913/5913 5912/5912/5912
f 5914/5914/5914 5916/5916/5916 5915/5915/5915
f 5917/5917/5917 5919/5919/5919 5918/5918/5918
f 5920/5920/5920 5922/5922/5922 5921/5921/5921
f 5923/5923/5923 5925/5925/5925 5924/5924/5924
f 5926/5926/5926 5928/5928/5928 5927/5927/5927
f 5929/5929/5929 5931/5931/5931 5930/5930/5930
f 5932/5932/5932 5934/5934/5934 5933/5933/5933
f 5935/5935/5935 5937/5937/5937 5936/5936/5936
f 5938/5938/5938 5940/5940/5940 5939/5939/5939
f 5941/5941/5941 5943/5943/5943 5942/5942/5942
f 5944/5944/5944 5946/5946/5946 5945/5945/5945
f 5947/5947/5947 5949/5949/5949 5948/5948/5948
f 5950/5950/5950 5952/5952/5952 5951/5951/5951
f 5953/5953/5953 5955/5955/5955 5954/5954/5954
f 5956/5956/5956 5958/5958/5958 5957/5957/5957
f 5959/5959/5959 5961/5961/5961 5960/5960/5960
f 5962/5962/5962 5964/5964/5964 5963/5963/5963
f 5965/5965/5965 5967/5967/5967 5966/5966/5966
f 5968/5968/5968 5970/5970/5970 5969/5969/5969
f 5971/5971/5971 5973/5973/5973 5972/5972/5972
f 5974/5974/5974 5976/5976/5976 5975/5975/5975
f 5977/5977/5977 5979/5979/5979 5978/5978/5978
f 5980/5980/5980 5982/5982/5982 5981/5981/5981
f 5983/5983/5983 5985/5985/5985 5984/5984/5984
f 5986/5986/5986 5988/5988/5988 5987/5987/5987
f 5989/5989/5989 5991/5991/5991 5990/5990/5990
f 5992/5992/5992 5994/5994/5994 5993/5993/5993
f 5995/5995/5995 5997/5997/5997 5996/5996/5996
f 5998/5998/5998 6000/6000/6000 5999/5999/5999
f 6001/6001/6001 6003/6003/6003 6002/6002/6002
f 6004/6004/6004 6006/6006/6006 6005/6005/6005
f 6007/6007/6007 6009/6009/6009 6008/6008/6008
f 6010/6010/6010 6012/6012/6012 6011/6011/6011
f 6013/6013/6013 6015/6015/6015 6014/6014/6014
f 6016/6016/6016 6018/6018/6018 6017/6017/6017
f 6019/6019/6019 6021/6021/6021 6020/6020/6020
f 6022/6022/6022 6024/6024/6024 6023/6023/6023
f 6025/6025/6025 6027/6027/6027 6026/6026/6026
f 6028/6028/6028 6030/6030/6030 6029/6029/6029
f 6031/6031/6031 6033/6033/6033 6032/6032/6032
f 6034/6034/6034 6036/6036/6036 6035/6035/6035
f 6037/6037/6037 6039/6039/6039 6038/6038/6038
f 6040/6040/6040 6042/6042/6042 6041/6041/6041
f 6043/6043/6043 6045/6045/6045 6044/6044/6044
f 6046/6046/6046 6048/6048/6048 6047/6047/6047
f 6049/6049/6049 6051/6051/6051 6050/6050/6050
f 6052/6052/6052 6054/6054/6054 6053/6053/6053
f 6055/6055/6055 6057/6057/6057 6056/6056/6056
f 6058/6058/6058 6060/6060/6060 6059/6059/6059
f 6061/6061/6061 6063/6063/6063 6062/6062/6062
f 6064/6064/6064 6066/6066/6066 6065/6065/6065
f 6067/6067/6067 6069/6069/6069 6068/6068/6068
f 6070/6070/6070 6072/6072/6072 6071/6071/6071
f 6073/6073/6073 6075/6075/6075 6074/6074/6074
f 6076/6076/6076 6078/6078/6078 6077/6077/6077
f 6079/6079/6079 6081/6081/6081 6080/6080/6080
f 6082/6082/6082 6084/6084/6084 6083/6083/6083
f 6085/6085/6085 6087/6087/6087 6086/6086/6086
f 6088/6088/6088 6090/6090/6090 6089/6089/6089
f 6091/6091/6091 6093/6093/6093 6092/6092/6092
f 6094/6094/6094 6096/6096/6096 6095/6095/6095
f 6097/6097/6097 6099/6099/6099 6098/6098/6098
f 6100/6100/6100 6102/6102/6102 6101/6101/6101
f 6103/6103/6103 6105/6105/6105 6104/6104/6104
f 6106/6106/6106 6108/6108/6108 6107/6107/6107
f 6109/6109/6109 6111/6111/6111 6110/6110/6110
f 6112/6112/6112 6114/6114/6114 6113/6113/6113
f 6115/6115/6115 6117/6117/6117 6116/6116/6116
f 6118/6118/6118 6120/6120/6120 6119/6119/6119
f 6121/6121/6121 6123/6123/6123 6122/6122/6122
f 6124/6124/6124 6126/6126/6126 6125/6125/6125
f 6127/6127/6127 6129/6129/6129 6128/6128/6128
f 6130/6130/6130 6132/6132/6132 6131/6131/6131
f 6133/6133/6133 6135/6135/6135 6134/6134/6134
f 6136/6136/6136 6138/6138/6138 6137/6137/6137
f 6139/6139/6139 6141/6141/6141 6140/6140/6140
f 6142/6142/6142 6144/6144/6144 6143/6143/6143
f 6145/6145/6145 6147/6147/6147 6146/6146/6146
f 6148/6148/6148 6150/6150/6150 6149/6149/6149
f 6151/6151/6151 6153/6153/6153 6152/6152/6152
f 6154/6154/6154 6156/6156/6156 6155/6155/6155
f 6157/6157/6157 6159/6159/6159 6158/6158/6158
f 6160/6160/6160 6162/6162/6162 6161/6161/6161
f 6163/6163/6163 6165/6165/6165 6164/6164/6164
f 6166/6166/6166 6168/6168/6168 6167/6167/6167
f 6169/6169/6169 6171/6171/6171 6170/6170/6170
f 6172/6172/6172 6174/6174/6174 6173/6173/6173
f 6175/6175/6175 6177/6177/6177 6176/6176/6176
f 6178/6178/6178 6180/6180/6180 6179/6179/6179
f 6181/6181/6181 6183/6183/6183 6182/6182/6182
f 6184/6184/6184 6186/6186/6186 6185/6185/6185
f 6187/6187/6187 6189/6189/6189 6188/6188/6188
f 6190/6190/6190 6192/6192/6192 6191/6191/6191
f 6193/6193/6193 6195/6195/6195 6194/6194/6194
f 6196/6196/6196 6198/6198/6198 6197/6197/6197
f 6199/6199/6199 6201/6201/6201 6200/6200/6200
f 6202/6202/6202 6204/6204/6204 6203/6203/6203
f 6205/6205/6205 6207/6207/6207 6206/6206/6206
f 6208/6208/6208 6210/6210/6210 6209/6209/6209
f 6211/6211/6211 6213/6213/6213 6212/6212/6212
f 6214/6214/6214 6216/6216/6216 6215/6215/6215
f 6217/6217/6217 6219/6219/6219 6218/6218/6218
f 6220/6220/6220 6222/6222/6222 6221/6221/6221
f 6223/6223/6223 6225/6225/6225 6224/6224/6224
f 6226/6226/6226 6228/6228/6228 6227/6227/6227
f 6229/6229/6229 6231/6231/6231 6230/6230/6230
f 6232/6232/6232 6234/6234/6234 6233/6233/6233
f 6235/6235/6235 6237/6237/6237 6236/6236/6236
f 6238/6238/6238 6240/6240/6240 6239/6239/6239
f 6241/6241/6241 6243/6243/6243 6242/6242/6242
f 6244/6244/6244 6246/6246/6246 6245/6245/6245
f 6247/6247/6247 6249/6249/6249 6248/6248/6248
f 6250/6250/6250 6252/6252/6252 6251/6251/6251
f 6253/6253/6253 6255/6255/6255 6254/6254/6254
f 6256/6256/6256 6258/6258/6258 6257/6257/6257
f 6259/6259/6259 6261/6261/6261 6260/6260/6260
f 6262/6262/6262 6264/6264/6264 6263/6263/6263
f 6265/6265/6265 6267/6267/6267 6266/6266/6266
f 6268/6268/6268 6270/6270/6270 6269/6269/6269
f 6271/6271/6271 6273/6273/6273 6272/6272/6272
f 6274/6274/6274 6276/6276/6276 6275/6275/6275
f 6277/6277/6277 6279/6279/6279 6278/6278/6278
f 6280/6280/6280 6282/6282/6282 6281/6281/6281
f 6283/6283/6283 6285/6285/6285 6284/6284/6284
f 6286/6286/6286 6288/6288/6288 6287/6287/6287
f 6289/6289/6289 6291/6291/6291 6290/6290/6290
f 6292/6292/6292 6294/6294/6294 6293/6293/6293
f 6295/6295/6295 6297/6297/6297 6296/6296/6296
f 6298/6298/6298 6300/6300/6300 6299/6299/6299
f 6301/6301/6301 6303/6303/6303 6302/6302/6302
f 6304/6304/6304 6306/6306/6306 6305/6305/6305
f 6307/6307/6307 6309/6309/6309 6308/6308/6308
f 6310/6310/6310 6312/6312/6312 6311/6311/6311
f 6313/6313/6313 6315/6315/6315 6314/6314/6314
f 6316/6316/6316 6318/6318/6318 6317/6317/6317
f 6319/6319/6319 6321/6321/6321 6320/6320/6320
f 6322/6322/6322 6324/6324/6324 6323/6323/6323
f 6325/6325/6325 6327/6327/6327 6326/6326/6326
f 6328/6328/6328 6330/6330/6330 6329/6329/6329
f 6331/6331/6331 6333/6333/6333 6332/6332/6332
f 6334/6334/6334 6336/6336/6336 6335/6335/6335
f 6337/6337/6337 6339/6339/6339 6338/6338/6338
f 6340/6340/6340 6342/6342/6342 6341/6341/6341
f 6343/6343/6343 6345/6345/6345 6344/6344/6344
f 6346/6346/6346 6348/6348/6348 6347/6347/6347
f 6349/6349/6349 6351/6351/6351 6350/6350/6350
f 6352/6352/6352 6354/6354/6354 6353/6353/6353
f 6355/6355/6355 6357/6357/6357 6356/6356/6356
f 6358/6358/6358 6360/6360/6360 6359/6359/6359
f 6361/6361/6361 6363/6363/6363 6362/6362/6362
f 6364/6364/6364 6366/6366/6366 6365/6365/6365
f 6367/6367/6367 6369/6369/6369 6368/6368/6368
f 6370/6370/6370 6372/6372/6372 6371/6371/6371
f 6373/6373/6373 6375/6375/6375 6374/6374/6374
f 6376/6376/6376 6378/6378/6378 6377/6377/6377
f 6379/6379/6379 6381/6381/6381 6380/6380/6380
f 6382/6382/6382 6384/6384/6384 6383/6383/6383
f 6385/6385/6385 6387/6387/6387 6386/6386/6386
f 6388/6388/6388 6390/6390/6390 6389/6389/6389
f 6391/6391/6391 6393/6393/6393 6392/6392/6392
f 6394/6394/6394 6396/6396/6396 6395/6395/6395
f 6397/6397/6397 6399/6399/6399 6398/6398/6398
f 6400/6400/6400 6402/6402/6402 6401/6401/6401
f 6403/6403/6403 6405/6405/6405 6404/6404/6404
f 6406/6406/6406 6408/6408/6408 6407/6407/6407
f 6409/6409/6409 6411/6411/6411 6410/6410/6410
f 6412/6412/6412 6414/6414/6414 6413/6413/6413
f 6415/6415/6415 6417/6417/6417 6416/6416/6416
f 6418/6418/6418 6420/6420/6420 6419/6419/6419
f 6421/6421/6421 6423/6423/6423 6422/6422/6422
f 6424/6424/6424 6426/6426/6426 6425/6425/6425
f 6427/6427/6427 6429/6429/6429 6428/6428/6428
f 6430/6430/6430 6432/6432/6432 6431/6431/6431
f 6433/6433/6433 6435/6435/6435 6434/6434/6434
f 6436/6436/6436 6438/6438/6438 6437/6437/6437
f 6439/6439/6439 6441/6441/6441 6440/6440/6440
f 6442/6442/6442 6444/6444/6444 6443/6443/6443
f 6445/6445/6445 6447/6447/6447 6446/6446/6446
f 6448/6448/6448 6450/6450/6450 6449/6449/6449
f 6451/6451/6451 6453/6453/6453 6452/6452/6452
f 6454/6454/6454 6456/6456/6456 6455/6455/6455
f 6457/6457/6457 6459/6459/6459 6458/6458/6458
f 6460/6460/6460 6462/6462/6462 6461/6461/6461
f 6463/6463/6463 6465/6465/6465 6464/6464/6464
f 6466/6466/6466 6468/6468/6468 6467/6467/6467
f 6469/6469/6469 6471/6471/6471 6470/6470/6470
f 6472/6472/6472 6474/6474/6474 6473/6473/6473
f 6475/6475/6475 6477/6477/6477 6476/6476/6476
f 6478/6478/6478 6480/6480/6480 6479/6479/6479
f 6481/6481/6481 6483/6483/6483 6482/6482/6482
f 6484/6484/6484 6486/6486/6486 6485/6485/6485
f 6487/6487/6487 6489/6489/6489 6488/6488/6488
f 6490/6490/6490 6492/6492/6492 6491/6491/6491
f 6493/6493/6493 6495/6495/6495 6494/6494/6494
f 6496/6496/6496 6498/6498/6498 6497/6497/6497
f 6499/6499/6499 6501/6501/6501 6500/6500/6500
f 6502/6502/6502 6504/6504/6504 6503/6503/6503
f 6505/6505/6505 6507/6507/6507 6506/6506/6506
f 6508/6508/6508 6510/6510/6510 6509/6509/6509
f 6511/6511/6511 6513/6513/6513 6512/6512/6512
f 6514/6514/6514 6516/6516/6516 6515/6515/6515
f 6517/6517/6517 6519/6519/6519 6518/6518/6518
f 6520/6520/6520 6522/6522/6522 6521/6521/6521
f 6523/6523/6523 6525/6525/6525 6524/6524/6524
f 6526/6526/6526 6528/6528/6528 6527/6527/6527
f 6529/6529/6529 6531/6531/6531 6530/6530/6530
f 6532/6532/6532 6534/6534/6534 6533/6533/6533
f 6535/6535/6535 6537/6537/6537 6536/6536/6536
f 6538/6538/6538 6540/6540/6540 6539/6539/6539
f 6541/6541/6541 6543/6543/6543 6542/6542/6542
f 6544/6544/6544 6546/6546/6546 6545/6545/6545
f 6547/6547/6547 6549/6549/6549 6548/6548/6548
f 6550/6550/6550 6552/6552/6552 6551/6551/6551
f 6553/6553/6553 6555/6555/6555 6554/6554/6554
f 6556/6556/6556 6558/6558/6558 6557/6557/6557
f 6559/6559/6559 6561/6561/6561 6560/6560/6560
f 6562/6562/6562 6564/6564/6564 6563/6563/6563
f 6565/6565/6565 6567/6567/6567 6566/6566/6566
f 6568/6568/6568 6570/6570/6570 6569/6569/6569
f 6571/6571/6571 6573/6573/6573 6572/6572/6572
f 6574/6574/6574 6576/6576/6576 6575/6575/6575
f 6577/6577/6577 6579/6579/6579 6578/6578/6578
f 6580/6580/6580 6582/6582/6582 6581/6581/6581
f 6583/6583/6583 6585/6585/6585 6584/6584/6584
f 6586/6586/6586 6588/6588/6588 6587/6587/6587
f 6589/6589/6589 6591/6591/6591 6590/6590/6590
f 6592/6592/6592 6594/6594/6594 6593/6593/6593
f 6595/6595/6595 6597/6597/6597 6596/6596/6596
f 6598/6598/6598 6600/6600/6600 6599/6599/6599
f 6601/6601/6601 6603/6603/6603 6602/6602/6602
f 6604/6604/6604 6606/6606/6606 6605/6605/6605
f 6607/6607/6607 6609/6609/6609 6608/6608/6608
f 6610/6610/6610 6612/6612/6612 6611/6611/6611
f 6613/6613/6613 6615/6615/6615 6614/6614/6614
f 6616/6616/6616 6618/6618/6618 6617/6617/6617
f 6619/6619/6619 6621/6621/6621 6620/6620/6620
f 6622/6622/6622 6624/6624/6624 6623/6623/6623
f 6625/6625/6625 6627/6627/6627 6626/6626/6626
f 6628/6628/6628 6630/6630/6630 6629/6629/6629
f 6631/6631/6631 6633/6633/6633 6632/6632/6632
f 6634/6634/6634 6636/6636/6636 6635/6635/6635
f 6637/6637/6637 6639/6639/6639 6638/6638/6638
f 6640/6640/6640 6642/6642/6642 6641/6641/6641
f 6643/6643/6643 6645/6645/6645 6644/6644/6644
f 6646/6646/6646 6648/6648/6648 6647/6647/6647
f 6649/6649/6649 6651/6651/6651 6650/6650/6650
f 6652/6652/6652 6654/6654/6654 6653/6653/6653
f 6655/6655/6655 6657/6657/6657 6656/6656/6656
f 6658/6658/6658 6660/6660/6660 6659/6659/6659
f 6661/6661/6661 6663/6663/6663 6662/6662/6662
f 6664/6664/6664 6666/6666/6666 6665/6665/6665
f 6667/6667/6667 6669/6669/6669 6668/6668/6668
f 6670/6670/6670 6672/6672/6672 6671/6671/6671
f 6673/6673/6673 6675/6675/6675 6674/6674/6674
f 6676/6676/6676 6678/6678/6678 6677/6677/6677
f 6679/6679/6679 6681/6681/6681 6680/6680/6680
f 6682/6682/6682 6684/6684/6684 6683/6683/6683
f 6685/6685/6685 6687/6687/6687 6686/6686/6686
f 6688/6688/6688 6690/6690/6690 6689/6689/6689
f 6691/6691/6691 6693/6693/6693 6692/6692/6692
f 6694/6694/6694 6696/6696/6696 6695/6695/6695
f 6697/6697/6697 6699/6699/6699 6698/6698/6698
f 6700/6700/6700 6702/6702/6702 6701/6701/6701
f 6703/6703/6703 6705/6705/6705 6704/6704/6704
f 6706/6706/6706 6708/6708/6708 6707/6707/6707
f 6709/6709/6709 6711/6711/6711 6710/6710/6710
f 6712/6712/6712 6714/6714/6714 6713/6713/6713
f 6715/6715/6715 6717/6717/6717 6716/6716/6716
f 6718/6718/6718 6720/6720/6720 6719/6719/6719
f 6721/6721/6721 6723/6723/6723 6722/6722/6722
f 6724/6724/6724 6726/6726/6726 6725/6725/6725
f 6727/6727/6727 6729/6729/6729 6728/6728/6728
f 6730/6730/6730 6732/6732/6732 6731/6731/6731
f 6733/6733/6733 6735/6735/6735 6734/6734/6734
f 6736/6736/6736 6738/6738/6738 6737/6737/6737
f 6739/6739/6739 6741/6741/6741 6740/6740/6740
f 6742/6742/6742 6744/6744/6744 6743/6743/6743
f 6745/6745/6745 6747/6747/6747 6746/6746/6746
f 6748/6748/6748 6750/6750/6750 6749/6749/6749
f 6751/6751/6751 6753/6753/6753 6752/6752/6752
f 6754/6754/6754 6756/6756/6756 6755/6755/6755
f 6757/6757/6757 6759/6759/6759 6758/6758/6758
f 6760/6760/6760 6762/6762/6762 6761/6761/6761
f 6763/6763/6763 6765/6765/6765 6764/6764/6764
f 6766/6766/6766 6768/6768/6768 6767/6767/6767
f 6769/6769/6769 6771/6771/6771 6770/6770/6770
f 6772/6772/6772 6774/6774/6774 6773/6773/6773
f 6775/6775/6775 6777/6777/6777 6776/6776/6776
f 6778/6778/6778 6780/6780/6780 6779/6779/6779
f 6781/6781/6781 6783/6783/6783 6782/6782/6782
f 6784/6784/6784 6786/6786/6786 6785/6785/6785
f 6787/6787/6787 6789/6789/6789 6788/6788/6788
f 6790/6790/6790 6792/6792/6792 6791/6791/6791
f 6793/6793/6793 6795/6795/6795 6794/6794/6794
f 6796/6796/6796 6798/6798/6798 6797/6797/6797
f 6799/6799/6799 6801/6801/6801 6800/6800/6800
f 6802/6802/6802 6804/6804/6804 6803/6803/6803
f 6805/6805/6805 6807/6807/6807 6806/6806/6806
f 6808/6808/6808 6810/6810/6810 6809/6809/6809
f 6811/6811/6811 6813/6813/6813 6812/6812/6812
f 6814/6814/6814 6816/6816/6816 6815/6815/6815
f 6817/6817/6817 6819/6819/6819 6818/6818/6818
f 6820/6820/6820 6822/6822/6822 6821/6821/6821
f 6823/6823/6823 6825/6825/6825 6824/6824/6824
f 6826/6826/6826 6828/6828/6828 6827/6827/6827
f 6829/6829/6829 6831/6831/6831 6830/6830/6830
f 6832/6832/6832 6834/6834/6834 6833/6833/6833
f 6835/6835/6835 6837/6837/6837 6836/6836/6836
f 6838/6838/6838 6840/6840/6840 6839/6839/6839
f 6841/6841/6841 6843/6843/6843 6842/6842/6842
f 6844/6844/6844 6846/6846/6846 6845/6845/6845
f 6847/6847/6847 6849/6849/6849 6848/6848/6848
f 6850/6850/6850 6852/6852/6852 6851/6851/6851
f 6853/6853/6853 6855/6855/6855 6854/6854/6854
f 6856/6856/6856 6858/6858/6858 6857/6857/6857
f 6859/6859/6859 6861/6861/6861 6860/6860/6860
f 6862/6862/6862 6864/6864/6864 6863/6863/6863
f 6865/6865/6865 6867/6867/6867 6866/6866/6866
f 6868/6868/6868 6870/6870/6870 6869/6869/6869
f 6871/6871/6871 6873/6873/6873 6872/6872/6872
f 6874/6874/6874 6876/6876/6876 6875/6875/6875
f 6877/6877/6877 6879/6879/6879 6878/6878/6878
f 6880/6880/6880 6882/6882/6882 6881/6881/6881
f 6883/6883/6883 6885/6885/6885 6884/6884/6884
f 6886/6886/6886 6888/6888/6888 6887/6887/6887
f 6889/6889/6889 6891/6891/6891 6890/6890/6890
f 6892/6892/6892 6894/6894/6894 6893/6893/6893
f 6895/6895/6895 6897/6897/6897 6896/6896/6896
f 6898/6898/6898 6900/6900/6900 6899/6899/6899
f 6901/6901/6901 6903/6903/6903 6902/6902/6902
f 6904/6904/6904 6906/6906/6906 6905/6905/6905
f 6907/6907/6907 6909/6909/6909 6908/6908/6908
f 6910/6910/6910 6912/6912/6912 6911/6911/6911
f 6913/6913/6913 6915/6915/6915 6914/6914/6914
f 6916/6916/6916 6918/6918/6918 6917/6917/6917
f 6919/6919/6919 6921/6921/6921 6920/6920/6920
f 6922/6922/6922 6924/6924/6924 6923/6923/6923
f 6925/6925/6925 6927/6927/6927 6926/6926/6926
f 6928/6928/6928 6930/6930/6930 6929/6929/6929
f 6931/6931/6931 6933/6933/6933 6932/6932/6932
f 6934/6934/6934 6936/6936/6936 6935/6935/6935
f 6937/6937/6937 6939/6939/6939 6938/6938/6938
f 6940/6940/6940 6942/6942/6942 6941/6941/6941
f 6943/6943/6943 6945/6945/6945 6944/6944/6944
f 6946/6946/6946 6948/6948/6948 6947/6947/6947
f 6949/6949/6949 6951/6951/6951 6950/6950/6950
f 6952/6952/6952 6954/6954/6954 6953/6953/6953
f 6955/6955/6955 6957/6957/6957 6956/6956/6956
f 6958/6958/6958 6960/6960/6960 6959/6959/6959
f 6961/6961/6961 6963/6963/6963 6962/6962/6962
f 6964/6964/6964 6966/6966/6966 6965/6965/6965
f 6967/6967/6967 6969/6969/6969 6968/6968/6968
f 6970/6970/6970 6972/6972/6972 6971/6971/6971
f 6973/6973/6973 6975/6975/6975 6974/6974/6974
f 6976/6976/6976 6978/6978/6978 6977/6977/6977
f 6979/6979/6979 6981/6981/6981 6980/6980/6980
f 6982/6982/6982 6984/6984/6984 6983/6983/6983
f 6985/6985/6985 6987/6987/6987 6986/6986/6986
f 6988/6988/6988 6990/6990/6990 6989/6989/6989
f 6991/6991/6991 6993/6993/6993 6992/6992/6992
f 6994/6994/6994 6996/6996/6996 6995/6995/6995
f 6997/6997/6997 6999/6999/6999 6998/6998/6998
f 7000/7000/7000 7002/7002/7002 7001/7001/7001
f 7003/7003/7003 7005/7005/7005 7004/7004/7004
f 7006/7006/7006 7008/7008/7008 7007/7007/7007
f 7009/7009/7009 7011/7011/7011 7010/7010/7010
f 7012/7012/7012 7014/7014/7014 7013/7013/7013
f 7015/7015/7015 7017/7017/7017 7016/7016/7016
f 7018/7018/7018 7020/7020/7020 7019/7019/7019
f 7021/7021/7021 7023/7023/7023 7022/7022/7022
f 7024/7024/7024 7026/7026/7026 7025/7025/7025
f 7027/7027/7027 7029/7029/7029 7028/7028/7028
f 7030/7030/7030 7032/7032/7032 7031/7031/7031
f 7033/7033/7033 7035/7035/7035 7034/7034/7034
f 7036/7036/7036 7038/7038/7038 7037/7037/7037
f 7039/7039/7039 7041/7041/7041 7040/7040/7040
f 7042/7042/7042 7044/7044/7044 7043/7043/7043
f 7045/7045/7045 7047/7047/7047 7046/7046/7046
f 7048/7048/7048 7050/7050/7050 7049/7049/7049
f 7051/7051/7051 7053/7053/7053 7052/7052/7052
f 7054/7054/7054 7056/7056/7056 7055/7055/7055
f 7057/7057/7057 7059/7059/7059 7058/7058/7058
f 7060/7060/7060 7062/7062/7062 7061/7061/7061
f 7063/7063/7063 7065/7065/7065 7064/7064/7064
f 7066/7066/7066 7068/7068/7068 7067/7067/7067
f 7069/7069/7069 7071/7071/7071 7070/7070/7070
f 7072/7072/7072 7074/7074/7074 7073/7073/7073
f 7075/7075/7075 7077/7077/7077 7076/7076/7076
f 7078/7078/7078 7080/7080/7080 7079/7079/7079
f 7081/7081/7081 7083/7083/7083 7082/7082/7082
f 7084/7084/7084 7086/7086/7086 7085/7085/7085
f 7087/7087/7087 7089/7089/7089 7088/7088/7088
f 7090/7090/7090 7092/7092/7092 7091/7091/7091
f 7093/7093/7093 7095/7095/7095 7094/7094/7094
f 7096/7096/7096 7098/7098/7098 7097/7097/7097
f 7099/7099/7099 7101/7101/7101 7100/7100/7100
f 7102/7102/7102 7104/7104/7104 7103/7103/7103
f 7105/7105/7105 7107/7107/7107 7106/7106/7106
f 7108/7108/7108 7110/7110/7110 7109/7109/7109
f 7111/7111/7111 7113/7113/7113 7112/7112/7112
f 7114/7114/7114 7116/7116/7116 7115/7115/7115
f 7117/7117/7117 7119/7119/7119 7118/7118/7118
f 7120/7120/7120 7122/7122/7122 7121/7121/7121
f 7123/7123/7123 7125/7125/7125 7124/7124/7124
f 7126/7126/7126 7128/7128/7128 7127/7127/7127
f 7129/7129/7129 7131/7131/7131 7130/7130/7130
f 7132/7132/7132 7134/7134/7134 7133/7133/7133
f 7135/7135/7135 7137/7137/7137 7136/7136/7136
f 7138/7138/7138 7140/7140/7140 7139/7139/7139
f 7141/7141/7141 7143/7143/7143 7142/7142/7142
f 7144/7144/7144 7146/7146/7146 7145/7145/7145
f 7147/7147/7147 7149/7149/7149 7148/7148/7148
f 7150/7150/7150 7152/7152/7152 7151/7151/7151
f 7153/7153/7153 7155/7155/7155 7154/7154/7154
f 7156/7156/7156 7158/7158/7158 7157/7157/7157
f 7159/7159/7159 7161/7161/7161 7160/7160/7160
f 7162/7162/7162 7164/7164/7164 7163/7163/7163
f 7165/7165/7165 7167/7167/7167 7166/7166/7166
f 7168/7168/7168 7170/7170/7170 7169/7169/7169
f 7171/7171/7171 7173/7173/7173 7172/7172/7172
f 7174/7174/7174 7176/7176/7176 7175/7175/7175
f 7177/7177/7177 7179/7179/7179 7178/7178/7178
f 7180/7180/7180 7182/7182/7182 7181/7181/7181
f 7183/7183/7183 7185/7185/7185 7184/7184/7184
f 7186/7186/7186 7188/7188/7188 7187/7187/7187
f 7189/7189/7189 7191/7191/7191 7190/7190/7190
f 7192/7192/7192 7194/7194/7194 7193/7193/7193
f 7195/7195/7195 7197/7197/7197 7196/7196/7196
f 7198/7198/7198 7200/7200/7200 7199/7199/7199
f 7201/7201/7201 7203/7203/7203 7202/7202/7202
f 7204/7204/7204 7206/7206/7206 7205/7205/7205
f 7207/7207/7207 7209/7209/7209 7208/7208/7208
f 7210/7210/7210 7212/7212/7212 7211/7211/7211
f 7213/7213/7213 7215/7215/7215 7214/7214/7214
f 7216/7216/7216 7218/7218/7218 7217/7217/7217
f 7219/7219/7219 7221/7221/7221 7220/7220/7220
f 7222/7222/7222 7224/7224/7224 7223/7223/7223
f 7225/7225/7225 7227/7227/7227 7226/7226/7226
f 7228/7228/7228 7230/7230/7230 7229/7229/7229
f 7231/7231/7231 7233/7233/7233 7232/7232/7232
f 7234/7234/7234 7236/7236/7236 7235/7235/7235
f 7237/7237/7237 7239/7239/7239 7238/7238/7238
f 7240/7240/7240 7242/7242/7242 7241/7241/7241
f 7243/7243/7243 7245/7245/7245 7244/7244/7244
f 7246/7246/7246 7248/7248/7248 7247/7247/7247
f 7249/7249/7249 7251/7251/7251 7250/7250/7250
f 7252/7252/7252 7254/7254/7254 7253/7253/7253
f 7255/7255/7255 7257/7257/7257 7256/7256/7256
f 7258/7258/7258 7260/7260/7260 7259/7259/7259
f 7261/7261/7261 7263/7263/7263 7262/7262/7262
f 7264/7264/7264 7266/7266/7266 7265/7265/7265
f 7267/7267/7267 7269/7269/7269 7268/7268/7268
f 7270/7270/7270 7272/7272/7272 7271/7271/7271
f 7273/7273/7273 7275/7275/7275 7274/7274/7274
f 7276/7276/7276 7278/7278/7278 7277/7277/7277
f 7279/7279/7279 7281/7281/7281 7280/7280/7280
f 7282/7282/7282 7284/7284/7284 7283/7283/7283
f 7285/7285/7285 7287/7287/7287 7286/7286/7286
f 7288/7288/7288 7290/7290/7290 7289/7289/7289
f 7291/7291/7291 7293/7293/7293 7292/7292/7292
f 7294/7294/7294 7296/7296/7296 7295/7295/7295
f 7297/7297/7297 7299/7299/7299 7298/7298/7298
f 7300/7300/7300 7302/7302/7302 7301/7301/7301
f 7303/7303/7303 7305/7305/7305 7304/7304/7304
f 7306/7306/7306 7308/7308/7308 7307/7307/7307
f 7309/7309/7309 7311/7311/7311 7310/7310/7310
f 7312/7312/7312 7314/7314/7314 7313/7313/7313
f 7315/7315/7315 7317/7317/7317 7316/7316/7316
f 7318/7318/7318 7320/7320/7320 7319/7319/7319
f 7321/7321/7321 7323/7323/7323 7322/7322/7322
f 7324/7324/7324 7326/7326/7326 7325/7325/7325
f 7327/7327/7327 7329/7329/7329 7328/7328/7328
f 7330/7330/7330 7332/7332/7332 7331/7331/7331
f 7333/7333/7333 7335/7335/7335 7334/7334/7334
f 7336/7336/7336 7338/7338/7338 7337/7337/7337
f 7339/7339/7339 7341/7341/7341 7340/7340/7340
f 7342/7342/7342 7344/7344/7344 7343/7343/7343
f 7345/7345/7345 7347/7347/7347 7346/7346/7346
f 7348/7348/7348 7350/7350/7350 7349/7349/7349
f 7351/7351/7351 7353/7353/7353 7352/7352/7352
f 7354/7354/7354 7356/7356/7356 7355/7355/7355
f 7357/7357/7357 7359/7359/7359 7358/7358/7358
f 7360/7360/7360 7362/7362/7362 7361/7361/7361
f 7363/7363/7363 7365/7365/7365 7364/7364/7364
f 7366/7366/7366 7368/7368/7368 7367/7367/7367
f 7369/7369/7369 7371/7371/7371 7370/7370/7370
f 7372/7372/7372 7374/7374/7374 7373/7373/7373
f 7375/7375/7375 7377/7377/7377 7376/7376/7376
f 7378/7378/7378 7380/7380/7380 7379/7379/7379
f 7381/7381/7381 7383/7383/7383 7382/7382/7382
f 7384/7384/7384 7386/7386/7386 7385/7385/7385
f 7387/7387/7387 7389/7389/7389 7388/7388/7388
f 7390/7390/7390 7392/7392/7392 7391/7391/7391
f 7393/7393/7393 7395/7395/7395 7394/7394/7394
f 7396/7396/7396 7398/7398/7398 7397/7397/7397
f 7399/7399/7399 7401/7401/7401 7400/7400/7400
f 7402/7402/7402 7404/7404/7404 7403/7403/7403
f 7405/7405/7405 7407/7407/7407 7406/7406/7406
f 7408/7408/7408 7410/7410/7410 7409/7409/7409
f 7411/7411/7411 7413/7413/7413 7412/7412/7412
f 7414/7414/7414 7416/7416/7416 7415/7415/7415
f 7417/7417/7417 7419/7419/7419 7418/7418/7418
f 7420/7420/7420 7422/7422/7422 7421/7421/7421
f 7423/7423/7423 7425/7425/7425 7424/7424/7424
f 7426/7426/7426 7428/7428/7428 7427/7427/7427
f 7429/7429/7429 7431/7431/7431 7430/7430/7430
f 7432/7432/7432 7434/7434/7434 7433/7433/7433
f 7435/7435/7435 7437/7437/7437 7436/7436/7436
f 7438/7438/7438 7440/7440/7440 7439/7439/7439
f 7441/7441/7441 7443/7443/7443 7442/7442/7442
f 7444/7444/7444 7446/7446/7446 7445/7445/7445
f 7447/7447/7447 7449/7449/7449 7448/7448/7448
f 7450/7450/7450 7452/7452/7452 7451/7451/7451
f 7453/7453/7453 7455/7455/7455 7454/7454/7454
f 7456/7456/7456 7458/7458/7458 7457/7457/7457
f 7459/7459/7459 7461/7461/7461 7460/7460/7460
f 7462/7462/7462 7464/7464/7464 7463/7463/7463
f 7465/7465/7465 7467/7467/7467 7466/7466/7466
f 7468/7468/7468 7470/7470/7470 7469/7469/7469
f 7471/7471/7471 7473/7473/7473 7472/7472/7472
f 7474/7474/7474 7476/7476/7476 7475/7475/7475
f 7477/7477/7477 7479/7479/7479 7478/7478/7478
f 7480/7480/7480 7482/7482/7482 7481/7481/7481
f 7483/7483/7483 7485/7485/7485 7484/7484/7484
f 7486/7486/7486 7488/7488/7488 7487/7487/7487
f 7489/7489/7489 7491/7491/7491 7490/7490/7490
f 7492/7492/7492 7494/7494/7494 7493/7493/7493
f 7495/7495/7495 7497/7497/7497 7496/7496/7496
f 7498/7498/7498 7500/7500/7500 7499/7499/7499
f 7501/7501/7501 7503/7503/7503 7502/7502/7502
f 7504/7504/7504 7506/7506/7506 7505/7505/7505
f 7507/7507/7507 7509/7509/7509 7508/7508/7508
f 7510/7510/7510 7512/7512/7512 7511/7511/7511
f 7513/7513/7513 7515/7515/7515 7514/7514/7514
f 7516/7516/7516 7518/7518/7518 7517/7517/7517
f 7519/7519/7519 7521/7521/7521 7520/7520/7520
f 7522/7522/7522 7524/7524/7524 7523/7523/7523
f 7525/7525/7525 7527/7527/7527 7526/7526/7526
f 7528/7528/7528 7530/7530/7530 7529/7529/7529
f 7531/7531/7531 7533/7533/7533 7532/7532/7532
f 7534/7534/7534 7536/7536/7536 7535/7535/7535
f 7537/7537/7537 7539/7539/7539 7538/7538/7538
f 7540/7540/7540 7542/7542/7542 7541/7541/7541
f 7543/7543/7543 7545/7545/7545 7544/7544/7544
f 7546/7546/7546 7548/7548/7548 7547/7547/7547
f 7549/7549/7549 7551/7551/7551 7550/7550/7550
f 7552/7552/7552 7554/7554/7554 7553/7553/7553
f 7555/7555/7555 7557/7557/7557 7556/7556/7556
f 7558/7558/7558 7560/7560/7560 7559/7559/7559
f 7561/7561/7561 7563/7563/7563 7562/7562/7562
f 7564/7564/7564 7566/7566/7566 7565/7565/7565
f 7567/7567/7567 7569/7569/7569 7568/7568/7568
f 7570/7570/7570 7572/7572/7572 7571/7571/7571
f 7573/7573/7573 7575/7575/7575 7574/7574/7574
f 7576/7576/7576 7578/7578/7578 7577/7577/7577
f 7579/7579/7579 7581/7581/7581 7580/7580/7580
f 7582/7582/7582 7584/7584/7584 7583/7583/7583
f 7585/7585/7585 7587/7587/7587 7586/7586/7586
f 7588/7588/7588 7590/7590/7590 7589/7589/7589
f 7591/7591/7591 7593/7593/7593 7592/7592/7592
f 7594/7594/7594 7596/7596/7596 7595/7595/7595
f 7597/7597/7597 7599/7599/7599 7598/7598/7598
f 7600/7600/7600 7602/7602/7602 7601/7601/7601
f 7603/7603/7603 7605/7605/7605 7604/7604/7604
f 7606/7606/7606 7608/7608/7608 7607/7607/7607
f 7609/7609/7609 7611/7611/7611 7610/7610/7610
f 7612/7612/7612 7614/7614/7614 7613/7613/7613
f 7615/7615/7615 7617/7617/7617 7616/7616/7616
f 7618/7618/7618 7620/7620/7620 7619/7619/7619
f 7621/7621/7621 7623/7623/7623 7622/7622/7622
f 7624/7624/7624 7626/7626/7626 7625/7625/7625
f 7627/7627/7627 7629/7629/7629 7628/7628/7628
f 7630/7630/7630 7632/7632/7632 7631/7631/7631
f 7633/7633/7633 7635/7635/7635 7634/7634/7634
f 7636/7636/7636 7638/7638/7638 7637/7637/7637
f 7639/7639/7639 7641/7641/7641 7640/7640/7640
f 7642/7642/7642 7644/7644/7644 7643/7643/7643
f 7645/7645/7645 7647/7647/7647 7646/7646/7646
f 7648/7648/7648 7650/7650/7650 7649/7649/7649
f 7651/7651/7651 7653/7653/7653 7652/7652/7652
f 7654/7654/7654 7656/7656/7656 7655/7655/7655
f 7657/7657/7657 7659/7659/7659 7658/7658/7658
f 7660/7660/7660 7662/7662/7662 7661/7661/7661
f 7663/7663/7663 7665/7665/7665 7664/7664/7664
f 7666/7666/7666 7668/7668/7668 7667/7667/7667
f 7669/7669/7669 7671/7671/7671 7670/7670/7670
f 7672/7672/7672 7674/7674/7674 7673/7673/7673
f 7675/7675/7675 7677/7677/7677 7676/7676/7676
f 7678/7678/7678 7680/7680/7680 7679/7679/7679
f 7681/7681/7681 7683/7683/7683 7682/7682/7682
f 7684/7684/7684 7686/7686/7686 7685/7685/7685
f 7687/7687/7687 7689/7689/7689 7688/7688/7688
f 7690/7690/7690 7692/7692/7692 7691/7691/7691
f 7693/7693/7693 7695/7695/7695 7694/7694/7694
f 7696/7696/7696 7698/7698/7698 7697/7697/7697
f 7699/7699/7699 7701/7701/7701 7700/7700/7700
f 7702/7702/7702 7704/7704/7704 7703/7703/7703
f 7705/7705/7705 7707/7707/7707 7706/7706/7706
f 7708/7708/7708 7710/7710/7710 7709/7709/7709
f 7711/7711/7711 7713/7713/7713 7712/7712/7712
f 7714/7714/7714 7716/7716/7716 7715/7715/7715
f 7717/7717/7717 7719/7719/7719 7718/7718/7718
f 7720/7720/7720 7722/7722/7722 7721/7721/7721
f 7723/7723/7723 7725/7725/7725 7724/7724/7724
f 7726/7726/7726 7728/7728/7728 7727/7727/7727
f 7729/7729/7729 7731/7731/7731 7730/7730/7730
f 7732/7732/7732 7734/7734/7734 7733/7733/7733
f 7735/7735/7735 7737/7737/7737 7736/7736/7736
f 7738/7738/7738 7740/7740/7740 7739/7739/7739
f 7741/7741/7741 7743/7743/7743 7742/7742/7742
f 7744/7744/7744 7746/7746/7746 7745/7745/7745
f 7747/7747/7747 7749/7749/7749 7748/7748/7748
f 7750/7750/7750 7752/7752/7752 7751/7751/7751
f 7753/7753/7753 7755/7755/7755 7754/7754/7754
f 7756/7756/7756 7758/7758/7758 7757/7757/7757
f 7759/7759/7759 7761/7761/7761 7760/7760/7760
f 7762/7762/7762 7764/7764/7764 7763/7763/7763
f 7765/7765/7765 7767/7767/7767 7766/7766/7766
f 7768/7768/7768 7770/7770/7770 7769/7769/7769
f 7771/7771/7771 7773/7773/7773 7772/7772/7772
f 7774/7774/7774 7776/7776/7776 7775/7775/7775
f 7777/7777/7777 7779/7779/7779 7778/7778/7778
f 7780/7780/7780 7782/7782/7782 7781/7781/7781
f 7783/7783/7783 7785/7785/7785 7784/7784/7784
f 7786/7786/7786 7788/7788/7788 7787/7787/7787
f 7789/7789/7789 7791/7791/7791 7790/7790/7790
f 7792/7792/7792 7794/7794/7794 7793/7793/7793
f 7795/7795/7795 7797/7797/7797 7796/7796/7796
f 7798/7798/7798 7800/7800/7800 7799/7799/7799
f 7801/7801/7801 7803/7803/7803 7802/7802/7802
f 7804/7804/7804 7806/7806/7806 7805/7805/7805
f 7807/7807/7807 7809/7809/7809 7808/7808/7808
f 7810/7810/7810 7812/7812/7812 7811/7811/7811
f 7813/7813/7813 7815/7815/7815 7814/7814/7814
f 7816/7816/7816 7818/7818/7818 7817/7817/7817
f 7819/7819/7819 7821/7821/7821 7820/7820/7820
f 7822/7822/7822 7824/7824/7824 7823/7823/7823
f 7825/7825/7825 7827/7827/7827 7826/7826/7826
f 7828/7828/7828 7830/7830/7830 7829/7829/7829
f 7831/7831/7831 7833/7833/7833 7832/7832/7832
f 7834/7834/7834 7836/7836/7836 7835/7835/7835
f 7837/7837/7837 7839/7839/7839 7838/7838/7838
f 7840/7840/7840 7842/7842/7842 7841/7841/7841
f 7843/7843/7843 7845/7845/7845 7844/7844/7844
f 7846/7846/7846 7848/7848/7848 7847/7847/7847
f 7849/7849/7849 7851/7851/7851 7850/7850/7850
f 7852/7852/7852 7854/7854/7854 7853/7853/7853
f 7855/7855/7855 7857/7857/7857 7856/7856/7856
f 7858/7858/7858 7860/7860/7860 7859/7859/7859
f 7861/7861/7861 7863/7863/7863 7862/7862/7862
f 7864/7864/7864 7866/7866/7866 7865/7865/7865
f 7867/7867/7867 7869/7869/7869 7868/7868/7868
f 7870/7870/7870 7872/7872/7872 7871/7871/7871
f 7873/7873/7873 7875/7875/7875 7874/7874/7874
f 7876/7876/7876 7878/7878/7878 7877/7877/7877
f 7879/7879/7879 7881/7881/7881 7880/7880/7880
f 7882/7882/7882 7884/7884/7884 7883/7883/7883
f 7885/7885/7885 7887/7887/7887 7886/7886/7886
f 7888/7888/7888 7890/7890/7890 7889/7889/7889
f 7891/7891/7891 7893/7893/7893 7892/7892/7892
f 7894/7894/7894 7896/7896/7896 7895/7895/7895
f 7897/7897/7897 7899/7899/7899 7898/7898/7898
f 7900/7900/7900 7902/7902/7902 7901/7901/7901
f 7903/7903/7903 7905/7905/7905 7904/7904/7904
f 7906/7906/7906 7908/7908/7908 7907/7907/7907
f 7909/7909/7909 7911/7911/7911 7910/7910/7910
f 7912/7912/7912 7914/7914/7914 7913/7913/7913
f 7915/7915/7915 7917/7917/7917 7916/7916/7916
f 7918/7918/7918 7920/7920/7920 7919/7919/7919
f 7921/7921/7921 7923/7923/7923 7922/7922/7922
f 7924/7924/7924 7926/7926/7926 7925/7925/7925
f 7927/7927/7927 7929/7929/7929 7928/7928/7928
f 7930/7930/7930 7932/7932/7932 7931/7931/7931
f 7933/7933/7933 7935/7935/7935 7934/7934/7934
f 7936/7936/7936 7938/7938/7938 7937/7937/7937
f 7939/7939/7939 7941/7941/7941 7940/7940/7940
f 7942/7942/7942 7944/7944/7944 7943/7943/7943
f 7945/7945/7945 7947/7947/7947 7946/7946/7946
f 7948/7948/7948 7950/7950/7950 7949/7949/7949
f 7951/7951/7951 7953/7953/7953 7952/7952/7952
f 7954/7954/7954 7956/7956/7956 7955/7955/7955
f 7957/7957/7957 7959/7959/7959 7958/7958/7958
f 7960/7960/7960 7962/7962/7962 7961/7961/7961
f 7963/7963/7963 7965/7965/7965 7964/7964/7964
f 7966/7966/7966 7968/7968/7968 7967/7967/7967
